
==========================================================================
02_croc.gpl1 check_setup
--------------------------------------------------------------------------
0

==========================================================================
02_croc.gpl1 report_tns
--------------------------------------------------------------------------
tns -305849.44

==========================================================================
02_croc.gpl1 report_wns
--------------------------------------------------------------------------
wns -72.79

==========================================================================
02_croc.gpl1 report_worst_slack
--------------------------------------------------------------------------
worst slack -72.79

==========================================================================
02_croc.gpl1 report_checks -path_delay min
--------------------------------------------------------------------------
Startpoint: i_croc_soc/i_rstgen.i_rstgen_bypass.synch_regs_q_3__reg
            (rising edge-triggered flip-flop clocked by clk_sys)
Endpoint: i_croc_soc/i_croc/all_periph_obi_rsp_100__reg
          (removal check against rising-edge clock clk_sys)
Path Group: asynchronous
Path Type: min
Corner: ff

Fanout     Cap    Slew   Delay    Time   Description
-----------------------------------------------------------------------------
                  0.20    0.00    0.00   clock clk_sys (rise edge)
                          0.00    0.00   clock network delay (ideal)
                  0.20    0.00    0.00 ^ i_croc_soc/i_rstgen.i_rstgen_bypass.synch_regs_q_3__reg/CLK (sg13g2_dfrbp_1)
     2    0.01    0.03    0.20    0.20 ^ i_croc_soc/i_rstgen.i_rstgen_bypass.synch_regs_q_3__reg/Q (sg13g2_dfrbp_1)
                                         i_croc_soc/i_rstgen.i_rstgen_bypass.synch_regs_q_3_ (net)
                  0.03    0.00    0.20 ^ i_croc_soc/i_rstgen.i_rstgen_bypass.i_tc_clk_mux2_rst_no/i_mux/A0 (sg13g2_mux2_1)
  3963   27.95   72.12   49.23   49.43 ^ i_croc_soc/i_rstgen.i_rstgen_bypass.i_tc_clk_mux2_rst_no/i_mux/X (sg13g2_mux2_1)
                                         i_croc_soc/i_rstgen.i_rstgen_bypass.rst_no (net)
                 72.12    0.00   49.43 ^ i_croc_soc/i_croc/all_periph_obi_rsp_100__reg/RESET_B (sg13g2_dfrbp_1)
                                 49.43   data arrival time

                  0.20    0.00    0.00   clock clk_sys (rise edge)
                          0.00    0.00   clock network delay (ideal)
                          0.10    0.10   clock uncertainty
                          0.00    0.10   clock reconvergence pessimism
                                  0.10 ^ i_croc_soc/i_croc/all_periph_obi_rsp_100__reg/CLK (sg13g2_dfrbp_1)
                         -7.23   -7.13   library removal time
                                 -7.13   data required time
-----------------------------------------------------------------------------
                                 -7.13   data required time
                                -49.43   data arrival time
-----------------------------------------------------------------------------
                                 56.55   slack (MET)


Startpoint: i_croc_soc/i_croc/i_dmi_jtag/i_dmi_cdc.i_cdc_req/i_cdc_reset_ctrlr/i_cdc_reset_ctrlr_half_a/i_state_transition_cdc_dst/i_sync/reg_q_0__reg
            (rising edge-triggered flip-flop clocked by clk_jtg)
Endpoint: i_croc_soc/i_croc/i_dmi_jtag/i_dmi_cdc.i_cdc_req/i_cdc_reset_ctrlr/i_cdc_reset_ctrlr_half_a/i_state_transition_cdc_dst/i_sync/serial_o_reg
          (rising edge-triggered flip-flop clocked by clk_jtg)
Path Group: clk_jtg
Path Type: min
Corner: ff

Fanout     Cap    Slew   Delay    Time   Description
-----------------------------------------------------------------------------
                  0.20    0.00    0.00   clock clk_jtg (rise edge)
                          0.00    0.00   clock network delay (ideal)
                  0.20    0.00    0.00 ^ i_croc_soc/i_croc/i_dmi_jtag/i_dmi_cdc.i_cdc_req/i_cdc_reset_ctrlr/i_cdc_reset_ctrlr_half_a/i_state_transition_cdc_dst/i_sync/reg_q_0__reg/CLK (sg13g2_dfrbp_1)
     1    0.00    0.01    0.18    0.18 v i_croc_soc/i_croc/i_dmi_jtag/i_dmi_cdc.i_cdc_req/i_cdc_reset_ctrlr/i_cdc_reset_ctrlr_half_a/i_state_transition_cdc_dst/i_sync/reg_q_0__reg/Q (sg13g2_dfrbp_1)
                                         i_croc_soc/i_croc/i_dmi_jtag/i_dmi_cdc.i_cdc_req/i_cdc_reset_ctrlr/i_cdc_reset_ctrlr_half_a/i_state_transition_cdc_dst/i_sync/reg_q_0_ (net)
                  0.01    0.00    0.18 v i_croc_soc/i_croc/i_dmi_jtag/i_dmi_cdc.i_cdc_req/i_cdc_reset_ctrlr/i_cdc_reset_ctrlr_half_a/i_state_transition_cdc_dst/i_sync/serial_o_reg/D (sg13g2_dfrbp_1)
                                  0.18   data arrival time

                  0.20    0.00    0.00   clock clk_jtg (rise edge)
                          0.00    0.00   clock network delay (ideal)
                          0.10    0.10   clock uncertainty
                          0.00    0.10   clock reconvergence pessimism
                                  0.10 ^ i_croc_soc/i_croc/i_dmi_jtag/i_dmi_cdc.i_cdc_req/i_cdc_reset_ctrlr/i_cdc_reset_ctrlr_half_a/i_state_transition_cdc_dst/i_sync/serial_o_reg/CLK (sg13g2_dfrbp_1)
                          0.01    0.11   library hold time
                                  0.11   data required time
-----------------------------------------------------------------------------
                                  0.11   data required time
                                 -0.18   data arrival time
-----------------------------------------------------------------------------
                                  0.07   slack (MET)


Startpoint: i_croc_soc/i_croc/i_dm_top.i_dm_top/master_add_o[10]_reg
            (rising edge-triggered flip-flop clocked by clk_sys)
Endpoint: i_croc_soc/i_croc/gen_sram_bank[1].i_sram/gen_512x32xBx1.i_cut
          (rising edge-triggered flip-flop clocked by clk_sys)
Path Group: clk_sys
Path Type: min
Corner: ff

Fanout     Cap    Slew   Delay    Time   Description
-----------------------------------------------------------------------------
                  0.20    0.00    0.00   clock clk_sys (rise edge)
                          0.00    0.00   clock network delay (ideal)
                  0.20    0.00    0.00 ^ i_croc_soc/i_croc/i_dm_top.i_dm_top/master_add_o[10]_reg/CLK (sg13g2_dfrbp_1)
     8    0.03    0.07    0.23    0.23 ^ i_croc_soc/i_croc/i_dm_top.i_dm_top/master_add_o[10]_reg/Q (sg13g2_dfrbp_1)
                                         i_croc_soc/i_croc/i_dm_top.master_addr_o_10_ (net)
                  0.07    0.00    0.23 ^ i_croc_soc/i_croc/_07209_/A (sg13g2_nand3_1)
     1    0.00    0.05    0.06    0.28 v i_croc_soc/i_croc/_07209_/Y (sg13g2_nand3_1)
                                         i_croc_soc/i_croc/_02146_ (net)
                  0.05    0.00    0.28 v i_croc_soc/i_croc/_07211_/B (sg13g2_nand3_1)
     1    0.00    0.03    0.03    0.32 ^ i_croc_soc/i_croc/_07211_/Y (sg13g2_nand3_1)
                                         i_croc_soc/i_croc/_02148_ (net)
                  0.03    0.00    0.32 ^ i_croc_soc/i_croc/_07212_/B (sg13g2_and2_1)
     1    0.01    0.03    0.06    0.38 ^ i_croc_soc/i_croc/_07212_/X (sg13g2_and2_1)
                                         i_croc_soc/i_croc/all_sbr_obi_req_274_ (net)
                  0.04    0.00    0.38 ^ i_croc_soc/i_croc/gen_sram_bank[1].i_sram/gen_512x32xBx1.i_cut/A_ADDR[7] (RM_IHPSG13_1P_256x64_c2_bm_bist)
                                  0.38   data arrival time

                  0.20    0.00    0.00   clock clk_sys (rise edge)
                          0.00    0.00   clock network delay (ideal)
                          0.10    0.10   clock uncertainty
                          0.00    0.10   clock reconvergence pessimism
                                  0.10 ^ i_croc_soc/i_croc/gen_sram_bank[1].i_sram/gen_512x32xBx1.i_cut/A_CLK (RM_IHPSG13_1P_256x64_c2_bm_bist)
                          0.47    0.57   library hold time
                                  0.57   data required time
-----------------------------------------------------------------------------
                                  0.57   data required time
                                 -0.38   data arrival time
-----------------------------------------------------------------------------
                                 -0.19   slack (VIOLATED)



==========================================================================
02_croc.gpl1 report_checks -path_delay max
--------------------------------------------------------------------------
Startpoint: i_croc_soc/i_rstgen.i_rstgen_bypass.synch_regs_q_3__reg
            (rising edge-triggered flip-flop clocked by clk_sys)
Endpoint: i_croc_soc/i_croc/all_periph_obi_rsp_100__reg
          (recovery check against rising-edge clock clk_sys)
Path Group: asynchronous
Path Type: max
Corner: tt

Fanout     Cap    Slew   Delay    Time   Description
-----------------------------------------------------------------------------
                  0.20    0.00    0.00   clock clk_sys (rise edge)
                          0.00    0.00   clock network delay (ideal)
                  0.20    0.00    0.00 ^ i_croc_soc/i_rstgen.i_rstgen_bypass.synch_regs_q_3__reg/CLK (sg13g2_dfrbp_1)
     2    0.01    0.04    0.28    0.28 ^ i_croc_soc/i_rstgen.i_rstgen_bypass.synch_regs_q_3__reg/Q (sg13g2_dfrbp_1)
                                         i_croc_soc/i_rstgen.i_rstgen_bypass.synch_regs_q_3_ (net)
                  0.04    0.00    0.28 ^ i_croc_soc/i_rstgen.i_rstgen_bypass.i_tc_clk_mux2_rst_no/i_mux/A0 (sg13g2_mux2_1)
  3963   25.94  104.19   71.78   72.07 ^ i_croc_soc/i_rstgen.i_rstgen_bypass.i_tc_clk_mux2_rst_no/i_mux/X (sg13g2_mux2_1)
                                         i_croc_soc/i_rstgen.i_rstgen_bypass.rst_no (net)
                104.19    0.00   72.07 ^ i_croc_soc/i_croc/all_periph_obi_rsp_100__reg/RESET_B (sg13g2_dfrbp_1)
                                 72.07   data arrival time

                  0.20   12.50   12.50   clock clk_sys (rise edge)
                          0.00   12.50   clock network delay (ideal)
                         -0.10   12.40   clock uncertainty
                          0.00   12.40   clock reconvergence pessimism
                                 12.40 ^ i_croc_soc/i_croc/all_periph_obi_rsp_100__reg/CLK (sg13g2_dfrbp_1)
                        -13.13   -0.73   library recovery time
                                 -0.73   data required time
-----------------------------------------------------------------------------
                                 -0.73   data required time
                                -72.07   data arrival time
-----------------------------------------------------------------------------
                                -72.79   slack (VIOLATED)


Startpoint: i_croc_soc/i_croc/i_dmi_jtag/i_dmi_cdc.i_cdc_req/i_dst/async_ack_o_reg
            (rising edge-triggered flip-flop clocked by clk_sys)
Endpoint: i_croc_soc/i_croc/i_dmi_jtag/i_dmi_cdc.i_cdc_req/i_dst/data_o[0]_reg
          (rising edge-triggered flip-flop clocked by clk_sys)
Path Group: path delay
Path Type: max
Corner: tt

Fanout     Cap    Slew   Delay    Time   Description
-----------------------------------------------------------------------------
                  0.20    0.00    0.00 ^ i_croc_soc/i_croc/i_dmi_jtag/i_dmi_cdc.i_cdc_req/i_dst/async_ack_o_reg/CLK (sg13g2_dfrbp_1)
     6    0.02    0.07    0.30    0.30 v i_croc_soc/i_croc/i_dmi_jtag/i_dmi_cdc.i_cdc_req/i_dst/async_ack_o_reg/Q (sg13g2_dfrbp_1)
                                         i_croc_soc/i_croc/i_dmi_jtag/i_dmi_cdc.i_cdc_req/async_ack (net)
                  0.07    0.00    0.30 v i_croc_soc/i_croc/i_dmi_jtag/i_dmi_cdc.i_cdc_req/i_dst/_107_/A1 (sg13g2_o21ai_1)
    82    0.42    4.02    2.96    3.25 ^ i_croc_soc/i_croc/i_dmi_jtag/i_dmi_cdc.i_cdc_req/i_dst/_107_/Y (sg13g2_o21ai_1)
                                         i_croc_soc/i_croc/i_dmi_jtag/i_dmi_cdc.i_cdc_req/i_dst/_047_ (net)
                  4.02    0.00    3.25 ^ i_croc_soc/i_croc/i_dmi_jtag/i_dmi_cdc.i_cdc_req/i_dst/_155_/S (sg13g2_mux2_1)
     1    0.00    0.08    0.52    3.78 v i_croc_soc/i_croc/i_dmi_jtag/i_dmi_cdc.i_cdc_req/i_dst/_155_/X (sg13g2_mux2_1)
                                         i_croc_soc/i_croc/i_dmi_jtag/i_dmi_cdc.i_cdc_req/i_dst/_001_ (net)
                  0.08    0.00    3.78 v i_croc_soc/i_croc/i_dmi_jtag/i_dmi_cdc.i_cdc_req/i_dst/data_o[0]_reg/D (sg13g2_dfrbp_1)
                                  3.78   data arrival time

                          4.38    4.38   max_delay
                         -0.09    4.29   library setup time
                                  4.29   data required time
-----------------------------------------------------------------------------
                                  4.29   data required time
                                 -3.78   data arrival time
-----------------------------------------------------------------------------
                                  0.51   slack (MET)


Startpoint: i_croc_soc/i_croc/i_dmi_jtag/td_o_reg
            (rising edge-triggered flip-flop clocked by clk_jtg')
Endpoint: jtag_tdo_o (output port clocked by clk_jtg)
Path Group: clk_jtg
Path Type: max
Corner: tt

Fanout     Cap    Slew   Delay    Time   Description
-----------------------------------------------------------------------------
                  0.20   10.00   10.00   clock clk_jtg' (rise edge)
                          0.00   10.00   clock network delay (ideal)
                  0.20    0.00   10.00 ^ i_croc_soc/i_croc/i_dmi_jtag/td_o_reg/CLK (sg13g2_dfrbp_1)
     1    0.04    0.17    0.37   10.37 ^ i_croc_soc/i_croc/i_dmi_jtag/td_o_reg/Q (sg13g2_dfrbp_1)
                                         soc_jtag_tdo_o (net)
                  0.23    0.00   10.37 ^ pad_jtag_tdo_o/c2p (sg13g2_IOPadOut16mA)
     1   15.00    3.55    3.21   13.58 ^ pad_jtag_tdo_o/pad (sg13g2_IOPadOut16mA)
                                         jtag_tdo_o (net)
                  2.66    0.00   13.58 ^ jtag_tdo_o (out)
                                 13.58   data arrival time

                  0.20   20.00   20.00   clock clk_jtg (rise edge)
                          0.00   20.00   clock network delay (ideal)
                         -0.10   19.90   clock uncertainty
                          0.00   19.90   clock reconvergence pessimism
                         -5.00   14.90   output external delay
                                 14.90   data required time
-----------------------------------------------------------------------------
                                 14.90   data required time
                                -13.58   data arrival time
-----------------------------------------------------------------------------
                                  1.32   slack (MET)


Startpoint: i_croc_soc/i_croc/i_core_wrap/i_ibex.id_stage_i.controller_i.instr_i_15__reg
            (rising edge-triggered flip-flop clocked by clk_sys)
Endpoint: i_croc_soc/i_croc/i_core_wrap/i_ibex.if_stage_i.prefetch_buffer_i.fifo_i.err_q_0__reg
          (rising edge-triggered flip-flop clocked by clk_sys)
Path Group: clk_sys
Path Type: max
Corner: tt

Fanout     Cap    Slew   Delay    Time   Description
-----------------------------------------------------------------------------
                  0.20    0.00    0.00   clock clk_sys (rise edge)
                          0.00    0.00   clock network delay (ideal)
                  0.20    0.00    0.00 ^ i_croc_soc/i_croc/i_core_wrap/i_ibex.id_stage_i.controller_i.instr_i_15__reg/CLK (sg13g2_dfrbp_1)
   424    2.42    9.73    6.95    6.95 ^ i_croc_soc/i_croc/i_core_wrap/i_ibex.id_stage_i.controller_i.instr_i_15__reg/Q (sg13g2_dfrbp_1)
                                         i_croc_soc/i_croc/i_core_wrap/i_ibex.id_stage_i.controller_i.instr_i_15_ (net)
                  9.73    0.00    6.95 ^ i_croc_soc/i_croc/i_core_wrap/i_ibex.register_file_i/_4068_/A (sg13g2_nor2b_2)
    28    0.08    1.77    1.80    8.76 v i_croc_soc/i_croc/i_core_wrap/i_ibex.register_file_i/_4068_/Y (sg13g2_nor2b_2)
                                         i_croc_soc/i_croc/i_core_wrap/i_ibex.register_file_i/_1029_ (net)
                  1.77    0.00    8.76 v i_croc_soc/i_croc/i_core_wrap/i_ibex.register_file_i/_4541_/A2 (sg13g2_a22oi_1)
     1    0.00    0.61    0.25    9.00 ^ i_croc_soc/i_croc/i_core_wrap/i_ibex.register_file_i/_4541_/Y (sg13g2_a22oi_1)
                                         i_croc_soc/i_croc/i_core_wrap/i_ibex.register_file_i/_1486_ (net)
                  0.61    0.00    9.00 ^ i_croc_soc/i_croc/i_core_wrap/i_ibex.register_file_i/_4545_/A2 (sg13g2_o21ai_1)
     1    0.00    0.10    0.12    9.13 v i_croc_soc/i_croc/i_core_wrap/i_ibex.register_file_i/_4545_/Y (sg13g2_o21ai_1)
                                         i_croc_soc/i_croc/i_core_wrap/i_ibex.register_file_i/_1490_ (net)
                  0.10    0.00    9.13 v i_croc_soc/i_croc/i_core_wrap/i_ibex.register_file_i/_4546_/B (sg13g2_nand2_1)
     1    0.00    0.07    0.06    9.19 ^ i_croc_soc/i_croc/i_core_wrap/i_ibex.register_file_i/_4546_/Y (sg13g2_nand2_1)
                                         i_croc_soc/i_croc/i_core_wrap/i_ibex.register_file_i/_1491_ (net)
                  0.07    0.00    9.19 ^ i_croc_soc/i_croc/i_core_wrap/i_ibex.register_file_i/_4559_/B (sg13g2_nand3_1)
     1    0.00    0.04    0.07    9.25 v i_croc_soc/i_croc/i_core_wrap/i_ibex.register_file_i/_4559_/Y (sg13g2_nand3_1)
                                         i_croc_soc/i_croc/i_core_wrap/i_ibex.ex_block_i.multdiv_operand_a_i_8_ (net)
                  0.04    0.00    9.25 v i_croc_soc/i_croc/i_core_wrap/_5616_/A0 (sg13g2_mux2_1)
     1    0.00    0.05    0.11    9.36 v i_croc_soc/i_croc/i_core_wrap/_5616_/X (sg13g2_mux2_1)
                                         i_croc_soc/i_croc/i_core_wrap/_0954_ (net)
                  0.05    0.00    9.36 v i_croc_soc/i_croc/i_core_wrap/_5617_/B (sg13g2_and2_1)
     1    0.00    0.03    0.08    9.44 v i_croc_soc/i_croc/i_core_wrap/_5617_/X (sg13g2_and2_1)
                                         i_croc_soc/i_croc/i_core_wrap/_0955_ (net)
                  0.03    0.00    9.44 v i_croc_soc/i_croc/i_core_wrap/_5618_/B1 (sg13g2_a21oi_1)
    29    0.09    0.80    0.58   10.02 ^ i_croc_soc/i_croc/i_core_wrap/_5618_/Y (sg13g2_a21oi_1)
                                         i_croc_soc/i_croc/i_core_wrap/_0956_ (net)
                  0.80    0.00   10.02 ^ i_croc_soc/i_croc/i_core_wrap/_5620_/A (sg13g2_inv_1)
    11    0.03    0.27    0.36   10.37 v i_croc_soc/i_croc/i_core_wrap/_5620_/Y (sg13g2_inv_1)
                                         i_croc_soc/i_croc/i_core_wrap/i_ibex.alu_operand_a_ex_8_ (net)
                  0.27    0.00   10.37 v i_croc_soc/i_croc/i_core_wrap/_5638_/A1 (sg13g2_o21ai_1)
     1    0.00    0.09    0.15   10.52 ^ i_croc_soc/i_croc/i_core_wrap/_5638_/Y (sg13g2_o21ai_1)
                                         i_croc_soc/i_croc/i_core_wrap/_0974_ (net)
                  0.09    0.00   10.52 ^ i_croc_soc/i_croc/i_core_wrap/_5663_/A1 (sg13g2_a221oi_1)
     3    0.01    0.13    0.12   10.64 v i_croc_soc/i_croc/i_core_wrap/_5663_/Y (sg13g2_a221oi_1)
                                         i_croc_soc/i_croc/i_core_wrap/_0997_ (net)
                  0.13    0.00   10.64 v i_croc_soc/i_croc/i_core_wrap/_5664_/B (sg13g2_nand2_1)
     1    0.00    0.05    0.07   10.70 ^ i_croc_soc/i_croc/i_core_wrap/_5664_/Y (sg13g2_nand2_1)
                                         i_croc_soc/i_croc/i_core_wrap/_0998_ (net)
                  0.05    0.00   10.70 ^ i_croc_soc/i_croc/i_core_wrap/_5700_/A1 (sg13g2_a22oi_1)
     3    0.01    0.10    0.11   10.81 v i_croc_soc/i_croc/i_core_wrap/_5700_/Y (sg13g2_a22oi_1)
                                         i_croc_soc/i_croc/i_core_wrap/_1032_ (net)
                  0.10    0.00   10.81 v i_croc_soc/i_croc/i_core_wrap/_6025_/B_N (sg13g2_nor2b_2)
     3    0.01    0.04    0.12   10.93 v i_croc_soc/i_croc/i_core_wrap/_6025_/Y (sg13g2_nor2b_2)
                                         i_croc_soc/i_croc/i_core_wrap/_1342_ (net)
                  0.04    0.00   10.93 v i_croc_soc/i_croc/i_core_wrap/_6067_/A (sg13g2_nor3_1)
    12    0.05    0.59    0.48   11.40 ^ i_croc_soc/i_croc/i_core_wrap/_6067_/Y (sg13g2_nor3_1)
                                         i_croc_soc/i_croc/i_core_wrap/_1383_ (net)
                  0.59    0.00   11.40 ^ i_croc_soc/i_croc/i_core_wrap/_6086_/A2 (sg13g2_o21ai_1)
     1    0.00    0.09    0.12   11.52 v i_croc_soc/i_croc/i_core_wrap/_6086_/Y (sg13g2_o21ai_1)
                                         i_croc_soc/i_croc/i_core_wrap/_1402_ (net)
                  0.09    0.00   11.52 v i_croc_soc/i_croc/i_core_wrap/_6087_/C (sg13g2_nand3_1)
     1    0.00    0.07    0.07   11.59 ^ i_croc_soc/i_croc/i_core_wrap/_6087_/Y (sg13g2_nand3_1)
                                         i_croc_soc/i_croc/i_core_wrap/_1403_ (net)
                  0.07    0.00   11.59 ^ i_croc_soc/i_croc/i_core_wrap/_6088_/B_N (sg13g2_nor2b_1)
     1    0.00    0.05    0.10   11.70 ^ i_croc_soc/i_croc/i_core_wrap/_6088_/Y (sg13g2_nor2b_1)
                                         i_croc_soc/i_croc/i_core_wrap/_1404_ (net)
                  0.05    0.00   11.70 ^ i_croc_soc/i_croc/i_core_wrap/_6089_/B1 (sg13g2_o21ai_1)
     1    0.01    0.12    0.07   11.76 v i_croc_soc/i_croc/i_core_wrap/_6089_/Y (sg13g2_o21ai_1)
                                         i_croc_soc/i_croc/i_core_wrap/_1405_ (net)
                  0.12    0.00   11.76 v i_croc_soc/i_croc/i_core_wrap/_6090_/B (sg13g2_xnor2_1)
     5    0.01    0.12    0.17   11.93 v i_croc_soc/i_croc/i_core_wrap/_6090_/Y (sg13g2_xnor2_1)
                                         i_croc_soc/i_croc/core_data_obi_req_61_ (net)
                  0.12    0.00   11.93 v i_croc_soc/i_croc/_05384_/A (sg13g2_nor4_2)
     3    0.01    0.15    0.19   12.12 ^ i_croc_soc/i_croc/_05384_/Y (sg13g2_nor4_2)
                                         i_croc_soc/i_croc/_00700_ (net)
                  0.15    0.00   12.12 ^ i_croc_soc/i_croc/_05386_/B (sg13g2_nand3_1)
     2    0.01    0.12    0.15   12.27 v i_croc_soc/i_croc/_05386_/Y (sg13g2_nand3_1)
                                         i_croc_soc/i_croc/_00702_ (net)
                  0.12    0.00   12.27 v i_croc_soc/i_croc/_05391_/B (sg13g2_nor3_2)
     6    0.02    0.17    0.18   12.45 ^ i_croc_soc/i_croc/_05391_/Y (sg13g2_nor3_2)
                                         i_croc_soc/i_croc/_00707_ (net)
                  0.17    0.00   12.45 ^ i_croc_soc/i_croc/_05392_/S (sg13g2_mux2_1)
     1    0.00    0.04    0.20   12.65 v i_croc_soc/i_croc/_05392_/X (sg13g2_mux2_1)
                                         i_croc_soc/i_croc/_00708_ (net)
                  0.04    0.00   12.65 v i_croc_soc/i_croc/_05393_/B1 (sg13g2_o21ai_1)
    35    0.09    0.90    0.34   12.99 ^ i_croc_soc/i_croc/_05393_/Y (sg13g2_o21ai_1)
                                         i_croc_soc/i_croc/_00709_ (net)
                  0.90    0.00   12.99 ^ i_croc_soc/i_croc/_05396_/C (sg13g2_and4_1)
     2    0.01    0.08    0.33   13.32 ^ i_croc_soc/i_croc/_05396_/X (sg13g2_and4_1)
                                         i_croc_soc/i_croc/_00712_ (net)
                  0.08    0.00   13.32 ^ i_croc_soc/i_croc/_05616_/B (sg13g2_nor2_2)
     5    0.02    0.05    0.08   13.40 v i_croc_soc/i_croc/_05616_/Y (sg13g2_nor2_2)
                                         i_croc_soc/i_croc/_00932_ (net)
                  0.05    0.00   13.40 v i_croc_soc/i_croc/_05683_/A (sg13g2_nor2_1)
    55    0.18    1.46    1.09   14.48 ^ i_croc_soc/i_croc/_05683_/Y (sg13g2_nor2_1)
                                         i_croc_soc/i_croc/_00998_ (net)
                  1.46    0.00   14.48 ^ i_croc_soc/i_croc/_05700_/S (sg13g2_mux2_1)
     1    0.00    0.06    0.30   14.79 ^ i_croc_soc/i_croc/_05700_/X (sg13g2_mux2_1)
                                         i_croc_soc/i_croc/_01015_ (net)
                  0.06    0.00   14.79 ^ i_croc_soc/i_croc/_05710_/A2 (sg13g2_a22oi_1)
     1    0.00    0.12    0.08   14.86 v i_croc_soc/i_croc/_05710_/Y (sg13g2_a22oi_1)
                                         i_croc_soc/i_croc/_01024_ (net)
                  0.12    0.00   14.86 v i_croc_soc/i_croc/_05728_/A (sg13g2_or4_1)
     6    0.02    0.11    0.30   15.16 v i_croc_soc/i_croc/_05728_/X (sg13g2_or4_1)
                                         i_croc_soc/i_croc/_01042_ (net)
                  0.11    0.00   15.16 v i_croc_soc/i_croc/_05730_/B (sg13g2_xnor2_1)
     1    0.00    0.09    0.09   15.25 ^ i_croc_soc/i_croc/_05730_/Y (sg13g2_xnor2_1)
                                         i_croc_soc/i_croc/_01044_ (net)
                  0.09    0.00   15.25 ^ i_croc_soc/i_croc/_05731_/B (sg13g2_nand2_1)
     1    0.00    0.05    0.07   15.32 v i_croc_soc/i_croc/_05731_/Y (sg13g2_nand2_1)
                                         i_croc_soc/i_croc/_01045_ (net)
                  0.05    0.00   15.32 v i_croc_soc/i_croc/_05733_/A2 (sg13g2_o21ai_1)
     4    0.02    0.19    0.17   15.49 ^ i_croc_soc/i_croc/_05733_/Y (sg13g2_o21ai_1)
                                         i_croc_soc/i_croc/_01047_ (net)
                  0.19    0.00   15.49 ^ i_croc_soc/i_croc/_05734_/B (sg13g2_nand2_2)
     5    0.02    0.09    0.13   15.62 v i_croc_soc/i_croc/_05734_/Y (sg13g2_nand2_2)
                                         i_croc_soc/i_croc/_01048_ (net)
                  0.09    0.00   15.62 v i_croc_soc/i_croc/_06356_/B (sg13g2_nor2_1)
     2    0.01    0.08    0.09   15.71 ^ i_croc_soc/i_croc/_06356_/Y (sg13g2_nor2_1)
                                         i_croc_soc/i_croc/_01558_ (net)
                  0.08    0.00   15.71 ^ i_croc_soc/i_croc/_06357_/C (sg13g2_nand3_1)
    72    0.21    1.66    1.31   17.02 v i_croc_soc/i_croc/_06357_/Y (sg13g2_nand3_1)
                                         i_croc_soc/i_croc/_01559_ (net)
                  1.66    0.00   17.02 v i_croc_soc/i_croc/_06360_/B (sg13g2_nor2_1)
    16    0.04    0.66    0.76   17.78 ^ i_croc_soc/i_croc/_06360_/Y (sg13g2_nor2_1)
                                         i_croc_soc/i_croc/all_periph_obi_rsp_157_ (net)
                  0.66    0.00   17.78 ^ i_croc_soc/i_croc/i_gpio/_1354_/A (sg13g2_nand2_1)
     2    0.01    0.13    0.16   17.93 v i_croc_soc/i_croc/i_gpio/_1354_/Y (sg13g2_nand2_1)
                                         i_croc_soc/i_croc/i_gpio/_0150_ (net)
                  0.13    0.00   17.93 v i_croc_soc/i_croc/i_gpio/_1355_/B (sg13g2_nand3_1)
     1    0.00    0.05    0.07   18.01 ^ i_croc_soc/i_croc/i_gpio/_1355_/Y (sg13g2_nand3_1)
                                         i_croc_soc/i_croc/i_gpio/_0151_ (net)
                  0.05    0.00   18.01 ^ i_croc_soc/i_croc/i_gpio/_1356_/B1 (sg13g2_o21ai_1)
     1    0.00    0.05    0.06   18.07 v i_croc_soc/i_croc/i_gpio/_1356_/Y (sg13g2_o21ai_1)
                                         i_croc_soc/i_croc/all_periph_obi_rsp_159_ (net)
                  0.05    0.00   18.07 v i_croc_soc/i_croc/_07626_/A (sg13g2_inv_1)
     1    0.00    0.03    0.04   18.10 ^ i_croc_soc/i_croc/_07626_/Y (sg13g2_inv_1)
                                         i_croc_soc/i_croc/_02530_ (net)
                  0.03    0.00   18.10 ^ i_croc_soc/i_croc/_07628_/A2 (sg13g2_o21ai_1)
     1    0.00    0.11    0.05   18.15 v i_croc_soc/i_croc/_07628_/Y (sg13g2_o21ai_1)
                                         i_croc_soc/i_croc/_02532_ (net)
                  0.11    0.00   18.15 v i_croc_soc/i_croc/_07632_/A2 (sg13g2_a22oi_1)
     4    0.01    0.14    0.14   18.29 ^ i_croc_soc/i_croc/_07632_/Y (sg13g2_a22oi_1)
                                         i_croc_soc/i_croc/_02536_ (net)
                  0.14    0.00   18.29 ^ i_croc_soc/i_croc/_07633_/B (sg13g2_nor2_1)
     1    0.00    0.04    0.06   18.35 v i_croc_soc/i_croc/_07633_/Y (sg13g2_nor2_1)
                                         i_croc_soc/i_croc/_02537_ (net)
                  0.04    0.00   18.35 v i_croc_soc/i_croc/_07634_/C (sg13g2_nor3_1)
     1    0.00    0.10    0.08   18.43 ^ i_croc_soc/i_croc/_07634_/Y (sg13g2_nor3_1)
                                         i_croc_soc/i_croc/_02538_ (net)
                  0.10    0.00   18.43 ^ i_croc_soc/i_croc/_07635_/C (sg13g2_nor3_1)
     4    0.01    0.09    0.08   18.51 v i_croc_soc/i_croc/_07635_/Y (sg13g2_nor3_1)
                                         i_croc_soc/i_croc/core_data_obi_rsp_3_ (net)
                  0.09    0.00   18.51 v i_croc_soc/i_croc/i_core_wrap/_6777_/A1 (sg13g2_o21ai_1)
     1    0.00    0.07    0.11   18.62 ^ i_croc_soc/i_croc/i_core_wrap/_6777_/Y (sg13g2_o21ai_1)
                                         i_croc_soc/i_croc/i_core_wrap/_2021_ (net)
                  0.07    0.00   18.62 ^ i_croc_soc/i_croc/i_core_wrap/_6778_/A2 (sg13g2_a21oi_1)
     3    0.01    0.07    0.09   18.71 v i_croc_soc/i_croc/i_core_wrap/_6778_/Y (sg13g2_a21oi_1)
                                         i_croc_soc/i_croc/i_core_wrap/_2022_ (net)
                  0.07    0.00   18.71 v i_croc_soc/i_croc/i_core_wrap/_6779_/B1 (sg13g2_o21ai_1)
     2    0.01    0.10    0.07   18.78 ^ i_croc_soc/i_croc/i_core_wrap/_6779_/Y (sg13g2_o21ai_1)
                                         i_croc_soc/i_croc/i_core_wrap/_2023_ (net)
                  0.10    0.00   18.78 ^ i_croc_soc/i_croc/i_core_wrap/_6780_/B1 (sg13g2_o21ai_1)
     2    0.01    0.07    0.09   18.87 v i_croc_soc/i_croc/i_core_wrap/_6780_/Y (sg13g2_o21ai_1)
                                         i_croc_soc/i_croc/i_core_wrap/_2024_ (net)
                  0.07    0.00   18.87 v i_croc_soc/i_croc/i_core_wrap/_6781_/C (sg13g2_nor3_1)
     3    0.01    0.15    0.14   19.01 ^ i_croc_soc/i_croc/i_core_wrap/_6781_/Y (sg13g2_nor3_1)
                                         i_croc_soc/i_croc/i_core_wrap/_2025_ (net)
                  0.15    0.00   19.01 ^ i_croc_soc/i_croc/i_core_wrap/_6782_/B_N (sg13g2_nor2b_1)
     2    0.01    0.08    0.15   19.16 ^ i_croc_soc/i_croc/i_core_wrap/_6782_/Y (sg13g2_nor2b_1)
                                         i_croc_soc/i_croc/i_core_wrap/_2026_ (net)
                  0.08    0.00   19.16 ^ i_croc_soc/i_croc/i_core_wrap/_6783_/A (sg13g2_nor2b_1)
     2    0.00    0.03    0.05   19.20 v i_croc_soc/i_croc/i_core_wrap/_6783_/Y (sg13g2_nor2b_1)
                                         i_croc_soc/i_croc/i_core_wrap/_2027_ (net)
                  0.03    0.00   19.20 v i_croc_soc/i_croc/i_core_wrap/_6795_/A_N (sg13g2_nand2b_1)
     2    0.01    0.05    0.09   19.29 v i_croc_soc/i_croc/i_core_wrap/_6795_/Y (sg13g2_nand2b_1)
                                         i_croc_soc/i_croc/i_core_wrap/_2037_ (net)
                  0.05    0.00   19.29 v i_croc_soc/i_croc/i_core_wrap/_6796_/C1 (sg13g2_a221oi_1)
    17    0.05    0.70    0.53   19.83 ^ i_croc_soc/i_croc/i_core_wrap/_6796_/Y (sg13g2_a221oi_1)
                                         i_croc_soc/i_croc/i_core_wrap/_2038_ (net)
                  0.70    0.00   19.83 ^ i_croc_soc/i_croc/i_core_wrap/_6798_/B (sg13g2_nand2_1)
     3    0.01    0.13    0.18   20.00 v i_croc_soc/i_croc/i_core_wrap/_6798_/Y (sg13g2_nand2_1)
                                         i_croc_soc/i_croc/i_core_wrap/_2040_ (net)
                  0.13    0.00   20.00 v fanout897/A (sg13g2_buf_1)
     5    0.02    0.06    0.13   20.13 v fanout897/X (sg13g2_buf_1)
                                         net897 (net)
                  0.06    0.00   20.13 v fanout893/A (sg13g2_buf_1)
     8    0.02    0.08    0.13   20.26 v fanout893/X (sg13g2_buf_1)
                                         net893 (net)
                  0.08    0.00   20.26 v i_croc_soc/i_croc/i_core_wrap/_8685_/A (sg13g2_nor2b_1)
     3    0.01    0.10    0.10   20.36 ^ i_croc_soc/i_croc/i_core_wrap/_8685_/Y (sg13g2_nor2b_1)
                                         i_croc_soc/i_croc/i_core_wrap/_3668_ (net)
                  0.10    0.00   20.36 ^ i_croc_soc/i_croc/i_core_wrap/_8690_/A1 (sg13g2_a21o_1)
    33    0.17    0.69    0.59   20.95 ^ i_croc_soc/i_croc/i_core_wrap/_8690_/X (sg13g2_a21o_1)
                                         i_croc_soc/i_croc/i_core_wrap/_3673_ (net)
                  0.69    0.00   20.95 ^ i_croc_soc/i_croc/i_core_wrap/_8693_/S (sg13g2_mux2_1)
     1    0.00    0.04    0.28   21.23 v i_croc_soc/i_croc/i_core_wrap/_8693_/X (sg13g2_mux2_1)
                                         i_croc_soc/i_croc/i_core_wrap/_0184_ (net)
                  0.04    0.00   21.23 v i_croc_soc/i_croc/i_core_wrap/i_ibex.if_stage_i.prefetch_buffer_i.fifo_i.err_q_0__reg/D (sg13g2_dfrbp_1)
                                 21.23   data arrival time

                  0.20   12.50   12.50   clock clk_sys (rise edge)
                          0.00   12.50   clock network delay (ideal)
                         -0.10   12.40   clock uncertainty
                          0.00   12.40   clock reconvergence pessimism
                                 12.40 ^ i_croc_soc/i_croc/i_core_wrap/i_ibex.if_stage_i.prefetch_buffer_i.fifo_i.err_q_0__reg/CLK (sg13g2_dfrbp_1)
                         -0.07   12.33   library setup time
                                 12.33   data required time
-----------------------------------------------------------------------------
                                 12.33   data required time
                                -21.23   data arrival time
-----------------------------------------------------------------------------
                                 -8.90   slack (VIOLATED)



==========================================================================
02_croc.gpl1 report_checks -unconstrained
--------------------------------------------------------------------------
Startpoint: i_croc_soc/i_rstgen.i_rstgen_bypass.synch_regs_q_3__reg
            (rising edge-triggered flip-flop clocked by clk_sys)
Endpoint: i_croc_soc/i_croc/all_periph_obi_rsp_100__reg
          (recovery check against rising-edge clock clk_sys)
Path Group: asynchronous
Path Type: max
Corner: tt

Fanout     Cap    Slew   Delay    Time   Description
-----------------------------------------------------------------------------
                  0.20    0.00    0.00   clock clk_sys (rise edge)
                          0.00    0.00   clock network delay (ideal)
                  0.20    0.00    0.00 ^ i_croc_soc/i_rstgen.i_rstgen_bypass.synch_regs_q_3__reg/CLK (sg13g2_dfrbp_1)
     2    0.01    0.04    0.28    0.28 ^ i_croc_soc/i_rstgen.i_rstgen_bypass.synch_regs_q_3__reg/Q (sg13g2_dfrbp_1)
                                         i_croc_soc/i_rstgen.i_rstgen_bypass.synch_regs_q_3_ (net)
                  0.04    0.00    0.28 ^ i_croc_soc/i_rstgen.i_rstgen_bypass.i_tc_clk_mux2_rst_no/i_mux/A0 (sg13g2_mux2_1)
  3963   25.94  104.19   71.78   72.07 ^ i_croc_soc/i_rstgen.i_rstgen_bypass.i_tc_clk_mux2_rst_no/i_mux/X (sg13g2_mux2_1)
                                         i_croc_soc/i_rstgen.i_rstgen_bypass.rst_no (net)
                104.19    0.00   72.07 ^ i_croc_soc/i_croc/all_periph_obi_rsp_100__reg/RESET_B (sg13g2_dfrbp_1)
                                 72.07   data arrival time

                  0.20   12.50   12.50   clock clk_sys (rise edge)
                          0.00   12.50   clock network delay (ideal)
                         -0.10   12.40   clock uncertainty
                          0.00   12.40   clock reconvergence pessimism
                                 12.40 ^ i_croc_soc/i_croc/all_periph_obi_rsp_100__reg/CLK (sg13g2_dfrbp_1)
                        -13.13   -0.73   library recovery time
                                 -0.73   data required time
-----------------------------------------------------------------------------
                                 -0.73   data required time
                                -72.07   data arrival time
-----------------------------------------------------------------------------
                                -72.79   slack (VIOLATED)


Startpoint: i_croc_soc/i_croc/i_dmi_jtag/i_dmi_cdc.i_cdc_req/i_dst/async_ack_o_reg
            (rising edge-triggered flip-flop clocked by clk_sys)
Endpoint: i_croc_soc/i_croc/i_dmi_jtag/i_dmi_cdc.i_cdc_req/i_dst/data_o[0]_reg
          (rising edge-triggered flip-flop clocked by clk_sys)
Path Group: path delay
Path Type: max
Corner: tt

Fanout     Cap    Slew   Delay    Time   Description
-----------------------------------------------------------------------------
                  0.20    0.00    0.00 ^ i_croc_soc/i_croc/i_dmi_jtag/i_dmi_cdc.i_cdc_req/i_dst/async_ack_o_reg/CLK (sg13g2_dfrbp_1)
     6    0.02    0.07    0.30    0.30 v i_croc_soc/i_croc/i_dmi_jtag/i_dmi_cdc.i_cdc_req/i_dst/async_ack_o_reg/Q (sg13g2_dfrbp_1)
                                         i_croc_soc/i_croc/i_dmi_jtag/i_dmi_cdc.i_cdc_req/async_ack (net)
                  0.07    0.00    0.30 v i_croc_soc/i_croc/i_dmi_jtag/i_dmi_cdc.i_cdc_req/i_dst/_107_/A1 (sg13g2_o21ai_1)
    82    0.42    4.02    2.96    3.25 ^ i_croc_soc/i_croc/i_dmi_jtag/i_dmi_cdc.i_cdc_req/i_dst/_107_/Y (sg13g2_o21ai_1)
                                         i_croc_soc/i_croc/i_dmi_jtag/i_dmi_cdc.i_cdc_req/i_dst/_047_ (net)
                  4.02    0.00    3.25 ^ i_croc_soc/i_croc/i_dmi_jtag/i_dmi_cdc.i_cdc_req/i_dst/_155_/S (sg13g2_mux2_1)
     1    0.00    0.08    0.52    3.78 v i_croc_soc/i_croc/i_dmi_jtag/i_dmi_cdc.i_cdc_req/i_dst/_155_/X (sg13g2_mux2_1)
                                         i_croc_soc/i_croc/i_dmi_jtag/i_dmi_cdc.i_cdc_req/i_dst/_001_ (net)
                  0.08    0.00    3.78 v i_croc_soc/i_croc/i_dmi_jtag/i_dmi_cdc.i_cdc_req/i_dst/data_o[0]_reg/D (sg13g2_dfrbp_1)
                                  3.78   data arrival time

                          4.38    4.38   max_delay
                         -0.09    4.29   library setup time
                                  4.29   data required time
-----------------------------------------------------------------------------
                                  4.29   data required time
                                 -3.78   data arrival time
-----------------------------------------------------------------------------
                                  0.51   slack (MET)


Startpoint: i_croc_soc/i_croc/i_dmi_jtag/td_o_reg
            (rising edge-triggered flip-flop clocked by clk_jtg')
Endpoint: jtag_tdo_o (output port clocked by clk_jtg)
Path Group: clk_jtg
Path Type: max
Corner: tt

Fanout     Cap    Slew   Delay    Time   Description
-----------------------------------------------------------------------------
                  0.20   10.00   10.00   clock clk_jtg' (rise edge)
                          0.00   10.00   clock network delay (ideal)
                  0.20    0.00   10.00 ^ i_croc_soc/i_croc/i_dmi_jtag/td_o_reg/CLK (sg13g2_dfrbp_1)
     1    0.04    0.17    0.37   10.37 ^ i_croc_soc/i_croc/i_dmi_jtag/td_o_reg/Q (sg13g2_dfrbp_1)
                                         soc_jtag_tdo_o (net)
                  0.23    0.00   10.37 ^ pad_jtag_tdo_o/c2p (sg13g2_IOPadOut16mA)
     1   15.00    3.55    3.21   13.58 ^ pad_jtag_tdo_o/pad (sg13g2_IOPadOut16mA)
                                         jtag_tdo_o (net)
                  2.66    0.00   13.58 ^ jtag_tdo_o (out)
                                 13.58   data arrival time

                  0.20   20.00   20.00   clock clk_jtg (rise edge)
                          0.00   20.00   clock network delay (ideal)
                         -0.10   19.90   clock uncertainty
                          0.00   19.90   clock reconvergence pessimism
                         -5.00   14.90   output external delay
                                 14.90   data required time
-----------------------------------------------------------------------------
                                 14.90   data required time
                                -13.58   data arrival time
-----------------------------------------------------------------------------
                                  1.32   slack (MET)


Startpoint: i_croc_soc/i_croc/i_core_wrap/i_ibex.id_stage_i.controller_i.instr_i_15__reg
            (rising edge-triggered flip-flop clocked by clk_sys)
Endpoint: i_croc_soc/i_croc/i_core_wrap/i_ibex.if_stage_i.prefetch_buffer_i.fifo_i.err_q_0__reg
          (rising edge-triggered flip-flop clocked by clk_sys)
Path Group: clk_sys
Path Type: max
Corner: tt

Fanout     Cap    Slew   Delay    Time   Description
-----------------------------------------------------------------------------
                  0.20    0.00    0.00   clock clk_sys (rise edge)
                          0.00    0.00   clock network delay (ideal)
                  0.20    0.00    0.00 ^ i_croc_soc/i_croc/i_core_wrap/i_ibex.id_stage_i.controller_i.instr_i_15__reg/CLK (sg13g2_dfrbp_1)
   424    2.42    9.73    6.95    6.95 ^ i_croc_soc/i_croc/i_core_wrap/i_ibex.id_stage_i.controller_i.instr_i_15__reg/Q (sg13g2_dfrbp_1)
                                         i_croc_soc/i_croc/i_core_wrap/i_ibex.id_stage_i.controller_i.instr_i_15_ (net)
                  9.73    0.00    6.95 ^ i_croc_soc/i_croc/i_core_wrap/i_ibex.register_file_i/_4068_/A (sg13g2_nor2b_2)
    28    0.08    1.77    1.80    8.76 v i_croc_soc/i_croc/i_core_wrap/i_ibex.register_file_i/_4068_/Y (sg13g2_nor2b_2)
                                         i_croc_soc/i_croc/i_core_wrap/i_ibex.register_file_i/_1029_ (net)
                  1.77    0.00    8.76 v i_croc_soc/i_croc/i_core_wrap/i_ibex.register_file_i/_4541_/A2 (sg13g2_a22oi_1)
     1    0.00    0.61    0.25    9.00 ^ i_croc_soc/i_croc/i_core_wrap/i_ibex.register_file_i/_4541_/Y (sg13g2_a22oi_1)
                                         i_croc_soc/i_croc/i_core_wrap/i_ibex.register_file_i/_1486_ (net)
                  0.61    0.00    9.00 ^ i_croc_soc/i_croc/i_core_wrap/i_ibex.register_file_i/_4545_/A2 (sg13g2_o21ai_1)
     1    0.00    0.10    0.12    9.13 v i_croc_soc/i_croc/i_core_wrap/i_ibex.register_file_i/_4545_/Y (sg13g2_o21ai_1)
                                         i_croc_soc/i_croc/i_core_wrap/i_ibex.register_file_i/_1490_ (net)
                  0.10    0.00    9.13 v i_croc_soc/i_croc/i_core_wrap/i_ibex.register_file_i/_4546_/B (sg13g2_nand2_1)
     1    0.00    0.07    0.06    9.19 ^ i_croc_soc/i_croc/i_core_wrap/i_ibex.register_file_i/_4546_/Y (sg13g2_nand2_1)
                                         i_croc_soc/i_croc/i_core_wrap/i_ibex.register_file_i/_1491_ (net)
                  0.07    0.00    9.19 ^ i_croc_soc/i_croc/i_core_wrap/i_ibex.register_file_i/_4559_/B (sg13g2_nand3_1)
     1    0.00    0.04    0.07    9.25 v i_croc_soc/i_croc/i_core_wrap/i_ibex.register_file_i/_4559_/Y (sg13g2_nand3_1)
                                         i_croc_soc/i_croc/i_core_wrap/i_ibex.ex_block_i.multdiv_operand_a_i_8_ (net)
                  0.04    0.00    9.25 v i_croc_soc/i_croc/i_core_wrap/_5616_/A0 (sg13g2_mux2_1)
     1    0.00    0.05    0.11    9.36 v i_croc_soc/i_croc/i_core_wrap/_5616_/X (sg13g2_mux2_1)
                                         i_croc_soc/i_croc/i_core_wrap/_0954_ (net)
                  0.05    0.00    9.36 v i_croc_soc/i_croc/i_core_wrap/_5617_/B (sg13g2_and2_1)
     1    0.00    0.03    0.08    9.44 v i_croc_soc/i_croc/i_core_wrap/_5617_/X (sg13g2_and2_1)
                                         i_croc_soc/i_croc/i_core_wrap/_0955_ (net)
                  0.03    0.00    9.44 v i_croc_soc/i_croc/i_core_wrap/_5618_/B1 (sg13g2_a21oi_1)
    29    0.09    0.80    0.58   10.02 ^ i_croc_soc/i_croc/i_core_wrap/_5618_/Y (sg13g2_a21oi_1)
                                         i_croc_soc/i_croc/i_core_wrap/_0956_ (net)
                  0.80    0.00   10.02 ^ i_croc_soc/i_croc/i_core_wrap/_5620_/A (sg13g2_inv_1)
    11    0.03    0.27    0.36   10.37 v i_croc_soc/i_croc/i_core_wrap/_5620_/Y (sg13g2_inv_1)
                                         i_croc_soc/i_croc/i_core_wrap/i_ibex.alu_operand_a_ex_8_ (net)
                  0.27    0.00   10.37 v i_croc_soc/i_croc/i_core_wrap/_5638_/A1 (sg13g2_o21ai_1)
     1    0.00    0.09    0.15   10.52 ^ i_croc_soc/i_croc/i_core_wrap/_5638_/Y (sg13g2_o21ai_1)
                                         i_croc_soc/i_croc/i_core_wrap/_0974_ (net)
                  0.09    0.00   10.52 ^ i_croc_soc/i_croc/i_core_wrap/_5663_/A1 (sg13g2_a221oi_1)
     3    0.01    0.13    0.12   10.64 v i_croc_soc/i_croc/i_core_wrap/_5663_/Y (sg13g2_a221oi_1)
                                         i_croc_soc/i_croc/i_core_wrap/_0997_ (net)
                  0.13    0.00   10.64 v i_croc_soc/i_croc/i_core_wrap/_5664_/B (sg13g2_nand2_1)
     1    0.00    0.05    0.07   10.70 ^ i_croc_soc/i_croc/i_core_wrap/_5664_/Y (sg13g2_nand2_1)
                                         i_croc_soc/i_croc/i_core_wrap/_0998_ (net)
                  0.05    0.00   10.70 ^ i_croc_soc/i_croc/i_core_wrap/_5700_/A1 (sg13g2_a22oi_1)
     3    0.01    0.10    0.11   10.81 v i_croc_soc/i_croc/i_core_wrap/_5700_/Y (sg13g2_a22oi_1)
                                         i_croc_soc/i_croc/i_core_wrap/_1032_ (net)
                  0.10    0.00   10.81 v i_croc_soc/i_croc/i_core_wrap/_6025_/B_N (sg13g2_nor2b_2)
     3    0.01    0.04    0.12   10.93 v i_croc_soc/i_croc/i_core_wrap/_6025_/Y (sg13g2_nor2b_2)
                                         i_croc_soc/i_croc/i_core_wrap/_1342_ (net)
                  0.04    0.00   10.93 v i_croc_soc/i_croc/i_core_wrap/_6067_/A (sg13g2_nor3_1)
    12    0.05    0.59    0.48   11.40 ^ i_croc_soc/i_croc/i_core_wrap/_6067_/Y (sg13g2_nor3_1)
                                         i_croc_soc/i_croc/i_core_wrap/_1383_ (net)
                  0.59    0.00   11.40 ^ i_croc_soc/i_croc/i_core_wrap/_6086_/A2 (sg13g2_o21ai_1)
     1    0.00    0.09    0.12   11.52 v i_croc_soc/i_croc/i_core_wrap/_6086_/Y (sg13g2_o21ai_1)
                                         i_croc_soc/i_croc/i_core_wrap/_1402_ (net)
                  0.09    0.00   11.52 v i_croc_soc/i_croc/i_core_wrap/_6087_/C (sg13g2_nand3_1)
     1    0.00    0.07    0.07   11.59 ^ i_croc_soc/i_croc/i_core_wrap/_6087_/Y (sg13g2_nand3_1)
                                         i_croc_soc/i_croc/i_core_wrap/_1403_ (net)
                  0.07    0.00   11.59 ^ i_croc_soc/i_croc/i_core_wrap/_6088_/B_N (sg13g2_nor2b_1)
     1    0.00    0.05    0.10   11.70 ^ i_croc_soc/i_croc/i_core_wrap/_6088_/Y (sg13g2_nor2b_1)
                                         i_croc_soc/i_croc/i_core_wrap/_1404_ (net)
                  0.05    0.00   11.70 ^ i_croc_soc/i_croc/i_core_wrap/_6089_/B1 (sg13g2_o21ai_1)
     1    0.01    0.12    0.07   11.76 v i_croc_soc/i_croc/i_core_wrap/_6089_/Y (sg13g2_o21ai_1)
                                         i_croc_soc/i_croc/i_core_wrap/_1405_ (net)
                  0.12    0.00   11.76 v i_croc_soc/i_croc/i_core_wrap/_6090_/B (sg13g2_xnor2_1)
     5    0.01    0.12    0.17   11.93 v i_croc_soc/i_croc/i_core_wrap/_6090_/Y (sg13g2_xnor2_1)
                                         i_croc_soc/i_croc/core_data_obi_req_61_ (net)
                  0.12    0.00   11.93 v i_croc_soc/i_croc/_05384_/A (sg13g2_nor4_2)
     3    0.01    0.15    0.19   12.12 ^ i_croc_soc/i_croc/_05384_/Y (sg13g2_nor4_2)
                                         i_croc_soc/i_croc/_00700_ (net)
                  0.15    0.00   12.12 ^ i_croc_soc/i_croc/_05386_/B (sg13g2_nand3_1)
     2    0.01    0.12    0.15   12.27 v i_croc_soc/i_croc/_05386_/Y (sg13g2_nand3_1)
                                         i_croc_soc/i_croc/_00702_ (net)
                  0.12    0.00   12.27 v i_croc_soc/i_croc/_05391_/B (sg13g2_nor3_2)
     6    0.02    0.17    0.18   12.45 ^ i_croc_soc/i_croc/_05391_/Y (sg13g2_nor3_2)
                                         i_croc_soc/i_croc/_00707_ (net)
                  0.17    0.00   12.45 ^ i_croc_soc/i_croc/_05392_/S (sg13g2_mux2_1)
     1    0.00    0.04    0.20   12.65 v i_croc_soc/i_croc/_05392_/X (sg13g2_mux2_1)
                                         i_croc_soc/i_croc/_00708_ (net)
                  0.04    0.00   12.65 v i_croc_soc/i_croc/_05393_/B1 (sg13g2_o21ai_1)
    35    0.09    0.90    0.34   12.99 ^ i_croc_soc/i_croc/_05393_/Y (sg13g2_o21ai_1)
                                         i_croc_soc/i_croc/_00709_ (net)
                  0.90    0.00   12.99 ^ i_croc_soc/i_croc/_05396_/C (sg13g2_and4_1)
     2    0.01    0.08    0.33   13.32 ^ i_croc_soc/i_croc/_05396_/X (sg13g2_and4_1)
                                         i_croc_soc/i_croc/_00712_ (net)
                  0.08    0.00   13.32 ^ i_croc_soc/i_croc/_05616_/B (sg13g2_nor2_2)
     5    0.02    0.05    0.08   13.40 v i_croc_soc/i_croc/_05616_/Y (sg13g2_nor2_2)
                                         i_croc_soc/i_croc/_00932_ (net)
                  0.05    0.00   13.40 v i_croc_soc/i_croc/_05683_/A (sg13g2_nor2_1)
    55    0.18    1.46    1.09   14.48 ^ i_croc_soc/i_croc/_05683_/Y (sg13g2_nor2_1)
                                         i_croc_soc/i_croc/_00998_ (net)
                  1.46    0.00   14.48 ^ i_croc_soc/i_croc/_05700_/S (sg13g2_mux2_1)
     1    0.00    0.06    0.30   14.79 ^ i_croc_soc/i_croc/_05700_/X (sg13g2_mux2_1)
                                         i_croc_soc/i_croc/_01015_ (net)
                  0.06    0.00   14.79 ^ i_croc_soc/i_croc/_05710_/A2 (sg13g2_a22oi_1)
     1    0.00    0.12    0.08   14.86 v i_croc_soc/i_croc/_05710_/Y (sg13g2_a22oi_1)
                                         i_croc_soc/i_croc/_01024_ (net)
                  0.12    0.00   14.86 v i_croc_soc/i_croc/_05728_/A (sg13g2_or4_1)
     6    0.02    0.11    0.30   15.16 v i_croc_soc/i_croc/_05728_/X (sg13g2_or4_1)
                                         i_croc_soc/i_croc/_01042_ (net)
                  0.11    0.00   15.16 v i_croc_soc/i_croc/_05730_/B (sg13g2_xnor2_1)
     1    0.00    0.09    0.09   15.25 ^ i_croc_soc/i_croc/_05730_/Y (sg13g2_xnor2_1)
                                         i_croc_soc/i_croc/_01044_ (net)
                  0.09    0.00   15.25 ^ i_croc_soc/i_croc/_05731_/B (sg13g2_nand2_1)
     1    0.00    0.05    0.07   15.32 v i_croc_soc/i_croc/_05731_/Y (sg13g2_nand2_1)
                                         i_croc_soc/i_croc/_01045_ (net)
                  0.05    0.00   15.32 v i_croc_soc/i_croc/_05733_/A2 (sg13g2_o21ai_1)
     4    0.02    0.19    0.17   15.49 ^ i_croc_soc/i_croc/_05733_/Y (sg13g2_o21ai_1)
                                         i_croc_soc/i_croc/_01047_ (net)
                  0.19    0.00   15.49 ^ i_croc_soc/i_croc/_05734_/B (sg13g2_nand2_2)
     5    0.02    0.09    0.13   15.62 v i_croc_soc/i_croc/_05734_/Y (sg13g2_nand2_2)
                                         i_croc_soc/i_croc/_01048_ (net)
                  0.09    0.00   15.62 v i_croc_soc/i_croc/_06356_/B (sg13g2_nor2_1)
     2    0.01    0.08    0.09   15.71 ^ i_croc_soc/i_croc/_06356_/Y (sg13g2_nor2_1)
                                         i_croc_soc/i_croc/_01558_ (net)
                  0.08    0.00   15.71 ^ i_croc_soc/i_croc/_06357_/C (sg13g2_nand3_1)
    72    0.21    1.66    1.31   17.02 v i_croc_soc/i_croc/_06357_/Y (sg13g2_nand3_1)
                                         i_croc_soc/i_croc/_01559_ (net)
                  1.66    0.00   17.02 v i_croc_soc/i_croc/_06360_/B (sg13g2_nor2_1)
    16    0.04    0.66    0.76   17.78 ^ i_croc_soc/i_croc/_06360_/Y (sg13g2_nor2_1)
                                         i_croc_soc/i_croc/all_periph_obi_rsp_157_ (net)
                  0.66    0.00   17.78 ^ i_croc_soc/i_croc/i_gpio/_1354_/A (sg13g2_nand2_1)
     2    0.01    0.13    0.16   17.93 v i_croc_soc/i_croc/i_gpio/_1354_/Y (sg13g2_nand2_1)
                                         i_croc_soc/i_croc/i_gpio/_0150_ (net)
                  0.13    0.00   17.93 v i_croc_soc/i_croc/i_gpio/_1355_/B (sg13g2_nand3_1)
     1    0.00    0.05    0.07   18.01 ^ i_croc_soc/i_croc/i_gpio/_1355_/Y (sg13g2_nand3_1)
                                         i_croc_soc/i_croc/i_gpio/_0151_ (net)
                  0.05    0.00   18.01 ^ i_croc_soc/i_croc/i_gpio/_1356_/B1 (sg13g2_o21ai_1)
     1    0.00    0.05    0.06   18.07 v i_croc_soc/i_croc/i_gpio/_1356_/Y (sg13g2_o21ai_1)
                                         i_croc_soc/i_croc/all_periph_obi_rsp_159_ (net)
                  0.05    0.00   18.07 v i_croc_soc/i_croc/_07626_/A (sg13g2_inv_1)
     1    0.00    0.03    0.04   18.10 ^ i_croc_soc/i_croc/_07626_/Y (sg13g2_inv_1)
                                         i_croc_soc/i_croc/_02530_ (net)
                  0.03    0.00   18.10 ^ i_croc_soc/i_croc/_07628_/A2 (sg13g2_o21ai_1)
     1    0.00    0.11    0.05   18.15 v i_croc_soc/i_croc/_07628_/Y (sg13g2_o21ai_1)
                                         i_croc_soc/i_croc/_02532_ (net)
                  0.11    0.00   18.15 v i_croc_soc/i_croc/_07632_/A2 (sg13g2_a22oi_1)
     4    0.01    0.14    0.14   18.29 ^ i_croc_soc/i_croc/_07632_/Y (sg13g2_a22oi_1)
                                         i_croc_soc/i_croc/_02536_ (net)
                  0.14    0.00   18.29 ^ i_croc_soc/i_croc/_07633_/B (sg13g2_nor2_1)
     1    0.00    0.04    0.06   18.35 v i_croc_soc/i_croc/_07633_/Y (sg13g2_nor2_1)
                                         i_croc_soc/i_croc/_02537_ (net)
                  0.04    0.00   18.35 v i_croc_soc/i_croc/_07634_/C (sg13g2_nor3_1)
     1    0.00    0.10    0.08   18.43 ^ i_croc_soc/i_croc/_07634_/Y (sg13g2_nor3_1)
                                         i_croc_soc/i_croc/_02538_ (net)
                  0.10    0.00   18.43 ^ i_croc_soc/i_croc/_07635_/C (sg13g2_nor3_1)
     4    0.01    0.09    0.08   18.51 v i_croc_soc/i_croc/_07635_/Y (sg13g2_nor3_1)
                                         i_croc_soc/i_croc/core_data_obi_rsp_3_ (net)
                  0.09    0.00   18.51 v i_croc_soc/i_croc/i_core_wrap/_6777_/A1 (sg13g2_o21ai_1)
     1    0.00    0.07    0.11   18.62 ^ i_croc_soc/i_croc/i_core_wrap/_6777_/Y (sg13g2_o21ai_1)
                                         i_croc_soc/i_croc/i_core_wrap/_2021_ (net)
                  0.07    0.00   18.62 ^ i_croc_soc/i_croc/i_core_wrap/_6778_/A2 (sg13g2_a21oi_1)
     3    0.01    0.07    0.09   18.71 v i_croc_soc/i_croc/i_core_wrap/_6778_/Y (sg13g2_a21oi_1)
                                         i_croc_soc/i_croc/i_core_wrap/_2022_ (net)
                  0.07    0.00   18.71 v i_croc_soc/i_croc/i_core_wrap/_6779_/B1 (sg13g2_o21ai_1)
     2    0.01    0.10    0.07   18.78 ^ i_croc_soc/i_croc/i_core_wrap/_6779_/Y (sg13g2_o21ai_1)
                                         i_croc_soc/i_croc/i_core_wrap/_2023_ (net)
                  0.10    0.00   18.78 ^ i_croc_soc/i_croc/i_core_wrap/_6780_/B1 (sg13g2_o21ai_1)
     2    0.01    0.07    0.09   18.87 v i_croc_soc/i_croc/i_core_wrap/_6780_/Y (sg13g2_o21ai_1)
                                         i_croc_soc/i_croc/i_core_wrap/_2024_ (net)
                  0.07    0.00   18.87 v i_croc_soc/i_croc/i_core_wrap/_6781_/C (sg13g2_nor3_1)
     3    0.01    0.15    0.14   19.01 ^ i_croc_soc/i_croc/i_core_wrap/_6781_/Y (sg13g2_nor3_1)
                                         i_croc_soc/i_croc/i_core_wrap/_2025_ (net)
                  0.15    0.00   19.01 ^ i_croc_soc/i_croc/i_core_wrap/_6782_/B_N (sg13g2_nor2b_1)
     2    0.01    0.08    0.15   19.16 ^ i_croc_soc/i_croc/i_core_wrap/_6782_/Y (sg13g2_nor2b_1)
                                         i_croc_soc/i_croc/i_core_wrap/_2026_ (net)
                  0.08    0.00   19.16 ^ i_croc_soc/i_croc/i_core_wrap/_6783_/A (sg13g2_nor2b_1)
     2    0.00    0.03    0.05   19.20 v i_croc_soc/i_croc/i_core_wrap/_6783_/Y (sg13g2_nor2b_1)
                                         i_croc_soc/i_croc/i_core_wrap/_2027_ (net)
                  0.03    0.00   19.20 v i_croc_soc/i_croc/i_core_wrap/_6795_/A_N (sg13g2_nand2b_1)
     2    0.01    0.05    0.09   19.29 v i_croc_soc/i_croc/i_core_wrap/_6795_/Y (sg13g2_nand2b_1)
                                         i_croc_soc/i_croc/i_core_wrap/_2037_ (net)
                  0.05    0.00   19.29 v i_croc_soc/i_croc/i_core_wrap/_6796_/C1 (sg13g2_a221oi_1)
    17    0.05    0.70    0.53   19.83 ^ i_croc_soc/i_croc/i_core_wrap/_6796_/Y (sg13g2_a221oi_1)
                                         i_croc_soc/i_croc/i_core_wrap/_2038_ (net)
                  0.70    0.00   19.83 ^ i_croc_soc/i_croc/i_core_wrap/_6798_/B (sg13g2_nand2_1)
     3    0.01    0.13    0.18   20.00 v i_croc_soc/i_croc/i_core_wrap/_6798_/Y (sg13g2_nand2_1)
                                         i_croc_soc/i_croc/i_core_wrap/_2040_ (net)
                  0.13    0.00   20.00 v fanout897/A (sg13g2_buf_1)
     5    0.02    0.06    0.13   20.13 v fanout897/X (sg13g2_buf_1)
                                         net897 (net)
                  0.06    0.00   20.13 v fanout893/A (sg13g2_buf_1)
     8    0.02    0.08    0.13   20.26 v fanout893/X (sg13g2_buf_1)
                                         net893 (net)
                  0.08    0.00   20.26 v i_croc_soc/i_croc/i_core_wrap/_8685_/A (sg13g2_nor2b_1)
     3    0.01    0.10    0.10   20.36 ^ i_croc_soc/i_croc/i_core_wrap/_8685_/Y (sg13g2_nor2b_1)
                                         i_croc_soc/i_croc/i_core_wrap/_3668_ (net)
                  0.10    0.00   20.36 ^ i_croc_soc/i_croc/i_core_wrap/_8690_/A1 (sg13g2_a21o_1)
    33    0.17    0.69    0.59   20.95 ^ i_croc_soc/i_croc/i_core_wrap/_8690_/X (sg13g2_a21o_1)
                                         i_croc_soc/i_croc/i_core_wrap/_3673_ (net)
                  0.69    0.00   20.95 ^ i_croc_soc/i_croc/i_core_wrap/_8693_/S (sg13g2_mux2_1)
     1    0.00    0.04    0.28   21.23 v i_croc_soc/i_croc/i_core_wrap/_8693_/X (sg13g2_mux2_1)
                                         i_croc_soc/i_croc/i_core_wrap/_0184_ (net)
                  0.04    0.00   21.23 v i_croc_soc/i_croc/i_core_wrap/i_ibex.if_stage_i.prefetch_buffer_i.fifo_i.err_q_0__reg/D (sg13g2_dfrbp_1)
                                 21.23   data arrival time

                  0.20   12.50   12.50   clock clk_sys (rise edge)
                          0.00   12.50   clock network delay (ideal)
                         -0.10   12.40   clock uncertainty
                          0.00   12.40   clock reconvergence pessimism
                                 12.40 ^ i_croc_soc/i_croc/i_core_wrap/i_ibex.if_stage_i.prefetch_buffer_i.fifo_i.err_q_0__reg/CLK (sg13g2_dfrbp_1)
                         -0.07   12.33   library setup time
                                 12.33   data required time
-----------------------------------------------------------------------------
                                 12.33   data required time
                                -21.23   data arrival time
-----------------------------------------------------------------------------
                                 -8.90   slack (VIOLATED)



==========================================================================
02_croc.gpl1 report_check_types -max_slew -max_cap -max_fanout -violators
--------------------------------------------------------------------------

==========================================================================
02_croc.gpl1 max_slew_check_slack
--------------------------------------------------------------------------
-101.67813873291016

==========================================================================
02_croc.gpl1 max_slew_check_limit
--------------------------------------------------------------------------
2.5074000358581543

==========================================================================
02_croc.gpl1 max_slew_check_slack_limit
--------------------------------------------------------------------------
-40.5512

==========================================================================
02_croc.gpl1 max_fanout_check_slack
--------------------------------------------------------------------------
-3955.0

==========================================================================
02_croc.gpl1 max_fanout_check_limit
--------------------------------------------------------------------------
8.0

==========================================================================
02_croc.gpl1 max_fanout_check_slack_limit
--------------------------------------------------------------------------
-494.3750

==========================================================================
02_croc.gpl1 max_capacitance_check_slack
--------------------------------------------------------------------------
-27.652456283569336

==========================================================================
02_croc.gpl1 max_capacitance_check_limit
--------------------------------------------------------------------------
0.30000001192092896

==========================================================================
02_croc.gpl1 max_capacitance_check_slack_limit
--------------------------------------------------------------------------
-92.1749

==========================================================================
02_croc.gpl1 max_slew_violation_count
--------------------------------------------------------------------------
max slew violation count 5551

==========================================================================
02_croc.gpl1 max_fanout_violation_count
--------------------------------------------------------------------------
max fanout violation count 749

==========================================================================
02_croc.gpl1 max_cap_violation_count
--------------------------------------------------------------------------
max cap violation count 86

==========================================================================
02_croc.gpl1 setup_violation_count
--------------------------------------------------------------------------
setup violation count 8483

==========================================================================
02_croc.gpl1 hold_violation_count
--------------------------------------------------------------------------
hold violation count 162

==========================================================================
02_croc.gpl1 critical path delay
--------------------------------------------------------------------------
72.0663

==========================================================================
02_croc.gpl1 critical path slack
--------------------------------------------------------------------------
-72.7944

==========================================================================
02_croc.gpl1 slack div critical path delay
--------------------------------------------------------------------------
-101.010320

==========================================================================
02_croc.gpl1 report_power tt
--------------------------------------------------------------------------
Group                  Internal  Switching    Leakage      Total
                          Power      Power      Power      Power (Watts)
----------------------------------------------------------------
Sequential             1.97e-02   6.19e-04   2.02e-06   2.03e-02  63.3%
Combinational          6.30e-03   3.46e-03   3.70e-06   9.77e-03  30.5%
Clock                  1.29e-06   6.78e-07   2.94e-10   1.97e-06   0.0%
Macro                  0.00e+00   0.00e+00   0.00e+00   0.00e+00   0.0%
Pad                    5.16e-05   1.95e-03   1.08e-07   2.00e-03   6.3%
----------------------------------------------------------------
Total                  2.60e-02   6.03e-03   5.83e-06   3.21e-02 100.0%
                          81.2%      18.8%       0.0%

==========================================================================
02_croc.gpl1 report_design_area
--------------------------------------------------------------------------

==========================================================================
02_croc.gpl1 area by hierarchy
--------------------------------------------------------------------------

--------------------------------------------------------------------------------
Design Area Summary
--------------------------------------------------------------------------------
Die Area:              4995225.0 um2
Core Area:             3254162.688 um2
Total Area:            2459027.1552 um2
Total Active Area:     665827.1551999999 um2

Core Utilization:      0.20460782666315172
Std Cell Utilization:  0.15628979507645993

--------------------------------------------------------------------------------
Hierarchical Area Report
--------------------------------------------------------------------------------
                                                                                Global Area (um^2)                                                              Global Instances                                                                Local Area (um^2)                                                               Local Instances
                                                                                ------------------------------------------------------------------------------- ------------------------------------------------------------------------------- ------------------------------------------------------------------------------- ----------------------------------------------------------------------------
Hierarchy Name                                                                  Total           StdCell         Macro           Cover           Pad             Total           StdCell         Macro           Cover           Pad             Total           StdCell         Macro           Cover           Pad             Total           StdCell         Macro           Cover           Pad             
-----------------------------------------------------------------------------------------------------------------------------------------------------------------------------------------------------------------------------------------------------------------------------------------------------------------------------------------------------------------------------------------------------------
<top>                                                                           2459027.155     479466.086      186361.069      313600.000      1479600.000     29459           29077           2               64              316             1798360.154     5160.154        0.000           313600.000      1479600.000     1091            711             0               64              316             
  i_croc_soc                                                                    660667.002      474305.933      186361.069      0.000           0.000           28368           28366           2               0               0               195.955         195.955         0.000           0.000           0.000           5               5               0               0               0               
    i_croc                                                                      655192.957      468831.888      186361.069      0.000           0.000           28068           28066           2               0               0               84237.149       84237.149       0.000           0.000           0.000           5789            5789            0               0               0               
      gen_sram_bank\[0\].i_sram                                                 94936.874       1756.339        93180.534       0.000           0.000           186             185             1               0               0               94936.874       1756.339        93180.534       0.000           0.000           186             185             1               0               0               
      gen_sram_bank\[1\].i_sram                                                 94936.874       1756.339        93180.534       0.000           0.000           186             185             1               0               0               94936.874       1756.339        93180.534       0.000           0.000           186             185             1               0               0               
      i_core_wrap                                                               209681.136      209681.136      0.000           0.000           0.000           11715           11715           0               0               0               66263.702       66263.702       0.000           0.000           0.000           4927            4927            0               0               0               
        i_ibex.cs_registers_i                                                   52038.806       52038.806       0.000           0.000           0.000           3114            3114            0               0               0               52038.806       52038.806       0.000           0.000           0.000           3114            3114            0               0               0               
        i_ibex.register_file_i                                                  91378.627       91378.627       0.000           0.000           0.000           3674            3674            0               0               0               91378.627       91378.627       0.000           0.000           0.000           3674            3674            0               0               0               
      i_dm_top.i_dm_top                                                         72204.048       72204.048       0.000           0.000           0.000           4686            4686            0               0               0               72204.048       72204.048       0.000           0.000           0.000           4686            4686            0               0               0               
      i_dmi_jtag                                                                40043.808       40043.808       0.000           0.000           0.000           2314            2314            0               0               0               16944.682       16944.682       0.000           0.000           0.000           1133            1133            0               0               0               
        i_dmi_cdc.i_cdc_req                                                     12183.696       12183.696       0.000           0.000           0.000           620             620             0               0               0               224.986         224.986         0.000           0.000           0.000           8               8               0               0               0               
          i_cdc_reset_ctrlr                                                     3915.475        3915.475        0.000           0.000           0.000           257             257             0               0               0               0.000           0.000           0.000           0.000           0.000           0               0               0               0               0               
            i_cdc_reset_ctrlr_half_a                                            1963.181        1963.181        0.000           0.000           0.000           131             131             0               0               0               1016.064        1016.064        0.000           0.000           0.000           83              83              0               0               0               
              i_state_transition_cdc_dst                                        368.323         368.323         0.000           0.000           0.000           19              19              0               0               0               273.974         273.974         0.000           0.000           0.000           17              17              0               0               0               
                i_sync                                                          94.349          94.349          0.000           0.000           0.000           2               2               0               0               0               94.349          94.349          0.000           0.000           0.000           2               2               0               0               0               
              i_state_transition_cdc_src                                        578.794         578.794         0.000           0.000           0.000           29              29              0               0               0               484.445         484.445         0.000           0.000           0.000           27              27              0               0               0               
                i_sync                                                          94.349          94.349          0.000           0.000           0.000           2               2               0               0               0               94.349          94.349          0.000           0.000           0.000           2               2               0               0               0               
            i_cdc_reset_ctrlr_half_b                                            1952.294        1952.294        0.000           0.000           0.000           126             126             0               0               0               1005.178        1005.178        0.000           0.000           0.000           78              78              0               0               0               
              i_state_transition_cdc_dst                                        368.323         368.323         0.000           0.000           0.000           19              19              0               0               0               273.974         273.974         0.000           0.000           0.000           17              17              0               0               0               
                i_sync                                                          94.349          94.349          0.000           0.000           0.000           2               2               0               0               0               94.349          94.349          0.000           0.000           0.000           2               2               0               0               0               
              i_state_transition_cdc_src                                        578.794         578.794         0.000           0.000           0.000           29              29              0               0               0               484.445         484.445         0.000           0.000           0.000           27              27              0               0               0               
                i_sync                                                          94.349          94.349          0.000           0.000           0.000           2               2               0               0               0               94.349          94.349          0.000           0.000           0.000           2               2               0               0               0               
          i_dst                                                                 4049.741        4049.741        0.000           0.000           0.000           178             178             0               0               0               3908.218        3908.218        0.000           0.000           0.000           175             175             0               0               0               
            i_sync                                                              141.523         141.523         0.000           0.000           0.000           3               3               0               0               0               141.523         141.523         0.000           0.000           0.000           3               3               0               0               0               
          i_src                                                                 3993.494        3993.494        0.000           0.000           0.000           177             177             0               0               0               3851.971        3851.971        0.000           0.000           0.000           174             174             0               0               0               
            i_sync                                                              141.523         141.523         0.000           0.000           0.000           3               3               0               0               0               141.523         141.523         0.000           0.000           0.000           3               3               0               0               0               
        i_dmi_cdc.i_cdc_resp                                                    10884.586       10884.586       0.000           0.000           0.000           558             558             0               0               0               232.243         232.243         0.000           0.000           0.000           9               9               0               0               0               
          i_cdc_reset_ctrlr                                                     3881.002        3881.002        0.000           0.000           0.000           250             250             0               0               0               0.000           0.000           0.000           0.000           0.000           0               0               0               0               0               
            i_cdc_reset_ctrlr_half_a                                            1964.995        1964.995        0.000           0.000           0.000           128             128             0               0               0               1017.878        1017.878        0.000           0.000           0.000           80              80              0               0               0               
              i_state_transition_cdc_dst                                        368.323         368.323         0.000           0.000           0.000           19              19              0               0               0               273.974         273.974         0.000           0.000           0.000           17              17              0               0               0               
                i_sync                                                          94.349          94.349          0.000           0.000           0.000           2               2               0               0               0               94.349          94.349          0.000           0.000           0.000           2               2               0               0               0               
              i_state_transition_cdc_src                                        578.794         578.794         0.000           0.000           0.000           29              29              0               0               0               484.445         484.445         0.000           0.000           0.000           27              27              0               0               0               
                i_sync                                                          94.349          94.349          0.000           0.000           0.000           2               2               0               0               0               94.349          94.349          0.000           0.000           0.000           2               2               0               0               0               
            i_cdc_reset_ctrlr_half_b                                            1916.006        1916.006        0.000           0.000           0.000           122             122             0               0               0               968.890         968.890         0.000           0.000           0.000           74              74              0               0               0               
              i_state_transition_cdc_dst                                        368.323         368.323         0.000           0.000           0.000           19              19              0               0               0               273.974         273.974         0.000           0.000           0.000           17              17              0               0               0               
                i_sync                                                          94.349          94.349          0.000           0.000           0.000           2               2               0               0               0               94.349          94.349          0.000           0.000           0.000           2               2               0               0               0               
              i_state_transition_cdc_src                                        578.794         578.794         0.000           0.000           0.000           29              29              0               0               0               484.445         484.445         0.000           0.000           0.000           27              27              0               0               0               
                i_sync                                                          94.349          94.349          0.000           0.000           0.000           2               2               0               0               0               94.349          94.349          0.000           0.000           0.000           2               2               0               0               0               
          i_dst                                                                 3414.701        3414.701        0.000           0.000           0.000           150             150             0               0               0               3273.178        3273.178        0.000           0.000           0.000           147             147             0               0               0               
            i_sync                                                              141.523         141.523         0.000           0.000           0.000           3               3               0               0               0               141.523         141.523         0.000           0.000           0.000           3               3               0               0               0               
          i_src                                                                 3356.640        3356.640        0.000           0.000           0.000           149             149             0               0               0               3215.117        3215.117        0.000           0.000           0.000           146             146             0               0               0               
            i_sync                                                              141.523         141.523         0.000           0.000           0.000           3               3               0               0               0               141.523         141.523         0.000           0.000           0.000           3               3               0               0               0               
        i_dmi_jtag_tap.i_dft_tck_mux                                            25.402          25.402          0.000           0.000           0.000           2               2               0               0               0               25.402          25.402          0.000           0.000           0.000           2               2               0               0               0               
        i_dmi_jtag_tap.i_tck_inv                                                5.443           5.443           0.000           0.000           0.000           1               1               0               0               0               5.443           5.443           0.000           0.000           0.000           1               1               0               0               0               
      i_gpio                                                                    26107.402       26107.402       0.000           0.000           0.000           1347            1347            0               0               0               23088.240       23088.240       0.000           0.000           0.000           1283            1283            0               0               0               
        gen_gpios\[0\].i_sync                                                   94.349          94.349          0.000           0.000           0.000           2               2               0               0               0               94.349          94.349          0.000           0.000           0.000           2               2               0               0               0               
        gen_gpios\[10\].i_sync                                                  94.349          94.349          0.000           0.000           0.000           2               2               0               0               0               94.349          94.349          0.000           0.000           0.000           2               2               0               0               0               
        gen_gpios\[11\].i_sync                                                  94.349          94.349          0.000           0.000           0.000           2               2               0               0               0               94.349          94.349          0.000           0.000           0.000           2               2               0               0               0               
        gen_gpios\[12\].i_sync                                                  94.349          94.349          0.000           0.000           0.000           2               2               0               0               0               94.349          94.349          0.000           0.000           0.000           2               2               0               0               0               
        gen_gpios\[13\].i_sync                                                  94.349          94.349          0.000           0.000           0.000           2               2               0               0               0               94.349          94.349          0.000           0.000           0.000           2               2               0               0               0               
        gen_gpios\[14\].i_sync                                                  94.349          94.349          0.000           0.000           0.000           2               2               0               0               0               94.349          94.349          0.000           0.000           0.000           2               2               0               0               0               
        gen_gpios\[15\].i_sync                                                  94.349          94.349          0.000           0.000           0.000           2               2               0               0               0               94.349          94.349          0.000           0.000           0.000           2               2               0               0               0               
        gen_gpios\[16\].i_sync                                                  94.349          94.349          0.000           0.000           0.000           2               2               0               0               0               94.349          94.349          0.000           0.000           0.000           2               2               0               0               0               
        gen_gpios\[17\].i_sync                                                  94.349          94.349          0.000           0.000           0.000           2               2               0               0               0               94.349          94.349          0.000           0.000           0.000           2               2               0               0               0               
        gen_gpios\[18\].i_sync                                                  94.349          94.349          0.000           0.000           0.000           2               2               0               0               0               94.349          94.349          0.000           0.000           0.000           2               2               0               0               0               
        gen_gpios\[19\].i_sync                                                  94.349          94.349          0.000           0.000           0.000           2               2               0               0               0               94.349          94.349          0.000           0.000           0.000           2               2               0               0               0               
        gen_gpios\[1\].i_sync                                                   94.349          94.349          0.000           0.000           0.000           2               2               0               0               0               94.349          94.349          0.000           0.000           0.000           2               2               0               0               0               
        gen_gpios\[20\].i_sync                                                  94.349          94.349          0.000           0.000           0.000           2               2               0               0               0               94.349          94.349          0.000           0.000           0.000           2               2               0               0               0               
        gen_gpios\[21\].i_sync                                                  94.349          94.349          0.000           0.000           0.000           2               2               0               0               0               94.349          94.349          0.000           0.000           0.000           2               2               0               0               0               
        gen_gpios\[22\].i_sync                                                  94.349          94.349          0.000           0.000           0.000           2               2               0               0               0               94.349          94.349          0.000           0.000           0.000           2               2               0               0               0               
        gen_gpios\[23\].i_sync                                                  94.349          94.349          0.000           0.000           0.000           2               2               0               0               0               94.349          94.349          0.000           0.000           0.000           2               2               0               0               0               
        gen_gpios\[24\].i_sync                                                  94.349          94.349          0.000           0.000           0.000           2               2               0               0               0               94.349          94.349          0.000           0.000           0.000           2               2               0               0               0               
        gen_gpios\[25\].i_sync                                                  94.349          94.349          0.000           0.000           0.000           2               2               0               0               0               94.349          94.349          0.000           0.000           0.000           2               2               0               0               0               
        gen_gpios\[26\].i_sync                                                  94.349          94.349          0.000           0.000           0.000           2               2               0               0               0               94.349          94.349          0.000           0.000           0.000           2               2               0               0               0               
        gen_gpios\[27\].i_sync                                                  94.349          94.349          0.000           0.000           0.000           2               2               0               0               0               94.349          94.349          0.000           0.000           0.000           2               2               0               0               0               
        gen_gpios\[28\].i_sync                                                  94.349          94.349          0.000           0.000           0.000           2               2               0               0               0               94.349          94.349          0.000           0.000           0.000           2               2               0               0               0               
        gen_gpios\[29\].i_sync                                                  94.349          94.349          0.000           0.000           0.000           2               2               0               0               0               94.349          94.349          0.000           0.000           0.000           2               2               0               0               0               
        gen_gpios\[2\].i_sync                                                   94.349          94.349          0.000           0.000           0.000           2               2               0               0               0               94.349          94.349          0.000           0.000           0.000           2               2               0               0               0               
        gen_gpios\[30\].i_sync                                                  94.349          94.349          0.000           0.000           0.000           2               2               0               0               0               94.349          94.349          0.000           0.000           0.000           2               2               0               0               0               
        gen_gpios\[31\].i_sync                                                  94.349          94.349          0.000           0.000           0.000           2               2               0               0               0               94.349          94.349          0.000           0.000           0.000           2               2               0               0               0               
        gen_gpios\[3\].i_sync                                                   94.349          94.349          0.000           0.000           0.000           2               2               0               0               0               94.349          94.349          0.000           0.000           0.000           2               2               0               0               0               
        gen_gpios\[4\].i_sync                                                   94.349          94.349          0.000           0.000           0.000           2               2               0               0               0               94.349          94.349          0.000           0.000           0.000           2               2               0               0               0               
        gen_gpios\[5\].i_sync                                                   94.349          94.349          0.000           0.000           0.000           2               2               0               0               0               94.349          94.349          0.000           0.000           0.000           2               2               0               0               0               
        gen_gpios\[6\].i_sync                                                   94.349          94.349          0.000           0.000           0.000           2               2               0               0               0               94.349          94.349          0.000           0.000           0.000           2               2               0               0               0               
        gen_gpios\[7\].i_sync                                                   94.349          94.349          0.000           0.000           0.000           2               2               0               0               0               94.349          94.349          0.000           0.000           0.000           2               2               0               0               0               
        gen_gpios\[8\].i_sync                                                   94.349          94.349          0.000           0.000           0.000           2               2               0               0               0               94.349          94.349          0.000           0.000           0.000           2               2               0               0               0               
        gen_gpios\[9\].i_sync                                                   94.349          94.349          0.000           0.000           0.000           2               2               0               0               0               94.349          94.349          0.000           0.000           0.000           2               2               0               0               0               
      i_soc_ctrl                                                                5423.242        5423.242        0.000           0.000           0.000           239             239             0               0               0               5423.242        5423.242        0.000           0.000           0.000           239             239             0               0               0               
      i_timer                                                                   27121.651       27121.651       0.000           0.000           0.000           1592            1592            0               0               0               27121.651       27121.651       0.000           0.000           0.000           1592            1592            0               0               0               
      i_uart.i_uart_modem.i_sync_cd                                             101.606         101.606         0.000           0.000           0.000           3               3               0               0               0               101.606         101.606         0.000           0.000           0.000           3               3               0               0               0               
      i_uart.i_uart_modem.i_sync_cts                                            101.606         101.606         0.000           0.000           0.000           3               3               0               0               0               101.606         101.606         0.000           0.000           0.000           3               3               0               0               0               
      i_uart.i_uart_modem.i_sync_dsr                                            101.606         101.606         0.000           0.000           0.000           3               3               0               0               0               101.606         101.606         0.000           0.000           0.000           3               3               0               0               0               
      i_uart.i_uart_modem.i_sync_ri                                             101.606         101.606         0.000           0.000           0.000           3               3               0               0               0               101.606         101.606         0.000           0.000           0.000           3               3               0               0               0               
      i_uart.i_uart_rx.i_sync                                                   94.349          94.349          0.000           0.000           0.000           2               2               0               0               0               94.349          94.349          0.000           0.000           0.000           2               2               0               0               0               
    i_ext_intr_sync                                                             94.349          94.349          0.000           0.000           0.000           2               2               0               0               0               94.349          94.349          0.000           0.000           0.000           2               2               0               0               0               
    i_rstgen.i_rstgen_bypass.i_tc_clk_mux2_init_no                              32.659          32.659          0.000           0.000           0.000           3               3               0               0               0               32.659          32.659          0.000           0.000           0.000           3               3               0               0               0               
    i_rstgen.i_rstgen_bypass.i_tc_clk_mux2_rst_n                                25.402          25.402          0.000           0.000           0.000           2               2               0               0               0               25.402          25.402          0.000           0.000           0.000           2               2               0               0               0               
    i_rstgen.i_rstgen_bypass.i_tc_clk_mux2_rst_no                               25.402          25.402          0.000           0.000           0.000           2               2               0               0               0               25.402          25.402          0.000           0.000           0.000           2               2               0               0               0               
    i_user                                                                      5100.278        5100.278        0.000           0.000           0.000           286             286             0               0               0               5100.278        5100.278        0.000           0.000           0.000           286             286             0               0               0               
