
==========================================================================
02_croc.gpl2 check_setup
--------------------------------------------------------------------------
0

==========================================================================
02_croc.gpl2 report_tns
--------------------------------------------------------------------------
tns -9.80

==========================================================================
02_croc.gpl2 report_wns
--------------------------------------------------------------------------
wns -0.53

==========================================================================
02_croc.gpl2 report_worst_slack
--------------------------------------------------------------------------
worst slack -0.53

==========================================================================
02_croc.gpl2 report_checks -path_delay min
--------------------------------------------------------------------------
Startpoint: i_croc_soc/i_rstgen.i_rstgen_bypass.synch_regs_q_3__reg
            (rising edge-triggered flip-flop clocked by clk_sys)
Endpoint: i_croc_soc/i_user/i_user_err.i_id_fifo.usage_o_reg
          (removal check against rising-edge clock clk_sys)
Path Group: asynchronous
Path Type: min
Corner: ff

Fanout     Cap    Slew   Delay    Time   Description
-----------------------------------------------------------------------------
                  0.20    0.00    0.00   clock clk_sys (rise edge)
                          0.00    0.00   clock network delay (ideal)
                  0.20    0.00    0.00 ^ i_croc_soc/i_rstgen.i_rstgen_bypass.synch_regs_q_3__reg/CLK (sg13g2_dfrbp_1)
     2    0.01    0.03    0.20    0.20 ^ i_croc_soc/i_rstgen.i_rstgen_bypass.synch_regs_q_3__reg/Q (sg13g2_dfrbp_1)
                                         i_croc_soc/i_rstgen.i_rstgen_bypass.synch_regs_q_3_ (net)
                  0.03    0.00    0.20 ^ i_croc_soc/i_rstgen.i_rstgen_bypass.i_tc_clk_mux2_rst_no/i_mux/A0 (sg13g2_mux2_2)
     3    0.16    0.21    0.19    0.39 ^ i_croc_soc/i_rstgen.i_rstgen_bypass.i_tc_clk_mux2_rst_no/i_mux/X (sg13g2_mux2_2)
                                         i_croc_soc/i_rstgen.i_rstgen_bypass.rst_no (net)
                  0.24    0.06    0.44 ^ fanout4563/A (sg13g2_buf_8)
     4    0.07    0.04    0.12    0.56 ^ fanout4563/X (sg13g2_buf_8)
                                         net4563 (net)
                  0.04    0.00    0.56 ^ fanout4562/A (sg13g2_buf_4)
     4    0.03    0.03    0.08    0.64 ^ fanout4562/X (sg13g2_buf_4)
                                         net4562 (net)
                  0.03    0.00    0.64 ^ i_croc_soc/i_user/i_user_err.i_id_fifo.usage_o_reg/RESET_B (sg13g2_dfrbp_1)
                                  0.64   data arrival time

                  0.20    0.00    0.00   clock clk_sys (rise edge)
                          0.00    0.00   clock network delay (ideal)
                          0.10    0.10   clock uncertainty
                          0.00    0.10   clock reconvergence pessimism
                                  0.10 ^ i_croc_soc/i_user/i_user_err.i_id_fifo.usage_o_reg/CLK (sg13g2_dfrbp_1)
                         -0.05    0.05   library removal time
                                  0.05   data required time
-----------------------------------------------------------------------------
                                  0.05   data required time
                                 -0.64   data arrival time
-----------------------------------------------------------------------------
                                  0.59   slack (MET)


Startpoint: i_croc_soc/i_croc/i_dmi_jtag/i_dmi_cdc.i_cdc_resp/i_cdc_reset_ctrlr/i_cdc_reset_ctrlr_half_b/i_state_transition_cdc_dst/i_sync/reg_q_0__reg
            (rising edge-triggered flip-flop clocked by clk_jtg)
Endpoint: i_croc_soc/i_croc/i_dmi_jtag/i_dmi_cdc.i_cdc_resp/i_cdc_reset_ctrlr/i_cdc_reset_ctrlr_half_b/i_state_transition_cdc_dst/i_sync/serial_o_reg
          (rising edge-triggered flip-flop clocked by clk_jtg)
Path Group: clk_jtg
Path Type: min
Corner: ff

Fanout     Cap    Slew   Delay    Time   Description
-----------------------------------------------------------------------------
                  0.20    0.00    0.00   clock clk_jtg (rise edge)
                          0.00    0.00   clock network delay (ideal)
                  0.20    0.00    0.00 ^ i_croc_soc/i_croc/i_dmi_jtag/i_dmi_cdc.i_cdc_resp/i_cdc_reset_ctrlr/i_cdc_reset_ctrlr_half_b/i_state_transition_cdc_dst/i_sync/reg_q_0__reg/CLK (sg13g2_dfrbp_1)
     1    0.00    0.01    0.18    0.18 v i_croc_soc/i_croc/i_dmi_jtag/i_dmi_cdc.i_cdc_resp/i_cdc_reset_ctrlr/i_cdc_reset_ctrlr_half_b/i_state_transition_cdc_dst/i_sync/reg_q_0__reg/Q (sg13g2_dfrbp_1)
                                         i_croc_soc/i_croc/i_dmi_jtag/i_dmi_cdc.i_cdc_resp/i_cdc_reset_ctrlr/i_cdc_reset_ctrlr_half_b/i_state_transition_cdc_dst/i_sync/reg_q_0_ (net)
                  0.01    0.00    0.18 v i_croc_soc/i_croc/i_dmi_jtag/i_dmi_cdc.i_cdc_resp/i_cdc_reset_ctrlr/i_cdc_reset_ctrlr_half_b/i_state_transition_cdc_dst/i_sync/serial_o_reg/D (sg13g2_dfrbp_1)
                                  0.18   data arrival time

                  0.20    0.00    0.00   clock clk_jtg (rise edge)
                          0.00    0.00   clock network delay (ideal)
                          0.10    0.10   clock uncertainty
                          0.00    0.10   clock reconvergence pessimism
                                  0.10 ^ i_croc_soc/i_croc/i_dmi_jtag/i_dmi_cdc.i_cdc_resp/i_cdc_reset_ctrlr/i_cdc_reset_ctrlr_half_b/i_state_transition_cdc_dst/i_sync/serial_o_reg/CLK (sg13g2_dfrbp_1)
                          0.01    0.11   library hold time
                                  0.11   data required time
-----------------------------------------------------------------------------
                                  0.11   data required time
                                 -0.18   data arrival time
-----------------------------------------------------------------------------
                                  0.07   slack (MET)


Startpoint: i_croc_soc/i_croc/i_main_xbar.gen_mux[3].i_mux.gen_no_id_assign.i_fifo.status_cnt_q_1__reg
            (rising edge-triggered flip-flop clocked by clk_sys)
Endpoint: i_croc_soc/i_croc/gen_sram_bank[1].i_sram/gen_512x32xBx1.i_cut
          (rising edge-triggered flip-flop clocked by clk_sys)
Path Group: clk_sys
Path Type: min
Corner: ff

Fanout     Cap    Slew   Delay    Time   Description
-----------------------------------------------------------------------------
                  0.20    0.00    0.00   clock clk_sys (rise edge)
                          0.00    0.00   clock network delay (ideal)
                  0.20    0.00    0.00 ^ i_croc_soc/i_croc/i_main_xbar.gen_mux[3].i_mux.gen_no_id_assign.i_fifo.status_cnt_q_1__reg/CLK (sg13g2_dfrbp_2)
     1    0.01    0.03    0.16    0.16 ^ i_croc_soc/i_croc/i_main_xbar.gen_mux[3].i_mux.gen_no_id_assign.i_fifo.status_cnt_q_1__reg/Q_N (sg13g2_dfrbp_2)
                                         i_croc_soc/i_croc/i_main_xbar.gen_mux[3].i_mux.fifo_full_$_NOT__Y_A_$_OR__Y_B (net)
                  0.03    0.00    0.16 ^ i_croc_soc/i_croc/_08132_/B (sg13g2_nor2_2)
     5    0.03    0.04    0.05    0.20 v i_croc_soc/i_croc/_08132_/Y (sg13g2_nor2_2)
                                         i_croc_soc/i_croc/_02961_ (net)
                  0.04    0.00    0.20 v i_croc_soc/i_croc/_08133_/B (sg13g2_nor2_2)
     2    0.02    0.06    0.06    0.27 ^ i_croc_soc/i_croc/_08133_/Y (sg13g2_nor2_2)
                                         i_croc_soc/i_croc/_02962_ (net)
                  0.08    0.00    0.27 ^ i_croc_soc/i_croc/gen_sram_bank[1].i_sram/gen_512x32xBx1.i_cut/A_MEN (RM_IHPSG13_1P_256x64_c2_bm_bist)
                                  0.27   data arrival time

                  0.20    0.00    0.00   clock clk_sys (rise edge)
                          0.00    0.00   clock network delay (ideal)
                          0.10    0.10   clock uncertainty
                          0.00    0.10   clock reconvergence pessimism
                                  0.10 ^ i_croc_soc/i_croc/gen_sram_bank[1].i_sram/gen_512x32xBx1.i_cut/A_CLK (RM_IHPSG13_1P_256x64_c2_bm_bist)
                          0.28    0.38   library hold time
                                  0.38   data required time
-----------------------------------------------------------------------------
                                  0.38   data required time
                                 -0.27   data arrival time
-----------------------------------------------------------------------------
                                 -0.11   slack (VIOLATED)



==========================================================================
02_croc.gpl2 report_checks -path_delay max
--------------------------------------------------------------------------
Startpoint: i_croc_soc/i_rstgen.i_rstgen_bypass.synch_regs_q_3__reg
            (rising edge-triggered flip-flop clocked by clk_sys)
Endpoint: i_croc_soc/i_croc/i_dm_top.i_dm_top/i_dm_csrs.i_fifo.mem_q_24__reg
          (recovery check against rising-edge clock clk_sys)
Path Group: asynchronous
Path Type: max
Corner: tt

Fanout     Cap    Slew   Delay    Time   Description
-----------------------------------------------------------------------------
                  0.20    0.00    0.00   clock clk_sys (rise edge)
                          0.00    0.00   clock network delay (ideal)
                  0.20    0.00    0.00 ^ i_croc_soc/i_rstgen.i_rstgen_bypass.synch_regs_q_3__reg/CLK (sg13g2_dfrbp_1)
     2    0.01    0.04    0.28    0.28 ^ i_croc_soc/i_rstgen.i_rstgen_bypass.synch_regs_q_3__reg/Q (sg13g2_dfrbp_1)
                                         i_croc_soc/i_rstgen.i_rstgen_bypass.synch_regs_q_3_ (net)
                  0.04    0.00    0.28 ^ i_croc_soc/i_rstgen.i_rstgen_bypass.i_tc_clk_mux2_rst_no/i_mux/A0 (sg13g2_mux2_2)
     3    0.16    0.33    0.30    0.59 ^ i_croc_soc/i_rstgen.i_rstgen_bypass.i_tc_clk_mux2_rst_no/i_mux/X (sg13g2_mux2_2)
                                         i_croc_soc/i_rstgen.i_rstgen_bypass.rst_no (net)
                  0.34    0.05    0.64 ^ fanout4347/A (sg13g2_buf_8)
     4    0.11    0.08    0.20    0.84 ^ fanout4347/X (sg13g2_buf_8)
                                         net4347 (net)
                  0.08    0.01    0.85 ^ fanout4132/A (sg13g2_buf_4)
     4    0.07    0.08    0.15    1.00 ^ fanout4132/X (sg13g2_buf_4)
                                         net4132 (net)
                  0.08    0.00    1.00 ^ fanout4062/A (sg13g2_buf_4)
     4    0.03    0.04    0.13    1.13 ^ fanout4062/X (sg13g2_buf_4)
                                         net4062 (net)
                  0.04    0.00    1.13 ^ fanout4061/A (sg13g2_buf_4)
     5    0.06    0.07    0.13    1.25 ^ fanout4061/X (sg13g2_buf_4)
                                         net4061 (net)
                  0.07    0.00    1.25 ^ fanout4046/A (sg13g2_buf_2)
     5    0.03    0.08    0.13    1.39 ^ fanout4046/X (sg13g2_buf_2)
                                         net4046 (net)
                  0.08    0.00    1.39 ^ fanout4045/A (sg13g2_buf_2)
     4    0.02    0.05    0.11    1.50 ^ fanout4045/X (sg13g2_buf_2)
                                         net4045 (net)
                  0.05    0.00    1.50 ^ fanout4044/A (sg13g2_buf_4)
     8    0.06    0.08    0.14    1.64 ^ fanout4044/X (sg13g2_buf_4)
                                         net4044 (net)
                  0.08    0.00    1.64 ^ fanout4043/A (sg13g2_buf_4)
     8    0.06    0.08    0.15    1.79 ^ fanout4043/X (sg13g2_buf_4)
                                         net4043 (net)
                  0.08    0.00    1.79 ^ i_croc_soc/i_croc/i_dm_top.i_dm_top/i_dm_csrs.i_fifo.mem_q_24__reg/RESET_B (sg13g2_dfrbp_1)
                                  1.79   data arrival time

                  0.20   12.50   12.50   clock clk_sys (rise edge)
                          0.00   12.50   clock network delay (ideal)
                         -0.10   12.40   clock uncertainty
                          0.00   12.40   clock reconvergence pessimism
                                 12.40 ^ i_croc_soc/i_croc/i_dm_top.i_dm_top/i_dm_csrs.i_fifo.mem_q_24__reg/CLK (sg13g2_dfrbp_1)
                         -0.11   12.29   library recovery time
                                 12.29   data required time
-----------------------------------------------------------------------------
                                 12.29   data required time
                                 -1.79   data arrival time
-----------------------------------------------------------------------------
                                 10.50   slack (MET)


Startpoint: i_croc_soc/i_croc/i_dmi_jtag/i_dmi_cdc.i_cdc_req/i_dst/async_ack_o_reg
            (rising edge-triggered flip-flop clocked by clk_sys)
Endpoint: i_croc_soc/i_croc/i_dm_top.i_dm_top/i_dm_csrs.progbuf_o_84__reg
          (rising edge-triggered flip-flop clocked by clk_sys)
Path Group: path delay
Path Type: max
Corner: tt

Fanout     Cap    Slew   Delay    Time   Description
-----------------------------------------------------------------------------
                  0.20    0.00    0.00 ^ i_croc_soc/i_croc/i_dmi_jtag/i_dmi_cdc.i_cdc_req/i_dst/async_ack_o_reg/CLK (sg13g2_dfrbp_2)
     6    0.03    0.07    0.35    0.35 ^ i_croc_soc/i_croc/i_dmi_jtag/i_dmi_cdc.i_cdc_req/i_dst/async_ack_o_reg/Q (sg13g2_dfrbp_2)
                                         i_croc_soc/i_croc/i_dmi_jtag/i_dmi_cdc.i_cdc_req/async_ack (net)
                  0.07    0.00    0.35 ^ i_croc_soc/i_croc/i_dmi_jtag/i_dmi_cdc.i_cdc_req/i_dst/_199_/A (sg13g2_xor2_1)
     1    0.00    0.06    0.11    0.45 ^ i_croc_soc/i_croc/i_dmi_jtag/i_dmi_cdc.i_cdc_req/i_dst/_199_/X (sg13g2_xor2_1)
                                         i_croc_soc/i_croc/i_dmi_jtag/i_dmi_cdc.i_cdc_req/s_dst_valid (net)
                  0.06    0.00    0.45 ^ i_croc_soc/i_croc/i_dmi_jtag/i_dmi_cdc.i_cdc_req/_5_/B_N (sg13g2_nor2b_2)
     5    0.03    0.14    0.17    0.62 ^ i_croc_soc/i_croc/i_dmi_jtag/i_dmi_cdc.i_cdc_req/_5_/Y (sg13g2_nor2b_2)
                                         i_croc_soc/i_croc/dmi_req_valid (net)
                  0.14    0.00    0.63 ^ i_croc_soc/i_croc/i_dm_top.i_dm_top/_4879_/A (sg13g2_nand2_2)
     4    0.03    0.12    0.14    0.76 v i_croc_soc/i_croc/i_dm_top.i_dm_top/_4879_/Y (sg13g2_nand2_2)
                                         i_croc_soc/i_croc/i_dm_top.i_dm_top/_0600_ (net)
                  0.12    0.00    0.76 v i_croc_soc/i_croc/i_dm_top.i_dm_top/_4891_/A (sg13g2_or2_1)
     2    0.01    0.05    0.16    0.92 v i_croc_soc/i_croc/i_dm_top.i_dm_top/_4891_/X (sg13g2_or2_1)
                                         i_croc_soc/i_croc/i_dm_top.i_dm_top/_0611_ (net)
                  0.05    0.00    0.92 v fanout3198/A (sg13g2_buf_4)
     8    0.05    0.05    0.11    1.03 v fanout3198/X (sg13g2_buf_4)
                                         net3198 (net)
                  0.05    0.00    1.03 v i_croc_soc/i_croc/i_dm_top.i_dm_top/_4896_/A (sg13g2_nor2_2)
     7    0.03    0.16    0.15    1.18 ^ i_croc_soc/i_croc/i_dm_top.i_dm_top/_4896_/Y (sg13g2_nor2_2)
                                         i_croc_soc/i_croc/i_dm_top.i_dm_top/_0616_ (net)
                  0.16    0.00    1.18 ^ i_croc_soc/i_croc/i_dm_top.i_dm_top/_6537_/A1 (sg13g2_a21oi_2)
     8    0.04    0.15    0.18    1.37 v i_croc_soc/i_croc/i_dm_top.i_dm_top/_6537_/Y (sg13g2_a21oi_2)
                                         i_croc_soc/i_croc/i_dm_top.i_dm_top/_2038_ (net)
                  0.15    0.00    1.37 v i_croc_soc/i_croc/i_dm_top.i_dm_top/_7273_/A (sg13g2_nor2_1)
     1    0.00    0.07    0.10    1.47 ^ i_croc_soc/i_croc/i_dm_top.i_dm_top/_7273_/Y (sg13g2_nor2_1)
                                         i_croc_soc/i_croc/i_dm_top.i_dm_top/_2558_ (net)
                  0.07    0.00    1.47 ^ fanout2868/A (sg13g2_buf_4)
     4    0.04    0.05    0.13    1.59 ^ fanout2868/X (sg13g2_buf_4)
                                         net2868 (net)
                  0.05    0.00    1.60 ^ fanout2865/A (sg13g2_buf_2)
     4    0.03    0.07    0.12    1.71 ^ fanout2865/X (sg13g2_buf_2)
                                         net2865 (net)
                  0.07    0.00    1.71 ^ fanout2864/A (sg13g2_buf_4)
     8    0.04    0.05    0.13    1.84 ^ fanout2864/X (sg13g2_buf_4)
                                         net2864 (net)
                  0.05    0.00    1.84 ^ fanout2863/A (sg13g2_buf_2)
     8    0.04    0.09    0.13    1.98 ^ fanout2863/X (sg13g2_buf_2)
                                         net2863 (net)
                  0.09    0.00    1.98 ^ fanout2862/A (sg13g2_buf_2)
     8    0.04    0.09    0.15    2.13 ^ fanout2862/X (sg13g2_buf_2)
                                         net2862 (net)
                  0.09    0.00    2.13 ^ i_croc_soc/i_croc/i_dm_top.i_dm_top/_7350_/C (sg13g2_nand3_1)
     1    0.00    0.06    0.10    2.22 v i_croc_soc/i_croc/i_dm_top.i_dm_top/_7350_/Y (sg13g2_nand3_1)
                                         i_croc_soc/i_croc/i_dm_top.i_dm_top/_2613_ (net)
                  0.06    0.00    2.22 v i_croc_soc/i_croc/i_dm_top.i_dm_top/_7351_/B1 (sg13g2_o21ai_1)
     1    0.00    0.08    0.05    2.27 ^ i_croc_soc/i_croc/i_dm_top.i_dm_top/_7351_/Y (sg13g2_o21ai_1)
                                         i_croc_soc/i_croc/i_dm_top.i_dm_top/_0420_ (net)
                  0.08    0.00    2.27 ^ i_croc_soc/i_croc/i_dm_top.i_dm_top/i_dm_csrs.progbuf_o_84__reg/D (sg13g2_dfrbp_1)
                                  2.27   data arrival time

                          4.38    4.38   max_delay
                         -0.10    4.27   library setup time
                                  4.27   data required time
-----------------------------------------------------------------------------
                                  4.27   data required time
                                 -2.27   data arrival time
-----------------------------------------------------------------------------
                                  2.00   slack (MET)


Startpoint: i_croc_soc/i_croc/i_dmi_jtag/td_o_reg
            (rising edge-triggered flip-flop clocked by clk_jtg')
Endpoint: jtag_tdo_o (output port clocked by clk_jtg)
Path Group: clk_jtg
Path Type: max
Corner: tt

Fanout     Cap    Slew   Delay    Time   Description
-----------------------------------------------------------------------------
                  0.20   10.00   10.00   clock clk_jtg' (rise edge)
                          0.00   10.00   clock network delay (ideal)
                  0.20    0.00   10.00 ^ i_croc_soc/i_croc/i_dmi_jtag/td_o_reg/CLK (sg13g2_dfrbp_2)
     1    0.14    0.29    0.47   10.47 ^ i_croc_soc/i_croc/i_dmi_jtag/td_o_reg/Q (sg13g2_dfrbp_2)
                                         soc_jtag_tdo_o (net)
                  0.40    0.05   10.52 ^ pad_jtag_tdo_o/c2p (sg13g2_IOPadOut16mA)
     1   15.00    3.55    3.29   13.81 ^ pad_jtag_tdo_o/pad (sg13g2_IOPadOut16mA)
                                         jtag_tdo_o (net)
                  2.66    0.00   13.81 ^ jtag_tdo_o (out)
                                 13.81   data arrival time

                  0.20   20.00   20.00   clock clk_jtg (rise edge)
                          0.00   20.00   clock network delay (ideal)
                         -0.10   19.90   clock uncertainty
                          0.00   19.90   clock reconvergence pessimism
                         -5.00   14.90   output external delay
                                 14.90   data required time
-----------------------------------------------------------------------------
                                 14.90   data required time
                                -13.81   data arrival time
-----------------------------------------------------------------------------
                                  1.09   slack (MET)


Startpoint: i_croc_soc/i_croc/i_core_wrap/i_ibex.id_stage_i.controller_i.instr_i_15__reg
            (rising edge-triggered flip-flop clocked by clk_sys)
Endpoint: i_croc_soc/i_croc/i_core_wrap/i_ibex.crash_dump_o_93__reg
          (rising edge-triggered flip-flop clocked by clk_sys)
Path Group: clk_sys
Path Type: max
Corner: tt

Fanout     Cap    Slew   Delay    Time   Description
-----------------------------------------------------------------------------
                  0.20    0.00    0.00   clock clk_sys (rise edge)
                          0.00    0.00   clock network delay (ideal)
                  0.20    0.00    0.00 ^ i_croc_soc/i_croc/i_core_wrap/i_ibex.id_stage_i.controller_i.instr_i_15__reg/CLK (sg13g2_dfrbp_2)
     3    0.06    0.14    0.39    0.39 ^ i_croc_soc/i_croc/i_core_wrap/i_ibex.id_stage_i.controller_i.instr_i_15__reg/Q (sg13g2_dfrbp_2)
                                         i_croc_soc/i_croc/i_core_wrap/i_ibex.id_stage_i.controller_i.instr_i_15_ (net)
                  0.14    0.01    0.40 ^ fanout5230/A (sg13g2_buf_8)
     8    0.09    0.06    0.14    0.54 ^ fanout5230/X (sg13g2_buf_8)
                                         net5230 (net)
                  0.06    0.00    0.54 ^ fanout5229/A (sg13g2_buf_2)
     4    0.03    0.07    0.12    0.65 ^ fanout5229/X (sg13g2_buf_2)
                                         net5229 (net)
                  0.07    0.00    0.66 ^ fanout5208/A (sg13g2_buf_2)
     4    0.03    0.07    0.12    0.78 ^ fanout5208/X (sg13g2_buf_2)
                                         net5208 (net)
                  0.07    0.00    0.78 ^ fanout5206/A (sg13g2_buf_2)
     6    0.03    0.08    0.13    0.91 ^ fanout5206/X (sg13g2_buf_2)
                                         net5206 (net)
                  0.08    0.00    0.91 ^ fanout5205/A (sg13g2_buf_4)
     8    0.05    0.06    0.14    1.05 ^ fanout5205/X (sg13g2_buf_4)
                                         net5205 (net)
                  0.06    0.00    1.05 ^ i_croc_soc/i_croc/i_core_wrap/i_ibex.register_file_i/_4582_/S (sg13g2_mux2_1)
     1    0.00    0.04    0.17    1.22 v i_croc_soc/i_croc/i_core_wrap/i_ibex.register_file_i/_4582_/X (sg13g2_mux2_1)
                                         i_croc_soc/i_croc/i_core_wrap/i_ibex.register_file_i/_1526_ (net)
                  0.04    0.00    1.22 v i_croc_soc/i_croc/i_core_wrap/i_ibex.register_file_i/_4584_/A2 (sg13g2_a22oi_1)
     1    0.00    0.06    0.08    1.30 ^ i_croc_soc/i_croc/i_core_wrap/i_ibex.register_file_i/_4584_/Y (sg13g2_a22oi_1)
                                         i_croc_soc/i_croc/i_core_wrap/i_ibex.register_file_i/_1528_ (net)
                  0.06    0.00    1.30 ^ i_croc_soc/i_croc/i_core_wrap/i_ibex.register_file_i/_4585_/A2 (sg13g2_a21oi_1)
     1    0.01    0.07    0.09    1.39 v i_croc_soc/i_croc/i_core_wrap/i_ibex.register_file_i/_4585_/Y (sg13g2_a21oi_1)
                                         i_croc_soc/i_croc/i_core_wrap/i_ibex.register_file_i/_1529_ (net)
                  0.07    0.00    1.39 v i_croc_soc/i_croc/i_core_wrap/i_ibex.register_file_i/_4586_/C1 (sg13g2_a221oi_1)
     1    0.02    0.27    0.23    1.62 ^ i_croc_soc/i_croc/i_core_wrap/i_ibex.register_file_i/_4586_/Y (sg13g2_a221oi_1)
                                         i_croc_soc/i_croc/i_core_wrap/i_ibex.register_file_i/_1530_ (net)
                  0.27    0.00    1.62 ^ i_croc_soc/i_croc/i_core_wrap/i_ibex.register_file_i/_4587_/C (sg13g2_nand3_1)
     1    0.05    0.41    0.43    2.04 v i_croc_soc/i_croc/i_core_wrap/i_ibex.register_file_i/_4587_/Y (sg13g2_nand3_1)
                                         i_croc_soc/i_croc/i_core_wrap/i_ibex.ex_block_i.multdiv_operand_a_i_7_ (net)
                  0.41    0.01    2.05 v i_croc_soc/i_croc/i_core_wrap/_5621_/A0 (sg13g2_mux2_1)
     1    0.00    0.05    0.21    2.26 v i_croc_soc/i_croc/i_core_wrap/_5621_/X (sg13g2_mux2_1)
                                         i_croc_soc/i_croc/i_core_wrap/_0958_ (net)
                  0.05    0.00    2.26 v i_croc_soc/i_croc/i_core_wrap/_5622_/B2 (sg13g2_a22oi_1)
     1    0.00    0.06    0.06    2.32 ^ i_croc_soc/i_croc/i_core_wrap/_5622_/Y (sg13g2_a22oi_1)
                                         i_croc_soc/i_croc/i_core_wrap/_0959_ (net)
                  0.06    0.00    2.32 ^ fanout3105/A (sg13g2_buf_2)
     5    0.03    0.07    0.12    2.44 ^ fanout3105/X (sg13g2_buf_2)
                                         net3105 (net)
                  0.07    0.00    2.44 ^ fanout3104/A (sg13g2_buf_1)
     5    0.02    0.08    0.12    2.56 ^ fanout3104/X (sg13g2_buf_1)
                                         net3104 (net)
                  0.08    0.00    2.56 ^ fanout3102/A (sg13g2_buf_2)
     8    0.03    0.07    0.13    2.69 ^ fanout3102/X (sg13g2_buf_2)
                                         net3102 (net)
                  0.07    0.00    2.69 ^ i_croc_soc/i_croc/i_core_wrap/_5678_/A_N (sg13g2_nand2b_1)
     2    0.01    0.09    0.09    2.78 ^ i_croc_soc/i_croc/i_core_wrap/_5678_/Y (sg13g2_nand2b_1)
                                         i_croc_soc/i_croc/i_core_wrap/_1010_ (net)
                  0.09    0.00    2.78 ^ fanout2955/A (sg13g2_buf_2)
     8    0.03    0.08    0.14    2.92 ^ fanout2955/X (sg13g2_buf_2)
                                         net2955 (net)
                  0.08    0.00    2.92 ^ i_croc_soc/i_croc/i_core_wrap/_5681_/A2 (sg13g2_a21oi_1)
     1    0.00    0.05    0.08    3.00 v i_croc_soc/i_croc/i_core_wrap/_5681_/Y (sg13g2_a21oi_1)
                                         i_croc_soc/i_croc/i_core_wrap/_1013_ (net)
                  0.05    0.00    3.00 v i_croc_soc/i_croc/i_core_wrap/_5684_/A1 (sg13g2_o21ai_1)
     4    0.02    0.19    0.19    3.19 ^ i_croc_soc/i_croc/i_core_wrap/_5684_/Y (sg13g2_o21ai_1)
                                         i_croc_soc/i_croc/i_core_wrap/_1016_ (net)
                  0.19    0.00    3.19 ^ i_croc_soc/i_croc/i_core_wrap/_5686_/B (sg13g2_nand3_1)
     1    0.00    0.07    0.12    3.30 v i_croc_soc/i_croc/i_core_wrap/_5686_/Y (sg13g2_nand3_1)
                                         i_croc_soc/i_croc/i_core_wrap/_1018_ (net)
                  0.07    0.00    3.30 v i_croc_soc/i_croc/i_core_wrap/_5688_/A2 (sg13g2_a21oi_1)
     1    0.00    0.06    0.09    3.39 ^ i_croc_soc/i_croc/i_core_wrap/_5688_/Y (sg13g2_a21oi_1)
                                         i_croc_soc/i_croc/i_core_wrap/_1020_ (net)
                  0.06    0.00    3.39 ^ i_croc_soc/i_croc/i_core_wrap/_5691_/A (sg13g2_or3_1)
     1    0.01    0.04    0.10    3.50 ^ i_croc_soc/i_croc/i_core_wrap/_5691_/X (sg13g2_or3_1)
                                         i_croc_soc/i_croc/i_core_wrap/_1023_ (net)
                  0.04    0.00    3.50 ^ i_croc_soc/i_croc/i_core_wrap/_5700_/B1 (sg13g2_a22oi_1)
     3    0.02    0.13    0.11    3.61 v i_croc_soc/i_croc/i_core_wrap/_5700_/Y (sg13g2_a22oi_1)
                                         i_croc_soc/i_croc/i_core_wrap/_1032_ (net)
                  0.13    0.00    3.61 v i_croc_soc/i_croc/i_core_wrap/_5859_/A (sg13g2_nor3_2)
     8    0.05    0.34    0.32    3.94 ^ i_croc_soc/i_croc/i_core_wrap/_5859_/Y (sg13g2_nor3_2)
                                         i_croc_soc/i_croc/i_core_wrap/_1186_ (net)
                  0.34    0.00    3.94 ^ i_croc_soc/i_croc/i_core_wrap/_6222_/A1 (sg13g2_o21ai_1)
     1    0.00    0.08    0.13    4.06 v i_croc_soc/i_croc/i_core_wrap/_6222_/Y (sg13g2_o21ai_1)
                                         i_croc_soc/i_croc/i_core_wrap/_1527_ (net)
                  0.08    0.00    4.06 v i_croc_soc/i_croc/i_core_wrap/_6223_/B_N (sg13g2_nor2b_1)
     2    0.01    0.05    0.10    4.17 v i_croc_soc/i_croc/i_core_wrap/_6223_/Y (sg13g2_nor2b_1)
                                         i_croc_soc/i_croc/i_core_wrap/_1528_ (net)
                  0.05    0.00    4.17 v fanout1031/A (sg13g2_buf_2)
     8    0.03    0.06    0.12    4.28 v fanout1031/X (sg13g2_buf_2)
                                         net1031 (net)
                  0.06    0.00    4.29 v i_croc_soc/i_croc/i_core_wrap/_6346_/A (sg13g2_xnor2_1)
     6    0.05    0.30    0.30    4.58 v i_croc_soc/i_croc/i_core_wrap/_6346_/Y (sg13g2_xnor2_1)
                                         i_croc_soc/i_croc/core_data_obi_req_63_ (net)
                  0.30    0.00    4.58 v i_croc_soc/i_croc/i_core_wrap/_7340_/A1 (sg13g2_a221oi_1)
     1    0.01    0.16    0.23    4.81 ^ i_croc_soc/i_croc/i_core_wrap/_7340_/Y (sg13g2_a221oi_1)
                                         i_croc_soc/i_croc/i_core_wrap/_2494_ (net)
                  0.16    0.00    4.81 ^ i_croc_soc/i_croc/i_core_wrap/_7342_/A (sg13g2_nor2_2)
     3    0.01    0.06    0.09    4.90 v i_croc_soc/i_croc/i_core_wrap/_7342_/Y (sg13g2_nor2_2)
                                         i_croc_soc/i_croc/i_core_wrap/_2496_ (net)
                  0.06    0.00    4.90 v i_croc_soc/i_croc/i_core_wrap/_8583_/B1 (sg13g2_a21o_1)
     3    0.01    0.06    0.14    5.05 v i_croc_soc/i_croc/i_core_wrap/_8583_/X (sg13g2_a21o_1)
                                         i_croc_soc/i_croc/i_core_wrap/_3583_ (net)
                  0.06    0.00    5.05 v i_croc_soc/i_croc/i_core_wrap/_8901_/A1 (sg13g2_mux2_2)
     4    0.02    0.05    0.16    5.21 v i_croc_soc/i_croc/i_core_wrap/_8901_/X (sg13g2_mux2_2)
                                         i_croc_soc/i_croc/core_instr_obi_req_63_ (net)
                  0.05    0.00    5.21 v i_croc_soc/i_croc/_05445_/A (sg13g2_nor4_1)
     1    0.01    0.15    0.18    5.39 ^ i_croc_soc/i_croc/_05445_/Y (sg13g2_nor4_1)
                                         i_croc_soc/i_croc/_00761_ (net)
                  0.15    0.00    5.39 ^ i_croc_soc/i_croc/_05446_/C (sg13g2_nand3_1)
     4    0.02    0.21    0.24    5.62 v i_croc_soc/i_croc/_05446_/Y (sg13g2_nand3_1)
                                         i_croc_soc/i_croc/_00762_ (net)
                  0.21    0.00    5.62 v i_croc_soc/i_croc/_05452_/A (sg13g2_nor3_2)
     5    0.03    0.23    0.25    5.88 ^ i_croc_soc/i_croc/_05452_/Y (sg13g2_nor3_2)
                                         i_croc_soc/i_croc/_00768_ (net)
                  0.23    0.00    5.88 ^ i_croc_soc/i_croc/_05453_/A (sg13g2_inv_1)
     3    0.01    0.08    0.11    5.99 v i_croc_soc/i_croc/_05453_/Y (sg13g2_inv_1)
                                         i_croc_soc/i_croc/_00769_ (net)
                  0.08    0.00    5.99 v i_croc_soc/i_croc/_05455_/B (sg13g2_and4_1)
     2    0.01    0.03    0.11    6.10 v i_croc_soc/i_croc/_05455_/X (sg13g2_and4_1)
                                         i_croc_soc/i_croc/_00771_ (net)
                  0.03    0.00    6.10 v i_croc_soc/i_croc/_05456_/B1 (sg13g2_o21ai_1)
     5    0.03    0.31    0.13    6.24 ^ i_croc_soc/i_croc/_05456_/Y (sg13g2_o21ai_1)
                                         i_croc_soc/i_croc/_00772_ (net)
                  0.31    0.00    6.24 ^ i_croc_soc/i_croc/_05457_/C (sg13g2_nor3_2)
     3    0.01    0.07    0.10    6.34 v i_croc_soc/i_croc/_05457_/Y (sg13g2_nor3_2)
                                         i_croc_soc/i_croc/_00773_ (net)
                  0.07    0.00    6.34 v i_croc_soc/i_croc/_05458_/D (sg13g2_nor4_2)
     3    0.01    0.18    0.16    6.50 ^ i_croc_soc/i_croc/_05458_/Y (sg13g2_nor4_2)
                                         i_croc_soc/i_croc/_00774_ (net)
                  0.18    0.00    6.50 ^ i_croc_soc/i_croc/_05587_/A_N (sg13g2_nand2b_1)
     3    0.01    0.06    0.14    6.63 ^ i_croc_soc/i_croc/_05587_/Y (sg13g2_nand2b_1)
                                         i_croc_soc/i_croc/_00903_ (net)
                  0.06    0.00    6.63 ^ i_croc_soc/i_croc/_05643_/A (sg13g2_nand2_1)
     1    0.00    0.04    0.05    6.69 v i_croc_soc/i_croc/_05643_/Y (sg13g2_nand2_1)
                                         i_croc_soc/i_croc/_00958_ (net)
                  0.04    0.00    6.69 v fanout2314/A (sg13g2_buf_2)
     4    0.02    0.04    0.09    6.78 v fanout2314/X (sg13g2_buf_2)
                                         net2314 (net)
                  0.04    0.00    6.78 v fanout2312/A (sg13g2_buf_2)
     8    0.03    0.06    0.11    6.89 v fanout2312/X (sg13g2_buf_2)
                                         net2312 (net)
                  0.06    0.00    6.89 v i_croc_soc/i_croc/_05645_/B2 (sg13g2_a221oi_1)
     7    0.03    0.37    0.34    7.23 ^ i_croc_soc/i_croc/_05645_/Y (sg13g2_a221oi_1)
                                         i_croc_soc/i_croc/_00960_ (net)
                  0.37    0.00    7.23 ^ i_croc_soc/i_croc/_05652_/C (sg13g2_nand4_1)
     3    0.01    0.18    0.24    7.48 v i_croc_soc/i_croc/_05652_/Y (sg13g2_nand4_1)
                                         i_croc_soc/i_croc/_00967_ (net)
                  0.18    0.00    7.48 v i_croc_soc/i_croc/_05676_/A2 (sg13g2_a21o_2)
     5    0.03    0.07    0.23    7.70 v i_croc_soc/i_croc/_05676_/X (sg13g2_a21o_2)
                                         i_croc_soc/i_croc/_00991_ (net)
                  0.07    0.00    7.71 v i_croc_soc/i_croc/_05677_/B (sg13g2_xnor2_1)
     1    0.00    0.07    0.08    7.79 ^ i_croc_soc/i_croc/_05677_/Y (sg13g2_xnor2_1)
                                         i_croc_soc/i_croc/_00992_ (net)
                  0.07    0.00    7.79 ^ i_croc_soc/i_croc/_05733_/A1 (sg13g2_o21ai_1)
     4    0.02    0.12    0.13    7.92 v i_croc_soc/i_croc/_05733_/Y (sg13g2_o21ai_1)
                                         i_croc_soc/i_croc/_01047_ (net)
                  0.12    0.00    7.92 v i_croc_soc/i_croc/_05734_/B (sg13g2_nand2_2)
     5    0.02    0.08    0.10    8.02 ^ i_croc_soc/i_croc/_05734_/Y (sg13g2_nand2_2)
                                         i_croc_soc/i_croc/_01048_ (net)
                  0.08    0.00    8.02 ^ i_croc_soc/i_croc/_06356_/B (sg13g2_nor2_1)
     2    0.01    0.04    0.06    8.08 v i_croc_soc/i_croc/_06356_/Y (sg13g2_nor2_1)
                                         i_croc_soc/i_croc/_01558_ (net)
                  0.04    0.00    8.08 v i_croc_soc/i_croc/_06357_/C (sg13g2_nand3_1)
     3    0.04    0.19    0.16    8.24 ^ i_croc_soc/i_croc/_06357_/Y (sg13g2_nand3_1)
                                         i_croc_soc/i_croc/_01559_ (net)
                  0.19    0.00    8.24 ^ fanout2178/A (sg13g2_buf_4)
     5    0.04    0.06    0.18    8.42 ^ fanout2178/X (sg13g2_buf_4)
                                         net2178 (net)
                  0.06    0.00    8.42 ^ fanout2177/A (sg13g2_buf_4)
     8    0.06    0.07    0.14    8.56 ^ fanout2177/X (sg13g2_buf_4)
                                         net2177 (net)
                  0.07    0.00    8.56 ^ fanout2176/A (sg13g2_buf_2)
     6    0.03    0.07    0.12    8.68 ^ fanout2176/X (sg13g2_buf_2)
                                         net2176 (net)
                  0.07    0.00    8.68 ^ fanout2175/A (sg13g2_buf_1)
     4    0.02    0.09    0.12    8.81 ^ fanout2175/X (sg13g2_buf_1)
                                         net2175 (net)
                  0.09    0.00    8.81 ^ i_croc_soc/i_croc/_06412_/B (sg13g2_nor2_1)
     1    0.00    0.05    0.05    8.86 v i_croc_soc/i_croc/_06412_/Y (sg13g2_nor2_1)
                                         i_croc_soc/i_croc/all_periph_obi_req_337_ (net)
                  0.05    0.00    8.86 v fanout2135/A (sg13g2_buf_1)
     4    0.01    0.05    0.10    8.96 v fanout2135/X (sg13g2_buf_1)
                                         net2135 (net)
                  0.05    0.00    8.96 v i_croc_soc/i_croc/i_gpio/_1354_/B (sg13g2_nand2_1)
     2    0.01    0.05    0.06    9.01 ^ i_croc_soc/i_croc/i_gpio/_1354_/Y (sg13g2_nand2_1)
                                         i_croc_soc/i_croc/i_gpio/_0150_ (net)
                  0.05    0.00    9.01 ^ i_croc_soc/i_croc/i_gpio/_1355_/B (sg13g2_nand3_1)
     1    0.00    0.06    0.08    9.10 v i_croc_soc/i_croc/i_gpio/_1355_/Y (sg13g2_nand3_1)
                                         i_croc_soc/i_croc/i_gpio/_0151_ (net)
                  0.06    0.00    9.10 v i_croc_soc/i_croc/i_gpio/_1356_/B1 (sg13g2_o21ai_1)
     1    0.00    0.09    0.06    9.15 ^ i_croc_soc/i_croc/i_gpio/_1356_/Y (sg13g2_o21ai_1)
                                         i_croc_soc/i_croc/all_periph_obi_rsp_159_ (net)
                  0.09    0.00    9.15 ^ i_croc_soc/i_croc/_07626_/A (sg13g2_inv_1)
     1    0.01    0.05    0.07    9.22 v i_croc_soc/i_croc/_07626_/Y (sg13g2_inv_1)
                                         i_croc_soc/i_croc/_02530_ (net)
                  0.05    0.00    9.22 v i_croc_soc/i_croc/_07628_/A2 (sg13g2_o21ai_1)
     1    0.00    0.07    0.09    9.31 ^ i_croc_soc/i_croc/_07628_/Y (sg13g2_o21ai_1)
                                         i_croc_soc/i_croc/_02532_ (net)
                  0.07    0.00    9.31 ^ i_croc_soc/i_croc/_07632_/A2 (sg13g2_a22oi_1)
     4    0.06    0.35    0.32    9.63 v i_croc_soc/i_croc/_07632_/Y (sg13g2_a22oi_1)
                                         i_croc_soc/i_croc/_02536_ (net)
                  0.35    0.01    9.64 v i_croc_soc/i_croc/_07912_/B (sg13g2_nor2_1)
     1    0.00    0.10    0.12    9.76 ^ i_croc_soc/i_croc/_07912_/Y (sg13g2_nor2_1)
                                         i_croc_soc/i_croc/_02783_ (net)
                  0.10    0.00    9.76 ^ i_croc_soc/i_croc/_07913_/C (sg13g2_nor3_1)
     1    0.01    0.04    0.07    9.82 v i_croc_soc/i_croc/_07913_/Y (sg13g2_nor3_1)
                                         i_croc_soc/i_croc/_02784_ (net)
                  0.04    0.00    9.82 v i_croc_soc/i_croc/_07914_/C (sg13g2_nor3_2)
     5    0.03    0.22    0.19   10.01 ^ i_croc_soc/i_croc/_07914_/Y (sg13g2_nor3_2)
                                         i_croc_soc/i_croc/core_instr_obi_rsp_3_ (net)
                  0.22    0.00   10.01 ^ i_croc_soc/i_croc/i_core_wrap/_6488_/A1 (sg13g2_a21o_1)
     3    0.01    0.05    0.18   10.19 ^ i_croc_soc/i_croc/i_core_wrap/_6488_/X (sg13g2_a21o_1)
                                         i_croc_soc/i_croc/i_core_wrap/_1734_ (net)
                  0.05    0.00   10.19 ^ i_croc_soc/i_croc/i_core_wrap/_6941_/B (sg13g2_or3_2)
     5    0.04    0.10    0.15   10.35 ^ i_croc_soc/i_croc/i_core_wrap/_6941_/X (sg13g2_or3_2)
                                         i_croc_soc/i_croc/i_core_wrap/_2122_ (net)
                  0.10    0.00   10.35 ^ i_croc_soc/i_croc/i_core_wrap/_7023_/C (sg13g2_nand3_1)
     4    0.01    0.15    0.17   10.52 v i_croc_soc/i_croc/i_core_wrap/_7023_/Y (sg13g2_nand3_1)
                                         i_croc_soc/i_croc/i_core_wrap/_2200_ (net)
                  0.15    0.00   10.52 v i_croc_soc/i_croc/i_core_wrap/_7065_/A (sg13g2_inv_1)
     1    0.00    0.05    0.06   10.58 ^ i_croc_soc/i_croc/i_core_wrap/_7065_/Y (sg13g2_inv_1)
                                         i_croc_soc/i_croc/i_core_wrap/_2238_ (net)
                  0.05    0.00   10.58 ^ i_croc_soc/i_croc/i_core_wrap/_7066_/C (sg13g2_nand3_1)
     2    0.01    0.09    0.11   10.69 v i_croc_soc/i_croc/i_core_wrap/_7066_/Y (sg13g2_nand3_1)
                                         i_croc_soc/i_croc/i_core_wrap/_2239_ (net)
                  0.09    0.00   10.69 v i_croc_soc/i_croc/i_core_wrap/_7078_/B (sg13g2_nor2_1)
     3    0.01    0.11    0.12   10.81 ^ i_croc_soc/i_croc/i_core_wrap/_7078_/Y (sg13g2_nor2_1)
                                         i_croc_soc/i_croc/i_core_wrap/_2249_ (net)
                  0.11    0.00   10.81 ^ i_croc_soc/i_croc/i_core_wrap/_7110_/C (sg13g2_nand3_1)
     2    0.01    0.13    0.16   10.96 v i_croc_soc/i_croc/i_core_wrap/_7110_/Y (sg13g2_nand3_1)
                                         i_croc_soc/i_croc/i_core_wrap/_2279_ (net)
                  0.13    0.00   10.96 v i_croc_soc/i_croc/i_core_wrap/_7133_/B (sg13g2_nor2_1)
     2    0.01    0.10    0.11   11.08 ^ i_croc_soc/i_croc/i_core_wrap/_7133_/Y (sg13g2_nor2_1)
                                         i_croc_soc/i_croc/i_core_wrap/_2301_ (net)
                  0.10    0.00   11.08 ^ i_croc_soc/i_croc/i_core_wrap/_7149_/B (sg13g2_and2_1)
     2    0.01    0.04    0.12   11.20 ^ i_croc_soc/i_croc/i_core_wrap/_7149_/X (sg13g2_and2_1)
                                         i_croc_soc/i_croc/i_core_wrap/_2316_ (net)
                  0.04    0.00   11.20 ^ i_croc_soc/i_croc/i_core_wrap/_7160_/B (sg13g2_and2_1)
     2    0.01    0.04    0.10   11.30 ^ i_croc_soc/i_croc/i_core_wrap/_7160_/X (sg13g2_and2_1)
                                         i_croc_soc/i_croc/i_core_wrap/_2326_ (net)
                  0.04    0.00   11.30 ^ i_croc_soc/i_croc/i_core_wrap/_7171_/B (sg13g2_and2_1)
     2    0.01    0.04    0.10   11.40 ^ i_croc_soc/i_croc/i_core_wrap/_7171_/X (sg13g2_and2_1)
                                         i_croc_soc/i_croc/i_core_wrap/_2336_ (net)
                  0.04    0.00   11.40 ^ i_croc_soc/i_croc/i_core_wrap/_7186_/B (sg13g2_and2_1)
     2    0.01    0.04    0.10   11.50 ^ i_croc_soc/i_croc/i_core_wrap/_7186_/X (sg13g2_and2_1)
                                         i_croc_soc/i_croc/i_core_wrap/_2350_ (net)
                  0.04    0.00   11.50 ^ i_croc_soc/i_croc/i_core_wrap/_7239_/B (sg13g2_and3_1)
     2    0.01    0.05    0.13   11.63 ^ i_croc_soc/i_croc/i_core_wrap/_7239_/X (sg13g2_and3_1)
                                         i_croc_soc/i_croc/i_core_wrap/_2400_ (net)
                  0.05    0.00   11.63 ^ i_croc_soc/i_croc/i_core_wrap/_7241_/B (sg13g2_and2_1)
     3    0.01    0.05    0.11   11.74 ^ i_croc_soc/i_croc/i_core_wrap/_7241_/X (sg13g2_and2_1)
                                         i_croc_soc/i_croc/i_core_wrap/_2402_ (net)
                  0.05    0.00   11.74 ^ i_croc_soc/i_croc/i_core_wrap/_7291_/C (sg13g2_and3_1)
     2    0.01    0.04    0.13   11.88 ^ i_croc_soc/i_croc/i_core_wrap/_7291_/X (sg13g2_and3_1)
                                         i_croc_soc/i_croc/i_core_wrap/_2449_ (net)
                  0.04    0.00   11.88 ^ i_croc_soc/i_croc/i_core_wrap/_7296_/B (sg13g2_and2_1)
     3    0.01    0.06    0.11   11.99 ^ i_croc_soc/i_croc/i_core_wrap/_7296_/X (sg13g2_and2_1)
                                         i_croc_soc/i_croc/i_core_wrap/_2453_ (net)
                  0.06    0.00   11.99 ^ i_croc_soc/i_croc/i_core_wrap/_7344_/D (sg13g2_nand4_1)
     1    0.00    0.09    0.12   12.11 v i_croc_soc/i_croc/i_core_wrap/_7344_/Y (sg13g2_nand4_1)
                                         i_croc_soc/i_croc/i_core_wrap/_2498_ (net)
                  0.09    0.00   12.11 v i_croc_soc/i_croc/i_core_wrap/_7345_/A (sg13g2_inv_1)
     2    0.01    0.05    0.07   12.18 ^ i_croc_soc/i_croc/i_core_wrap/_7345_/Y (sg13g2_inv_1)
                                         i_croc_soc/i_croc/i_core_wrap/_2499_ (net)
                  0.05    0.00   12.18 ^ i_croc_soc/i_croc/i_core_wrap/_7346_/C (sg13g2_nand3_1)
     4    0.01    0.14    0.15   12.32 v i_croc_soc/i_croc/i_core_wrap/_7346_/Y (sg13g2_nand3_1)
                                         i_croc_soc/i_croc/i_core_wrap/_2500_ (net)
                  0.14    0.00   12.32 v fanout1590/A (sg13g2_buf_2)
     8    0.03    0.06    0.15   12.47 v fanout1590/X (sg13g2_buf_2)
                                         net1590 (net)
                  0.06    0.00   12.47 v i_croc_soc/i_croc/i_core_wrap/_7417_/B (sg13g2_nor3_1)
     1    0.01    0.12    0.13   12.60 ^ i_croc_soc/i_croc/i_core_wrap/_7417_/Y (sg13g2_nor3_1)
                                         i_croc_soc/i_croc/i_core_wrap/_2565_ (net)
                  0.12    0.00   12.60 ^ i_croc_soc/i_croc/i_core_wrap/_7418_/B (sg13g2_xor2_1)
     1    0.00    0.06    0.13   12.73 ^ i_croc_soc/i_croc/i_core_wrap/_7418_/X (sg13g2_xor2_1)
                                         i_croc_soc/i_croc/i_core_wrap/_2566_ (net)
                  0.06    0.00   12.73 ^ i_croc_soc/i_croc/i_core_wrap/_7425_/A2 (sg13g2_a21o_1)
     1    0.00    0.03    0.11   12.84 ^ i_croc_soc/i_croc/i_core_wrap/_7425_/X (sg13g2_a21o_1)
                                         i_croc_soc/i_croc/i_core_wrap/_0088_ (net)
                  0.03    0.00   12.84 ^ i_croc_soc/i_croc/i_core_wrap/i_ibex.crash_dump_o_93__reg/D (sg13g2_dfrbp_2)
                                 12.84   data arrival time

                  0.20   12.50   12.50   clock clk_sys (rise edge)
                          0.00   12.50   clock network delay (ideal)
                         -0.10   12.40   clock uncertainty
                          0.00   12.40   clock reconvergence pessimism
                                 12.40 ^ i_croc_soc/i_croc/i_core_wrap/i_ibex.crash_dump_o_93__reg/CLK (sg13g2_dfrbp_2)
                         -0.09   12.31   library setup time
                                 12.31   data required time
-----------------------------------------------------------------------------
                                 12.31   data required time
                                -12.84   data arrival time
-----------------------------------------------------------------------------
                                 -0.53   slack (VIOLATED)



==========================================================================
02_croc.gpl2 report_checks -unconstrained
--------------------------------------------------------------------------
Startpoint: i_croc_soc/i_rstgen.i_rstgen_bypass.synch_regs_q_3__reg
            (rising edge-triggered flip-flop clocked by clk_sys)
Endpoint: i_croc_soc/i_croc/i_dm_top.i_dm_top/i_dm_csrs.i_fifo.mem_q_24__reg
          (recovery check against rising-edge clock clk_sys)
Path Group: asynchronous
Path Type: max
Corner: tt

Fanout     Cap    Slew   Delay    Time   Description
-----------------------------------------------------------------------------
                  0.20    0.00    0.00   clock clk_sys (rise edge)
                          0.00    0.00   clock network delay (ideal)
                  0.20    0.00    0.00 ^ i_croc_soc/i_rstgen.i_rstgen_bypass.synch_regs_q_3__reg/CLK (sg13g2_dfrbp_1)
     2    0.01    0.04    0.28    0.28 ^ i_croc_soc/i_rstgen.i_rstgen_bypass.synch_regs_q_3__reg/Q (sg13g2_dfrbp_1)
                                         i_croc_soc/i_rstgen.i_rstgen_bypass.synch_regs_q_3_ (net)
                  0.04    0.00    0.28 ^ i_croc_soc/i_rstgen.i_rstgen_bypass.i_tc_clk_mux2_rst_no/i_mux/A0 (sg13g2_mux2_2)
     3    0.16    0.33    0.30    0.59 ^ i_croc_soc/i_rstgen.i_rstgen_bypass.i_tc_clk_mux2_rst_no/i_mux/X (sg13g2_mux2_2)
                                         i_croc_soc/i_rstgen.i_rstgen_bypass.rst_no (net)
                  0.34    0.05    0.64 ^ fanout4347/A (sg13g2_buf_8)
     4    0.11    0.08    0.20    0.84 ^ fanout4347/X (sg13g2_buf_8)
                                         net4347 (net)
                  0.08    0.01    0.85 ^ fanout4132/A (sg13g2_buf_4)
     4    0.07    0.08    0.15    1.00 ^ fanout4132/X (sg13g2_buf_4)
                                         net4132 (net)
                  0.08    0.00    1.00 ^ fanout4062/A (sg13g2_buf_4)
     4    0.03    0.04    0.13    1.13 ^ fanout4062/X (sg13g2_buf_4)
                                         net4062 (net)
                  0.04    0.00    1.13 ^ fanout4061/A (sg13g2_buf_4)
     5    0.06    0.07    0.13    1.25 ^ fanout4061/X (sg13g2_buf_4)
                                         net4061 (net)
                  0.07    0.00    1.25 ^ fanout4046/A (sg13g2_buf_2)
     5    0.03    0.08    0.13    1.39 ^ fanout4046/X (sg13g2_buf_2)
                                         net4046 (net)
                  0.08    0.00    1.39 ^ fanout4045/A (sg13g2_buf_2)
     4    0.02    0.05    0.11    1.50 ^ fanout4045/X (sg13g2_buf_2)
                                         net4045 (net)
                  0.05    0.00    1.50 ^ fanout4044/A (sg13g2_buf_4)
     8    0.06    0.08    0.14    1.64 ^ fanout4044/X (sg13g2_buf_4)
                                         net4044 (net)
                  0.08    0.00    1.64 ^ fanout4043/A (sg13g2_buf_4)
     8    0.06    0.08    0.15    1.79 ^ fanout4043/X (sg13g2_buf_4)
                                         net4043 (net)
                  0.08    0.00    1.79 ^ i_croc_soc/i_croc/i_dm_top.i_dm_top/i_dm_csrs.i_fifo.mem_q_24__reg/RESET_B (sg13g2_dfrbp_1)
                                  1.79   data arrival time

                  0.20   12.50   12.50   clock clk_sys (rise edge)
                          0.00   12.50   clock network delay (ideal)
                         -0.10   12.40   clock uncertainty
                          0.00   12.40   clock reconvergence pessimism
                                 12.40 ^ i_croc_soc/i_croc/i_dm_top.i_dm_top/i_dm_csrs.i_fifo.mem_q_24__reg/CLK (sg13g2_dfrbp_1)
                         -0.11   12.29   library recovery time
                                 12.29   data required time
-----------------------------------------------------------------------------
                                 12.29   data required time
                                 -1.79   data arrival time
-----------------------------------------------------------------------------
                                 10.50   slack (MET)


Startpoint: i_croc_soc/i_croc/i_dmi_jtag/i_dmi_cdc.i_cdc_req/i_dst/async_ack_o_reg
            (rising edge-triggered flip-flop clocked by clk_sys)
Endpoint: i_croc_soc/i_croc/i_dm_top.i_dm_top/i_dm_csrs.progbuf_o_84__reg
          (rising edge-triggered flip-flop clocked by clk_sys)
Path Group: path delay
Path Type: max
Corner: tt

Fanout     Cap    Slew   Delay    Time   Description
-----------------------------------------------------------------------------
                  0.20    0.00    0.00 ^ i_croc_soc/i_croc/i_dmi_jtag/i_dmi_cdc.i_cdc_req/i_dst/async_ack_o_reg/CLK (sg13g2_dfrbp_2)
     6    0.03    0.07    0.35    0.35 ^ i_croc_soc/i_croc/i_dmi_jtag/i_dmi_cdc.i_cdc_req/i_dst/async_ack_o_reg/Q (sg13g2_dfrbp_2)
                                         i_croc_soc/i_croc/i_dmi_jtag/i_dmi_cdc.i_cdc_req/async_ack (net)
                  0.07    0.00    0.35 ^ i_croc_soc/i_croc/i_dmi_jtag/i_dmi_cdc.i_cdc_req/i_dst/_199_/A (sg13g2_xor2_1)
     1    0.00    0.06    0.11    0.45 ^ i_croc_soc/i_croc/i_dmi_jtag/i_dmi_cdc.i_cdc_req/i_dst/_199_/X (sg13g2_xor2_1)
                                         i_croc_soc/i_croc/i_dmi_jtag/i_dmi_cdc.i_cdc_req/s_dst_valid (net)
                  0.06    0.00    0.45 ^ i_croc_soc/i_croc/i_dmi_jtag/i_dmi_cdc.i_cdc_req/_5_/B_N (sg13g2_nor2b_2)
     5    0.03    0.14    0.17    0.62 ^ i_croc_soc/i_croc/i_dmi_jtag/i_dmi_cdc.i_cdc_req/_5_/Y (sg13g2_nor2b_2)
                                         i_croc_soc/i_croc/dmi_req_valid (net)
                  0.14    0.00    0.63 ^ i_croc_soc/i_croc/i_dm_top.i_dm_top/_4879_/A (sg13g2_nand2_2)
     4    0.03    0.12    0.14    0.76 v i_croc_soc/i_croc/i_dm_top.i_dm_top/_4879_/Y (sg13g2_nand2_2)
                                         i_croc_soc/i_croc/i_dm_top.i_dm_top/_0600_ (net)
                  0.12    0.00    0.76 v i_croc_soc/i_croc/i_dm_top.i_dm_top/_4891_/A (sg13g2_or2_1)
     2    0.01    0.05    0.16    0.92 v i_croc_soc/i_croc/i_dm_top.i_dm_top/_4891_/X (sg13g2_or2_1)
                                         i_croc_soc/i_croc/i_dm_top.i_dm_top/_0611_ (net)
                  0.05    0.00    0.92 v fanout3198/A (sg13g2_buf_4)
     8    0.05    0.05    0.11    1.03 v fanout3198/X (sg13g2_buf_4)
                                         net3198 (net)
                  0.05    0.00    1.03 v i_croc_soc/i_croc/i_dm_top.i_dm_top/_4896_/A (sg13g2_nor2_2)
     7    0.03    0.16    0.15    1.18 ^ i_croc_soc/i_croc/i_dm_top.i_dm_top/_4896_/Y (sg13g2_nor2_2)
                                         i_croc_soc/i_croc/i_dm_top.i_dm_top/_0616_ (net)
                  0.16    0.00    1.18 ^ i_croc_soc/i_croc/i_dm_top.i_dm_top/_6537_/A1 (sg13g2_a21oi_2)
     8    0.04    0.15    0.18    1.37 v i_croc_soc/i_croc/i_dm_top.i_dm_top/_6537_/Y (sg13g2_a21oi_2)
                                         i_croc_soc/i_croc/i_dm_top.i_dm_top/_2038_ (net)
                  0.15    0.00    1.37 v i_croc_soc/i_croc/i_dm_top.i_dm_top/_7273_/A (sg13g2_nor2_1)
     1    0.00    0.07    0.10    1.47 ^ i_croc_soc/i_croc/i_dm_top.i_dm_top/_7273_/Y (sg13g2_nor2_1)
                                         i_croc_soc/i_croc/i_dm_top.i_dm_top/_2558_ (net)
                  0.07    0.00    1.47 ^ fanout2868/A (sg13g2_buf_4)
     4    0.04    0.05    0.13    1.59 ^ fanout2868/X (sg13g2_buf_4)
                                         net2868 (net)
                  0.05    0.00    1.60 ^ fanout2865/A (sg13g2_buf_2)
     4    0.03    0.07    0.12    1.71 ^ fanout2865/X (sg13g2_buf_2)
                                         net2865 (net)
                  0.07    0.00    1.71 ^ fanout2864/A (sg13g2_buf_4)
     8    0.04    0.05    0.13    1.84 ^ fanout2864/X (sg13g2_buf_4)
                                         net2864 (net)
                  0.05    0.00    1.84 ^ fanout2863/A (sg13g2_buf_2)
     8    0.04    0.09    0.13    1.98 ^ fanout2863/X (sg13g2_buf_2)
                                         net2863 (net)
                  0.09    0.00    1.98 ^ fanout2862/A (sg13g2_buf_2)
     8    0.04    0.09    0.15    2.13 ^ fanout2862/X (sg13g2_buf_2)
                                         net2862 (net)
                  0.09    0.00    2.13 ^ i_croc_soc/i_croc/i_dm_top.i_dm_top/_7350_/C (sg13g2_nand3_1)
     1    0.00    0.06    0.10    2.22 v i_croc_soc/i_croc/i_dm_top.i_dm_top/_7350_/Y (sg13g2_nand3_1)
                                         i_croc_soc/i_croc/i_dm_top.i_dm_top/_2613_ (net)
                  0.06    0.00    2.22 v i_croc_soc/i_croc/i_dm_top.i_dm_top/_7351_/B1 (sg13g2_o21ai_1)
     1    0.00    0.08    0.05    2.27 ^ i_croc_soc/i_croc/i_dm_top.i_dm_top/_7351_/Y (sg13g2_o21ai_1)
                                         i_croc_soc/i_croc/i_dm_top.i_dm_top/_0420_ (net)
                  0.08    0.00    2.27 ^ i_croc_soc/i_croc/i_dm_top.i_dm_top/i_dm_csrs.progbuf_o_84__reg/D (sg13g2_dfrbp_1)
                                  2.27   data arrival time

                          4.38    4.38   max_delay
                         -0.10    4.27   library setup time
                                  4.27   data required time
-----------------------------------------------------------------------------
                                  4.27   data required time
                                 -2.27   data arrival time
-----------------------------------------------------------------------------
                                  2.00   slack (MET)


Startpoint: i_croc_soc/i_croc/i_dmi_jtag/td_o_reg
            (rising edge-triggered flip-flop clocked by clk_jtg')
Endpoint: jtag_tdo_o (output port clocked by clk_jtg)
Path Group: clk_jtg
Path Type: max
Corner: tt

Fanout     Cap    Slew   Delay    Time   Description
-----------------------------------------------------------------------------
                  0.20   10.00   10.00   clock clk_jtg' (rise edge)
                          0.00   10.00   clock network delay (ideal)
                  0.20    0.00   10.00 ^ i_croc_soc/i_croc/i_dmi_jtag/td_o_reg/CLK (sg13g2_dfrbp_2)
     1    0.14    0.29    0.47   10.47 ^ i_croc_soc/i_croc/i_dmi_jtag/td_o_reg/Q (sg13g2_dfrbp_2)
                                         soc_jtag_tdo_o (net)
                  0.40    0.05   10.52 ^ pad_jtag_tdo_o/c2p (sg13g2_IOPadOut16mA)
     1   15.00    3.55    3.29   13.81 ^ pad_jtag_tdo_o/pad (sg13g2_IOPadOut16mA)
                                         jtag_tdo_o (net)
                  2.66    0.00   13.81 ^ jtag_tdo_o (out)
                                 13.81   data arrival time

                  0.20   20.00   20.00   clock clk_jtg (rise edge)
                          0.00   20.00   clock network delay (ideal)
                         -0.10   19.90   clock uncertainty
                          0.00   19.90   clock reconvergence pessimism
                         -5.00   14.90   output external delay
                                 14.90   data required time
-----------------------------------------------------------------------------
                                 14.90   data required time
                                -13.81   data arrival time
-----------------------------------------------------------------------------
                                  1.09   slack (MET)


Startpoint: i_croc_soc/i_croc/i_core_wrap/i_ibex.id_stage_i.controller_i.instr_i_15__reg
            (rising edge-triggered flip-flop clocked by clk_sys)
Endpoint: i_croc_soc/i_croc/i_core_wrap/i_ibex.crash_dump_o_93__reg
          (rising edge-triggered flip-flop clocked by clk_sys)
Path Group: clk_sys
Path Type: max
Corner: tt

Fanout     Cap    Slew   Delay    Time   Description
-----------------------------------------------------------------------------
                  0.20    0.00    0.00   clock clk_sys (rise edge)
                          0.00    0.00   clock network delay (ideal)
                  0.20    0.00    0.00 ^ i_croc_soc/i_croc/i_core_wrap/i_ibex.id_stage_i.controller_i.instr_i_15__reg/CLK (sg13g2_dfrbp_2)
     3    0.06    0.14    0.39    0.39 ^ i_croc_soc/i_croc/i_core_wrap/i_ibex.id_stage_i.controller_i.instr_i_15__reg/Q (sg13g2_dfrbp_2)
                                         i_croc_soc/i_croc/i_core_wrap/i_ibex.id_stage_i.controller_i.instr_i_15_ (net)
                  0.14    0.01    0.40 ^ fanout5230/A (sg13g2_buf_8)
     8    0.09    0.06    0.14    0.54 ^ fanout5230/X (sg13g2_buf_8)
                                         net5230 (net)
                  0.06    0.00    0.54 ^ fanout5229/A (sg13g2_buf_2)
     4    0.03    0.07    0.12    0.65 ^ fanout5229/X (sg13g2_buf_2)
                                         net5229 (net)
                  0.07    0.00    0.66 ^ fanout5208/A (sg13g2_buf_2)
     4    0.03    0.07    0.12    0.78 ^ fanout5208/X (sg13g2_buf_2)
                                         net5208 (net)
                  0.07    0.00    0.78 ^ fanout5206/A (sg13g2_buf_2)
     6    0.03    0.08    0.13    0.91 ^ fanout5206/X (sg13g2_buf_2)
                                         net5206 (net)
                  0.08    0.00    0.91 ^ fanout5205/A (sg13g2_buf_4)
     8    0.05    0.06    0.14    1.05 ^ fanout5205/X (sg13g2_buf_4)
                                         net5205 (net)
                  0.06    0.00    1.05 ^ i_croc_soc/i_croc/i_core_wrap/i_ibex.register_file_i/_4582_/S (sg13g2_mux2_1)
     1    0.00    0.04    0.17    1.22 v i_croc_soc/i_croc/i_core_wrap/i_ibex.register_file_i/_4582_/X (sg13g2_mux2_1)
                                         i_croc_soc/i_croc/i_core_wrap/i_ibex.register_file_i/_1526_ (net)
                  0.04    0.00    1.22 v i_croc_soc/i_croc/i_core_wrap/i_ibex.register_file_i/_4584_/A2 (sg13g2_a22oi_1)
     1    0.00    0.06    0.08    1.30 ^ i_croc_soc/i_croc/i_core_wrap/i_ibex.register_file_i/_4584_/Y (sg13g2_a22oi_1)
                                         i_croc_soc/i_croc/i_core_wrap/i_ibex.register_file_i/_1528_ (net)
                  0.06    0.00    1.30 ^ i_croc_soc/i_croc/i_core_wrap/i_ibex.register_file_i/_4585_/A2 (sg13g2_a21oi_1)
     1    0.01    0.07    0.09    1.39 v i_croc_soc/i_croc/i_core_wrap/i_ibex.register_file_i/_4585_/Y (sg13g2_a21oi_1)
                                         i_croc_soc/i_croc/i_core_wrap/i_ibex.register_file_i/_1529_ (net)
                  0.07    0.00    1.39 v i_croc_soc/i_croc/i_core_wrap/i_ibex.register_file_i/_4586_/C1 (sg13g2_a221oi_1)
     1    0.02    0.27    0.23    1.62 ^ i_croc_soc/i_croc/i_core_wrap/i_ibex.register_file_i/_4586_/Y (sg13g2_a221oi_1)
                                         i_croc_soc/i_croc/i_core_wrap/i_ibex.register_file_i/_1530_ (net)
                  0.27    0.00    1.62 ^ i_croc_soc/i_croc/i_core_wrap/i_ibex.register_file_i/_4587_/C (sg13g2_nand3_1)
     1    0.05    0.41    0.43    2.04 v i_croc_soc/i_croc/i_core_wrap/i_ibex.register_file_i/_4587_/Y (sg13g2_nand3_1)
                                         i_croc_soc/i_croc/i_core_wrap/i_ibex.ex_block_i.multdiv_operand_a_i_7_ (net)
                  0.41    0.01    2.05 v i_croc_soc/i_croc/i_core_wrap/_5621_/A0 (sg13g2_mux2_1)
     1    0.00    0.05    0.21    2.26 v i_croc_soc/i_croc/i_core_wrap/_5621_/X (sg13g2_mux2_1)
                                         i_croc_soc/i_croc/i_core_wrap/_0958_ (net)
                  0.05    0.00    2.26 v i_croc_soc/i_croc/i_core_wrap/_5622_/B2 (sg13g2_a22oi_1)
     1    0.00    0.06    0.06    2.32 ^ i_croc_soc/i_croc/i_core_wrap/_5622_/Y (sg13g2_a22oi_1)
                                         i_croc_soc/i_croc/i_core_wrap/_0959_ (net)
                  0.06    0.00    2.32 ^ fanout3105/A (sg13g2_buf_2)
     5    0.03    0.07    0.12    2.44 ^ fanout3105/X (sg13g2_buf_2)
                                         net3105 (net)
                  0.07    0.00    2.44 ^ fanout3104/A (sg13g2_buf_1)
     5    0.02    0.08    0.12    2.56 ^ fanout3104/X (sg13g2_buf_1)
                                         net3104 (net)
                  0.08    0.00    2.56 ^ fanout3102/A (sg13g2_buf_2)
     8    0.03    0.07    0.13    2.69 ^ fanout3102/X (sg13g2_buf_2)
                                         net3102 (net)
                  0.07    0.00    2.69 ^ i_croc_soc/i_croc/i_core_wrap/_5678_/A_N (sg13g2_nand2b_1)
     2    0.01    0.09    0.09    2.78 ^ i_croc_soc/i_croc/i_core_wrap/_5678_/Y (sg13g2_nand2b_1)
                                         i_croc_soc/i_croc/i_core_wrap/_1010_ (net)
                  0.09    0.00    2.78 ^ fanout2955/A (sg13g2_buf_2)
     8    0.03    0.08    0.14    2.92 ^ fanout2955/X (sg13g2_buf_2)
                                         net2955 (net)
                  0.08    0.00    2.92 ^ i_croc_soc/i_croc/i_core_wrap/_5681_/A2 (sg13g2_a21oi_1)
     1    0.00    0.05    0.08    3.00 v i_croc_soc/i_croc/i_core_wrap/_5681_/Y (sg13g2_a21oi_1)
                                         i_croc_soc/i_croc/i_core_wrap/_1013_ (net)
                  0.05    0.00    3.00 v i_croc_soc/i_croc/i_core_wrap/_5684_/A1 (sg13g2_o21ai_1)
     4    0.02    0.19    0.19    3.19 ^ i_croc_soc/i_croc/i_core_wrap/_5684_/Y (sg13g2_o21ai_1)
                                         i_croc_soc/i_croc/i_core_wrap/_1016_ (net)
                  0.19    0.00    3.19 ^ i_croc_soc/i_croc/i_core_wrap/_5686_/B (sg13g2_nand3_1)
     1    0.00    0.07    0.12    3.30 v i_croc_soc/i_croc/i_core_wrap/_5686_/Y (sg13g2_nand3_1)
                                         i_croc_soc/i_croc/i_core_wrap/_1018_ (net)
                  0.07    0.00    3.30 v i_croc_soc/i_croc/i_core_wrap/_5688_/A2 (sg13g2_a21oi_1)
     1    0.00    0.06    0.09    3.39 ^ i_croc_soc/i_croc/i_core_wrap/_5688_/Y (sg13g2_a21oi_1)
                                         i_croc_soc/i_croc/i_core_wrap/_1020_ (net)
                  0.06    0.00    3.39 ^ i_croc_soc/i_croc/i_core_wrap/_5691_/A (sg13g2_or3_1)
     1    0.01    0.04    0.10    3.50 ^ i_croc_soc/i_croc/i_core_wrap/_5691_/X (sg13g2_or3_1)
                                         i_croc_soc/i_croc/i_core_wrap/_1023_ (net)
                  0.04    0.00    3.50 ^ i_croc_soc/i_croc/i_core_wrap/_5700_/B1 (sg13g2_a22oi_1)
     3    0.02    0.13    0.11    3.61 v i_croc_soc/i_croc/i_core_wrap/_5700_/Y (sg13g2_a22oi_1)
                                         i_croc_soc/i_croc/i_core_wrap/_1032_ (net)
                  0.13    0.00    3.61 v i_croc_soc/i_croc/i_core_wrap/_5859_/A (sg13g2_nor3_2)
     8    0.05    0.34    0.32    3.94 ^ i_croc_soc/i_croc/i_core_wrap/_5859_/Y (sg13g2_nor3_2)
                                         i_croc_soc/i_croc/i_core_wrap/_1186_ (net)
                  0.34    0.00    3.94 ^ i_croc_soc/i_croc/i_core_wrap/_6222_/A1 (sg13g2_o21ai_1)
     1    0.00    0.08    0.13    4.06 v i_croc_soc/i_croc/i_core_wrap/_6222_/Y (sg13g2_o21ai_1)
                                         i_croc_soc/i_croc/i_core_wrap/_1527_ (net)
                  0.08    0.00    4.06 v i_croc_soc/i_croc/i_core_wrap/_6223_/B_N (sg13g2_nor2b_1)
     2    0.01    0.05    0.10    4.17 v i_croc_soc/i_croc/i_core_wrap/_6223_/Y (sg13g2_nor2b_1)
                                         i_croc_soc/i_croc/i_core_wrap/_1528_ (net)
                  0.05    0.00    4.17 v fanout1031/A (sg13g2_buf_2)
     8    0.03    0.06    0.12    4.28 v fanout1031/X (sg13g2_buf_2)
                                         net1031 (net)
                  0.06    0.00    4.29 v i_croc_soc/i_croc/i_core_wrap/_6346_/A (sg13g2_xnor2_1)
     6    0.05    0.30    0.30    4.58 v i_croc_soc/i_croc/i_core_wrap/_6346_/Y (sg13g2_xnor2_1)
                                         i_croc_soc/i_croc/core_data_obi_req_63_ (net)
                  0.30    0.00    4.58 v i_croc_soc/i_croc/i_core_wrap/_7340_/A1 (sg13g2_a221oi_1)
     1    0.01    0.16    0.23    4.81 ^ i_croc_soc/i_croc/i_core_wrap/_7340_/Y (sg13g2_a221oi_1)
                                         i_croc_soc/i_croc/i_core_wrap/_2494_ (net)
                  0.16    0.00    4.81 ^ i_croc_soc/i_croc/i_core_wrap/_7342_/A (sg13g2_nor2_2)
     3    0.01    0.06    0.09    4.90 v i_croc_soc/i_croc/i_core_wrap/_7342_/Y (sg13g2_nor2_2)
                                         i_croc_soc/i_croc/i_core_wrap/_2496_ (net)
                  0.06    0.00    4.90 v i_croc_soc/i_croc/i_core_wrap/_8583_/B1 (sg13g2_a21o_1)
     3    0.01    0.06    0.14    5.05 v i_croc_soc/i_croc/i_core_wrap/_8583_/X (sg13g2_a21o_1)
                                         i_croc_soc/i_croc/i_core_wrap/_3583_ (net)
                  0.06    0.00    5.05 v i_croc_soc/i_croc/i_core_wrap/_8901_/A1 (sg13g2_mux2_2)
     4    0.02    0.05    0.16    5.21 v i_croc_soc/i_croc/i_core_wrap/_8901_/X (sg13g2_mux2_2)
                                         i_croc_soc/i_croc/core_instr_obi_req_63_ (net)
                  0.05    0.00    5.21 v i_croc_soc/i_croc/_05445_/A (sg13g2_nor4_1)
     1    0.01    0.15    0.18    5.39 ^ i_croc_soc/i_croc/_05445_/Y (sg13g2_nor4_1)
                                         i_croc_soc/i_croc/_00761_ (net)
                  0.15    0.00    5.39 ^ i_croc_soc/i_croc/_05446_/C (sg13g2_nand3_1)
     4    0.02    0.21    0.24    5.62 v i_croc_soc/i_croc/_05446_/Y (sg13g2_nand3_1)
                                         i_croc_soc/i_croc/_00762_ (net)
                  0.21    0.00    5.62 v i_croc_soc/i_croc/_05452_/A (sg13g2_nor3_2)
     5    0.03    0.23    0.25    5.88 ^ i_croc_soc/i_croc/_05452_/Y (sg13g2_nor3_2)
                                         i_croc_soc/i_croc/_00768_ (net)
                  0.23    0.00    5.88 ^ i_croc_soc/i_croc/_05453_/A (sg13g2_inv_1)
     3    0.01    0.08    0.11    5.99 v i_croc_soc/i_croc/_05453_/Y (sg13g2_inv_1)
                                         i_croc_soc/i_croc/_00769_ (net)
                  0.08    0.00    5.99 v i_croc_soc/i_croc/_05455_/B (sg13g2_and4_1)
     2    0.01    0.03    0.11    6.10 v i_croc_soc/i_croc/_05455_/X (sg13g2_and4_1)
                                         i_croc_soc/i_croc/_00771_ (net)
                  0.03    0.00    6.10 v i_croc_soc/i_croc/_05456_/B1 (sg13g2_o21ai_1)
     5    0.03    0.31    0.13    6.24 ^ i_croc_soc/i_croc/_05456_/Y (sg13g2_o21ai_1)
                                         i_croc_soc/i_croc/_00772_ (net)
                  0.31    0.00    6.24 ^ i_croc_soc/i_croc/_05457_/C (sg13g2_nor3_2)
     3    0.01    0.07    0.10    6.34 v i_croc_soc/i_croc/_05457_/Y (sg13g2_nor3_2)
                                         i_croc_soc/i_croc/_00773_ (net)
                  0.07    0.00    6.34 v i_croc_soc/i_croc/_05458_/D (sg13g2_nor4_2)
     3    0.01    0.18    0.16    6.50 ^ i_croc_soc/i_croc/_05458_/Y (sg13g2_nor4_2)
                                         i_croc_soc/i_croc/_00774_ (net)
                  0.18    0.00    6.50 ^ i_croc_soc/i_croc/_05587_/A_N (sg13g2_nand2b_1)
     3    0.01    0.06    0.14    6.63 ^ i_croc_soc/i_croc/_05587_/Y (sg13g2_nand2b_1)
                                         i_croc_soc/i_croc/_00903_ (net)
                  0.06    0.00    6.63 ^ i_croc_soc/i_croc/_05643_/A (sg13g2_nand2_1)
     1    0.00    0.04    0.05    6.69 v i_croc_soc/i_croc/_05643_/Y (sg13g2_nand2_1)
                                         i_croc_soc/i_croc/_00958_ (net)
                  0.04    0.00    6.69 v fanout2314/A (sg13g2_buf_2)
     4    0.02    0.04    0.09    6.78 v fanout2314/X (sg13g2_buf_2)
                                         net2314 (net)
                  0.04    0.00    6.78 v fanout2312/A (sg13g2_buf_2)
     8    0.03    0.06    0.11    6.89 v fanout2312/X (sg13g2_buf_2)
                                         net2312 (net)
                  0.06    0.00    6.89 v i_croc_soc/i_croc/_05645_/B2 (sg13g2_a221oi_1)
     7    0.03    0.37    0.34    7.23 ^ i_croc_soc/i_croc/_05645_/Y (sg13g2_a221oi_1)
                                         i_croc_soc/i_croc/_00960_ (net)
                  0.37    0.00    7.23 ^ i_croc_soc/i_croc/_05652_/C (sg13g2_nand4_1)
     3    0.01    0.18    0.24    7.48 v i_croc_soc/i_croc/_05652_/Y (sg13g2_nand4_1)
                                         i_croc_soc/i_croc/_00967_ (net)
                  0.18    0.00    7.48 v i_croc_soc/i_croc/_05676_/A2 (sg13g2_a21o_2)
     5    0.03    0.07    0.23    7.70 v i_croc_soc/i_croc/_05676_/X (sg13g2_a21o_2)
                                         i_croc_soc/i_croc/_00991_ (net)
                  0.07    0.00    7.71 v i_croc_soc/i_croc/_05677_/B (sg13g2_xnor2_1)
     1    0.00    0.07    0.08    7.79 ^ i_croc_soc/i_croc/_05677_/Y (sg13g2_xnor2_1)
                                         i_croc_soc/i_croc/_00992_ (net)
                  0.07    0.00    7.79 ^ i_croc_soc/i_croc/_05733_/A1 (sg13g2_o21ai_1)
     4    0.02    0.12    0.13    7.92 v i_croc_soc/i_croc/_05733_/Y (sg13g2_o21ai_1)
                                         i_croc_soc/i_croc/_01047_ (net)
                  0.12    0.00    7.92 v i_croc_soc/i_croc/_05734_/B (sg13g2_nand2_2)
     5    0.02    0.08    0.10    8.02 ^ i_croc_soc/i_croc/_05734_/Y (sg13g2_nand2_2)
                                         i_croc_soc/i_croc/_01048_ (net)
                  0.08    0.00    8.02 ^ i_croc_soc/i_croc/_06356_/B (sg13g2_nor2_1)
     2    0.01    0.04    0.06    8.08 v i_croc_soc/i_croc/_06356_/Y (sg13g2_nor2_1)
                                         i_croc_soc/i_croc/_01558_ (net)
                  0.04    0.00    8.08 v i_croc_soc/i_croc/_06357_/C (sg13g2_nand3_1)
     3    0.04    0.19    0.16    8.24 ^ i_croc_soc/i_croc/_06357_/Y (sg13g2_nand3_1)
                                         i_croc_soc/i_croc/_01559_ (net)
                  0.19    0.00    8.24 ^ fanout2178/A (sg13g2_buf_4)
     5    0.04    0.06    0.18    8.42 ^ fanout2178/X (sg13g2_buf_4)
                                         net2178 (net)
                  0.06    0.00    8.42 ^ fanout2177/A (sg13g2_buf_4)
     8    0.06    0.07    0.14    8.56 ^ fanout2177/X (sg13g2_buf_4)
                                         net2177 (net)
                  0.07    0.00    8.56 ^ fanout2176/A (sg13g2_buf_2)
     6    0.03    0.07    0.12    8.68 ^ fanout2176/X (sg13g2_buf_2)
                                         net2176 (net)
                  0.07    0.00    8.68 ^ fanout2175/A (sg13g2_buf_1)
     4    0.02    0.09    0.12    8.81 ^ fanout2175/X (sg13g2_buf_1)
                                         net2175 (net)
                  0.09    0.00    8.81 ^ i_croc_soc/i_croc/_06412_/B (sg13g2_nor2_1)
     1    0.00    0.05    0.05    8.86 v i_croc_soc/i_croc/_06412_/Y (sg13g2_nor2_1)
                                         i_croc_soc/i_croc/all_periph_obi_req_337_ (net)
                  0.05    0.00    8.86 v fanout2135/A (sg13g2_buf_1)
     4    0.01    0.05    0.10    8.96 v fanout2135/X (sg13g2_buf_1)
                                         net2135 (net)
                  0.05    0.00    8.96 v i_croc_soc/i_croc/i_gpio/_1354_/B (sg13g2_nand2_1)
     2    0.01    0.05    0.06    9.01 ^ i_croc_soc/i_croc/i_gpio/_1354_/Y (sg13g2_nand2_1)
                                         i_croc_soc/i_croc/i_gpio/_0150_ (net)
                  0.05    0.00    9.01 ^ i_croc_soc/i_croc/i_gpio/_1355_/B (sg13g2_nand3_1)
     1    0.00    0.06    0.08    9.10 v i_croc_soc/i_croc/i_gpio/_1355_/Y (sg13g2_nand3_1)
                                         i_croc_soc/i_croc/i_gpio/_0151_ (net)
                  0.06    0.00    9.10 v i_croc_soc/i_croc/i_gpio/_1356_/B1 (sg13g2_o21ai_1)
     1    0.00    0.09    0.06    9.15 ^ i_croc_soc/i_croc/i_gpio/_1356_/Y (sg13g2_o21ai_1)
                                         i_croc_soc/i_croc/all_periph_obi_rsp_159_ (net)
                  0.09    0.00    9.15 ^ i_croc_soc/i_croc/_07626_/A (sg13g2_inv_1)
     1    0.01    0.05    0.07    9.22 v i_croc_soc/i_croc/_07626_/Y (sg13g2_inv_1)
                                         i_croc_soc/i_croc/_02530_ (net)
                  0.05    0.00    9.22 v i_croc_soc/i_croc/_07628_/A2 (sg13g2_o21ai_1)
     1    0.00    0.07    0.09    9.31 ^ i_croc_soc/i_croc/_07628_/Y (sg13g2_o21ai_1)
                                         i_croc_soc/i_croc/_02532_ (net)
                  0.07    0.00    9.31 ^ i_croc_soc/i_croc/_07632_/A2 (sg13g2_a22oi_1)
     4    0.06    0.35    0.32    9.63 v i_croc_soc/i_croc/_07632_/Y (sg13g2_a22oi_1)
                                         i_croc_soc/i_croc/_02536_ (net)
                  0.35    0.01    9.64 v i_croc_soc/i_croc/_07912_/B (sg13g2_nor2_1)
     1    0.00    0.10    0.12    9.76 ^ i_croc_soc/i_croc/_07912_/Y (sg13g2_nor2_1)
                                         i_croc_soc/i_croc/_02783_ (net)
                  0.10    0.00    9.76 ^ i_croc_soc/i_croc/_07913_/C (sg13g2_nor3_1)
     1    0.01    0.04    0.07    9.82 v i_croc_soc/i_croc/_07913_/Y (sg13g2_nor3_1)
                                         i_croc_soc/i_croc/_02784_ (net)
                  0.04    0.00    9.82 v i_croc_soc/i_croc/_07914_/C (sg13g2_nor3_2)
     5    0.03    0.22    0.19   10.01 ^ i_croc_soc/i_croc/_07914_/Y (sg13g2_nor3_2)
                                         i_croc_soc/i_croc/core_instr_obi_rsp_3_ (net)
                  0.22    0.00   10.01 ^ i_croc_soc/i_croc/i_core_wrap/_6488_/A1 (sg13g2_a21o_1)
     3    0.01    0.05    0.18   10.19 ^ i_croc_soc/i_croc/i_core_wrap/_6488_/X (sg13g2_a21o_1)
                                         i_croc_soc/i_croc/i_core_wrap/_1734_ (net)
                  0.05    0.00   10.19 ^ i_croc_soc/i_croc/i_core_wrap/_6941_/B (sg13g2_or3_2)
     5    0.04    0.10    0.15   10.35 ^ i_croc_soc/i_croc/i_core_wrap/_6941_/X (sg13g2_or3_2)
                                         i_croc_soc/i_croc/i_core_wrap/_2122_ (net)
                  0.10    0.00   10.35 ^ i_croc_soc/i_croc/i_core_wrap/_7023_/C (sg13g2_nand3_1)
     4    0.01    0.15    0.17   10.52 v i_croc_soc/i_croc/i_core_wrap/_7023_/Y (sg13g2_nand3_1)
                                         i_croc_soc/i_croc/i_core_wrap/_2200_ (net)
                  0.15    0.00   10.52 v i_croc_soc/i_croc/i_core_wrap/_7065_/A (sg13g2_inv_1)
     1    0.00    0.05    0.06   10.58 ^ i_croc_soc/i_croc/i_core_wrap/_7065_/Y (sg13g2_inv_1)
                                         i_croc_soc/i_croc/i_core_wrap/_2238_ (net)
                  0.05    0.00   10.58 ^ i_croc_soc/i_croc/i_core_wrap/_7066_/C (sg13g2_nand3_1)
     2    0.01    0.09    0.11   10.69 v i_croc_soc/i_croc/i_core_wrap/_7066_/Y (sg13g2_nand3_1)
                                         i_croc_soc/i_croc/i_core_wrap/_2239_ (net)
                  0.09    0.00   10.69 v i_croc_soc/i_croc/i_core_wrap/_7078_/B (sg13g2_nor2_1)
     3    0.01    0.11    0.12   10.81 ^ i_croc_soc/i_croc/i_core_wrap/_7078_/Y (sg13g2_nor2_1)
                                         i_croc_soc/i_croc/i_core_wrap/_2249_ (net)
                  0.11    0.00   10.81 ^ i_croc_soc/i_croc/i_core_wrap/_7110_/C (sg13g2_nand3_1)
     2    0.01    0.13    0.16   10.96 v i_croc_soc/i_croc/i_core_wrap/_7110_/Y (sg13g2_nand3_1)
                                         i_croc_soc/i_croc/i_core_wrap/_2279_ (net)
                  0.13    0.00   10.96 v i_croc_soc/i_croc/i_core_wrap/_7133_/B (sg13g2_nor2_1)
     2    0.01    0.10    0.11   11.08 ^ i_croc_soc/i_croc/i_core_wrap/_7133_/Y (sg13g2_nor2_1)
                                         i_croc_soc/i_croc/i_core_wrap/_2301_ (net)
                  0.10    0.00   11.08 ^ i_croc_soc/i_croc/i_core_wrap/_7149_/B (sg13g2_and2_1)
     2    0.01    0.04    0.12   11.20 ^ i_croc_soc/i_croc/i_core_wrap/_7149_/X (sg13g2_and2_1)
                                         i_croc_soc/i_croc/i_core_wrap/_2316_ (net)
                  0.04    0.00   11.20 ^ i_croc_soc/i_croc/i_core_wrap/_7160_/B (sg13g2_and2_1)
     2    0.01    0.04    0.10   11.30 ^ i_croc_soc/i_croc/i_core_wrap/_7160_/X (sg13g2_and2_1)
                                         i_croc_soc/i_croc/i_core_wrap/_2326_ (net)
                  0.04    0.00   11.30 ^ i_croc_soc/i_croc/i_core_wrap/_7171_/B (sg13g2_and2_1)
     2    0.01    0.04    0.10   11.40 ^ i_croc_soc/i_croc/i_core_wrap/_7171_/X (sg13g2_and2_1)
                                         i_croc_soc/i_croc/i_core_wrap/_2336_ (net)
                  0.04    0.00   11.40 ^ i_croc_soc/i_croc/i_core_wrap/_7186_/B (sg13g2_and2_1)
     2    0.01    0.04    0.10   11.50 ^ i_croc_soc/i_croc/i_core_wrap/_7186_/X (sg13g2_and2_1)
                                         i_croc_soc/i_croc/i_core_wrap/_2350_ (net)
                  0.04    0.00   11.50 ^ i_croc_soc/i_croc/i_core_wrap/_7239_/B (sg13g2_and3_1)
     2    0.01    0.05    0.13   11.63 ^ i_croc_soc/i_croc/i_core_wrap/_7239_/X (sg13g2_and3_1)
                                         i_croc_soc/i_croc/i_core_wrap/_2400_ (net)
                  0.05    0.00   11.63 ^ i_croc_soc/i_croc/i_core_wrap/_7241_/B (sg13g2_and2_1)
     3    0.01    0.05    0.11   11.74 ^ i_croc_soc/i_croc/i_core_wrap/_7241_/X (sg13g2_and2_1)
                                         i_croc_soc/i_croc/i_core_wrap/_2402_ (net)
                  0.05    0.00   11.74 ^ i_croc_soc/i_croc/i_core_wrap/_7291_/C (sg13g2_and3_1)
     2    0.01    0.04    0.13   11.88 ^ i_croc_soc/i_croc/i_core_wrap/_7291_/X (sg13g2_and3_1)
                                         i_croc_soc/i_croc/i_core_wrap/_2449_ (net)
                  0.04    0.00   11.88 ^ i_croc_soc/i_croc/i_core_wrap/_7296_/B (sg13g2_and2_1)
     3    0.01    0.06    0.11   11.99 ^ i_croc_soc/i_croc/i_core_wrap/_7296_/X (sg13g2_and2_1)
                                         i_croc_soc/i_croc/i_core_wrap/_2453_ (net)
                  0.06    0.00   11.99 ^ i_croc_soc/i_croc/i_core_wrap/_7344_/D (sg13g2_nand4_1)
     1    0.00    0.09    0.12   12.11 v i_croc_soc/i_croc/i_core_wrap/_7344_/Y (sg13g2_nand4_1)
                                         i_croc_soc/i_croc/i_core_wrap/_2498_ (net)
                  0.09    0.00   12.11 v i_croc_soc/i_croc/i_core_wrap/_7345_/A (sg13g2_inv_1)
     2    0.01    0.05    0.07   12.18 ^ i_croc_soc/i_croc/i_core_wrap/_7345_/Y (sg13g2_inv_1)
                                         i_croc_soc/i_croc/i_core_wrap/_2499_ (net)
                  0.05    0.00   12.18 ^ i_croc_soc/i_croc/i_core_wrap/_7346_/C (sg13g2_nand3_1)
     4    0.01    0.14    0.15   12.32 v i_croc_soc/i_croc/i_core_wrap/_7346_/Y (sg13g2_nand3_1)
                                         i_croc_soc/i_croc/i_core_wrap/_2500_ (net)
                  0.14    0.00   12.32 v fanout1590/A (sg13g2_buf_2)
     8    0.03    0.06    0.15   12.47 v fanout1590/X (sg13g2_buf_2)
                                         net1590 (net)
                  0.06    0.00   12.47 v i_croc_soc/i_croc/i_core_wrap/_7417_/B (sg13g2_nor3_1)
     1    0.01    0.12    0.13   12.60 ^ i_croc_soc/i_croc/i_core_wrap/_7417_/Y (sg13g2_nor3_1)
                                         i_croc_soc/i_croc/i_core_wrap/_2565_ (net)
                  0.12    0.00   12.60 ^ i_croc_soc/i_croc/i_core_wrap/_7418_/B (sg13g2_xor2_1)
     1    0.00    0.06    0.13   12.73 ^ i_croc_soc/i_croc/i_core_wrap/_7418_/X (sg13g2_xor2_1)
                                         i_croc_soc/i_croc/i_core_wrap/_2566_ (net)
                  0.06    0.00   12.73 ^ i_croc_soc/i_croc/i_core_wrap/_7425_/A2 (sg13g2_a21o_1)
     1    0.00    0.03    0.11   12.84 ^ i_croc_soc/i_croc/i_core_wrap/_7425_/X (sg13g2_a21o_1)
                                         i_croc_soc/i_croc/i_core_wrap/_0088_ (net)
                  0.03    0.00   12.84 ^ i_croc_soc/i_croc/i_core_wrap/i_ibex.crash_dump_o_93__reg/D (sg13g2_dfrbp_2)
                                 12.84   data arrival time

                  0.20   12.50   12.50   clock clk_sys (rise edge)
                          0.00   12.50   clock network delay (ideal)
                         -0.10   12.40   clock uncertainty
                          0.00   12.40   clock reconvergence pessimism
                                 12.40 ^ i_croc_soc/i_croc/i_core_wrap/i_ibex.crash_dump_o_93__reg/CLK (sg13g2_dfrbp_2)
                         -0.09   12.31   library setup time
                                 12.31   data required time
-----------------------------------------------------------------------------
                                 12.31   data required time
                                -12.84   data arrival time
-----------------------------------------------------------------------------
                                 -0.53   slack (VIOLATED)



==========================================================================
02_croc.gpl2 report_check_types -max_slew -max_cap -max_fanout -violators
--------------------------------------------------------------------------

==========================================================================
02_croc.gpl2 max_slew_check_slack
--------------------------------------------------------------------------
-2.4305672645568848

==========================================================================
02_croc.gpl2 max_slew_check_limit
--------------------------------------------------------------------------
1.2000000476837158

==========================================================================
02_croc.gpl2 max_slew_check_slack_limit
--------------------------------------------------------------------------
-2.0255

==========================================================================
02_croc.gpl2 max_fanout_check_slack
--------------------------------------------------------------------------
0.0

==========================================================================
02_croc.gpl2 max_fanout_check_limit
--------------------------------------------------------------------------
8.0

==========================================================================
02_croc.gpl2 max_fanout_check_slack_limit
--------------------------------------------------------------------------
0.0000

==========================================================================
02_croc.gpl2 max_capacitance_check_slack
--------------------------------------------------------------------------
-11.160959243774414

==========================================================================
02_croc.gpl2 max_capacitance_check_limit
--------------------------------------------------------------------------
4.21304988861084

==========================================================================
02_croc.gpl2 max_capacitance_check_slack_limit
--------------------------------------------------------------------------
-2.6491

==========================================================================
02_croc.gpl2 max_slew_violation_count
--------------------------------------------------------------------------
max slew violation count 71

==========================================================================
02_croc.gpl2 max_fanout_violation_count
--------------------------------------------------------------------------
max fanout violation count 0

==========================================================================
02_croc.gpl2 max_cap_violation_count
--------------------------------------------------------------------------
max cap violation count 71

==========================================================================
02_croc.gpl2 setup_violation_count
--------------------------------------------------------------------------
setup violation count 1641

==========================================================================
02_croc.gpl2 hold_violation_count
--------------------------------------------------------------------------
hold violation count 18

==========================================================================
02_croc.gpl2 critical path delay
--------------------------------------------------------------------------
12.8363

==========================================================================
02_croc.gpl2 critical path slack
--------------------------------------------------------------------------
-0.5278

==========================================================================
02_croc.gpl2 slack div critical path delay
--------------------------------------------------------------------------
-4.111777

==========================================================================
02_croc.gpl2 report_power tt
--------------------------------------------------------------------------
Group                  Internal  Switching    Leakage      Total
                          Power      Power      Power      Power (Watts)
----------------------------------------------------------------
Sequential             1.98e-02   4.37e-04   2.14e-06   2.02e-02  64.8%
Combinational          4.71e-03   4.23e-03   5.00e-06   8.95e-03  28.7%
Clock                  1.29e-06   6.97e-07   2.94e-10   1.99e-06   0.0%
Macro                  0.00e+00   0.00e+00   0.00e+00   0.00e+00   0.0%
Pad                    5.14e-05   1.98e-03   1.08e-07   2.03e-03   6.5%
----------------------------------------------------------------
Total                  2.46e-02   6.64e-03   7.24e-06   3.12e-02 100.0%
                          78.7%      21.3%       0.0%

==========================================================================
02_croc.gpl2 report_design_area
--------------------------------------------------------------------------

==========================================================================
02_croc.gpl2 area by hierarchy
--------------------------------------------------------------------------

--------------------------------------------------------------------------------
Design Area Summary
--------------------------------------------------------------------------------
Die Area:              4995225.0 um2
Core Area:             3254162.688 um2
Total Area:            2516723.2608 um2
Total Active Area:     723523.2608 um2

Core Utilization:      0.2223377655542709
Std Cell Utilization:  0.17509678221634078

--------------------------------------------------------------------------------
Hierarchical Area Report
--------------------------------------------------------------------------------
                                                                                Global Area (um^2)                                                              Global Instances                                                                Local Area (um^2)                                                               Local Instances
                                                                                ------------------------------------------------------------------------------- ------------------------------------------------------------------------------- ------------------------------------------------------------------------------- ----------------------------------------------------------------------------
Hierarchy Name                                                                  Total           StdCell         Macro           Cover           Pad             Total           StdCell         Macro           Cover           Pad             Total           StdCell         Macro           Cover           Pad             Total           StdCell         Macro           Cover           Pad             
-----------------------------------------------------------------------------------------------------------------------------------------------------------------------------------------------------------------------------------------------------------------------------------------------------------------------------------------------------------------------------------------------------------
<top>                                                                           2516723.261     537162.192      186361.069      313600.000      1479600.000     33168           32786           2               64              316             1843310.099     50110.099       0.000           313600.000      1479600.000     4800            4420            0               64              316             
  i_croc_soc                                                                    673413.162      487052.093      186361.069      0.000           0.000           28368           28366           2               0               0               195.955         195.955         0.000           0.000           0.000           5               5               0               0               0               
    i_croc                                                                      667768.563      481407.494      186361.069      0.000           0.000           28068           28066           2               0               0               87299.856       87299.856       0.000           0.000           0.000           5789            5789            0               0               0               
      gen_sram_bank\[0\].i_sram                                                 95016.707       1836.173        93180.534       0.000           0.000           186             185             1               0               0               95016.707       1836.173        93180.534       0.000           0.000           186             185             1               0               0               
      gen_sram_bank\[1\].i_sram                                                 95016.707       1836.173        93180.534       0.000           0.000           186             185             1               0               0               95016.707       1836.173        93180.534       0.000           0.000           186             185             1               0               0               
      i_core_wrap                                                               214101.014      214101.014      0.000           0.000           0.000           11715           11715           0               0               0               68820.192       68820.192       0.000           0.000           0.000           4927            4927            0               0               0               
        i_ibex.cs_registers_i                                                   53862.278       53862.278       0.000           0.000           0.000           3114            3114            0               0               0               53862.278       53862.278       0.000           0.000           0.000           3114            3114            0               0               0               
        i_ibex.register_file_i                                                  91418.544       91418.544       0.000           0.000           0.000           3674            3674            0               0               0               91418.544       91418.544       0.000           0.000           0.000           3674            3674            0               0               0               
      i_dm_top.i_dm_top                                                         73608.394       73608.394       0.000           0.000           0.000           4686            4686            0               0               0               73608.394       73608.394       0.000           0.000           0.000           4686            4686            0               0               0               
      i_dmi_jtag                                                                41208.653       41208.653       0.000           0.000           0.000           2314            2314            0               0               0               17581.536       17581.536       0.000           0.000           0.000           1133            1133            0               0               0               
        i_dmi_cdc.i_cdc_req                                                     12557.462       12557.462       0.000           0.000           0.000           620             620             0               0               0               243.130         243.130         0.000           0.000           0.000           8               8               0               0               0               
          i_cdc_reset_ctrlr                                                     4060.627        4060.627        0.000           0.000           0.000           257             257             0               0               0               0.000           0.000           0.000           0.000           0.000           0               0               0               0               0               
            i_cdc_reset_ctrlr_half_a                                            2030.314        2030.314        0.000           0.000           0.000           131             131             0               0               0               1041.466        1041.466        0.000           0.000           0.000           83              83              0               0               0               
              i_state_transition_cdc_dst                                        373.766         373.766         0.000           0.000           0.000           19              19              0               0               0               279.418         279.418         0.000           0.000           0.000           17              17              0               0               0               
                i_sync                                                          94.349          94.349          0.000           0.000           0.000           2               2               0               0               0               94.349          94.349          0.000           0.000           0.000           2               2               0               0               0               
              i_state_transition_cdc_src                                        615.082         615.082         0.000           0.000           0.000           29              29              0               0               0               513.475         513.475         0.000           0.000           0.000           27              27              0               0               0               
                i_sync                                                          101.606         101.606         0.000           0.000           0.000           2               2               0               0               0               101.606         101.606         0.000           0.000           0.000           2               2               0               0               0               
            i_cdc_reset_ctrlr_half_b                                            2030.314        2030.314        0.000           0.000           0.000           126             126             0               0               0               1041.466        1041.466        0.000           0.000           0.000           78              78              0               0               0               
              i_state_transition_cdc_dst                                        373.766         373.766         0.000           0.000           0.000           19              19              0               0               0               279.418         279.418         0.000           0.000           0.000           17              17              0               0               0               
                i_sync                                                          94.349          94.349          0.000           0.000           0.000           2               2               0               0               0               94.349          94.349          0.000           0.000           0.000           2               2               0               0               0               
              i_state_transition_cdc_src                                        615.082         615.082         0.000           0.000           0.000           29              29              0               0               0               513.475         513.475         0.000           0.000           0.000           27              27              0               0               0               
                i_sync                                                          101.606         101.606         0.000           0.000           0.000           2               2               0               0               0               101.606         101.606         0.000           0.000           0.000           2               2               0               0               0               
          i_dst                                                                 4187.635        4187.635        0.000           0.000           0.000           178             178             0               0               0               4046.112        4046.112        0.000           0.000           0.000           175             175             0               0               0               
            i_sync                                                              141.523         141.523         0.000           0.000           0.000           3               3               0               0               0               141.523         141.523         0.000           0.000           0.000           3               3               0               0               0               
          i_src                                                                 4066.070        4066.070        0.000           0.000           0.000           177             177             0               0               0               3924.547        3924.547        0.000           0.000           0.000           174             174             0               0               0               
            i_sync                                                              141.523         141.523         0.000           0.000           0.000           3               3               0               0               0               141.523         141.523         0.000           0.000           0.000           3               3               0               0               0               
        i_dmi_cdc.i_cdc_resp                                                    11038.810       11038.810       0.000           0.000           0.000           558             558             0               0               0               250.387         250.387         0.000           0.000           0.000           9               9               0               0               0               
          i_cdc_reset_ctrlr                                                     3993.494        3993.494        0.000           0.000           0.000           250             250             0               0               0               0.000           0.000           0.000           0.000           0.000           0               0               0               0               0               
            i_cdc_reset_ctrlr_half_a                                            2006.726        2006.726        0.000           0.000           0.000           128             128             0               0               0               1025.136        1025.136        0.000           0.000           0.000           80              80              0               0               0               
              i_state_transition_cdc_dst                                        373.766         373.766         0.000           0.000           0.000           19              19              0               0               0               279.418         279.418         0.000           0.000           0.000           17              17              0               0               0               
                i_sync                                                          94.349          94.349          0.000           0.000           0.000           2               2               0               0               0               94.349          94.349          0.000           0.000           0.000           2               2               0               0               0               
              i_state_transition_cdc_src                                        607.824         607.824         0.000           0.000           0.000           29              29              0               0               0               506.218         506.218         0.000           0.000           0.000           27              27              0               0               0               
                i_sync                                                          101.606         101.606         0.000           0.000           0.000           2               2               0               0               0               101.606         101.606         0.000           0.000           0.000           2               2               0               0               0               
            i_cdc_reset_ctrlr_half_b                                            1986.768        1986.768        0.000           0.000           0.000           122             122             0               0               0               997.920         997.920         0.000           0.000           0.000           74              74              0               0               0               
              i_state_transition_cdc_dst                                        373.766         373.766         0.000           0.000           0.000           19              19              0               0               0               279.418         279.418         0.000           0.000           0.000           17              17              0               0               0               
                i_sync                                                          94.349          94.349          0.000           0.000           0.000           2               2               0               0               0               94.349          94.349          0.000           0.000           0.000           2               2               0               0               0               
              i_state_transition_cdc_src                                        615.082         615.082         0.000           0.000           0.000           29              29              0               0               0               513.475         513.475         0.000           0.000           0.000           27              27              0               0               0               
                i_sync                                                          101.606         101.606         0.000           0.000           0.000           2               2               0               0               0               101.606         101.606         0.000           0.000           0.000           2               2               0               0               0               
          i_dst                                                                 3436.474        3436.474        0.000           0.000           0.000           150             150             0               0               0               3294.950        3294.950        0.000           0.000           0.000           147             147             0               0               0               
            i_sync                                                              141.523         141.523         0.000           0.000           0.000           3               3               0               0               0               141.523         141.523         0.000           0.000           0.000           3               3               0               0               0               
          i_src                                                                 3358.454        3358.454        0.000           0.000           0.000           149             149             0               0               0               3216.931        3216.931        0.000           0.000           0.000           146             146             0               0               0               
            i_sync                                                              141.523         141.523         0.000           0.000           0.000           3               3               0               0               0               141.523         141.523         0.000           0.000           0.000           3               3               0               0               0               
        i_dmi_jtag_tap.i_dft_tck_mux                                            25.402          25.402          0.000           0.000           0.000           2               2               0               0               0               25.402          25.402          0.000           0.000           0.000           2               2               0               0               0               
        i_dmi_jtag_tap.i_tck_inv                                                5.443           5.443           0.000           0.000           0.000           1               1               0               0               0               5.443           5.443           0.000           0.000           0.000           1               1               0               0               0               
      i_gpio                                                                    27513.562       27513.562       0.000           0.000           0.000           1347            1347            0               0               0               24320.218       24320.218       0.000           0.000           0.000           1283            1283            0               0               0               
        gen_gpios\[0\].i_sync                                                   101.606         101.606         0.000           0.000           0.000           2               2               0               0               0               101.606         101.606         0.000           0.000           0.000           2               2               0               0               0               
        gen_gpios\[10\].i_sync                                                  94.349          94.349          0.000           0.000           0.000           2               2               0               0               0               94.349          94.349          0.000           0.000           0.000           2               2               0               0               0               
        gen_gpios\[11\].i_sync                                                  101.606         101.606         0.000           0.000           0.000           2               2               0               0               0               101.606         101.606         0.000           0.000           0.000           2               2               0               0               0               
        gen_gpios\[12\].i_sync                                                  94.349          94.349          0.000           0.000           0.000           2               2               0               0               0               94.349          94.349          0.000           0.000           0.000           2               2               0               0               0               
        gen_gpios\[13\].i_sync                                                  94.349          94.349          0.000           0.000           0.000           2               2               0               0               0               94.349          94.349          0.000           0.000           0.000           2               2               0               0               0               
        gen_gpios\[14\].i_sync                                                  94.349          94.349          0.000           0.000           0.000           2               2               0               0               0               94.349          94.349          0.000           0.000           0.000           2               2               0               0               0               
        gen_gpios\[15\].i_sync                                                  101.606         101.606         0.000           0.000           0.000           2               2               0               0               0               101.606         101.606         0.000           0.000           0.000           2               2               0               0               0               
        gen_gpios\[16\].i_sync                                                  94.349          94.349          0.000           0.000           0.000           2               2               0               0               0               94.349          94.349          0.000           0.000           0.000           2               2               0               0               0               
        gen_gpios\[17\].i_sync                                                  101.606         101.606         0.000           0.000           0.000           2               2               0               0               0               101.606         101.606         0.000           0.000           0.000           2               2               0               0               0               
        gen_gpios\[18\].i_sync                                                  101.606         101.606         0.000           0.000           0.000           2               2               0               0               0               101.606         101.606         0.000           0.000           0.000           2               2               0               0               0               
        gen_gpios\[19\].i_sync                                                  101.606         101.606         0.000           0.000           0.000           2               2               0               0               0               101.606         101.606         0.000           0.000           0.000           2               2               0               0               0               
        gen_gpios\[1\].i_sync                                                   101.606         101.606         0.000           0.000           0.000           2               2               0               0               0               101.606         101.606         0.000           0.000           0.000           2               2               0               0               0               
        gen_gpios\[20\].i_sync                                                  101.606         101.606         0.000           0.000           0.000           2               2               0               0               0               101.606         101.606         0.000           0.000           0.000           2               2               0               0               0               
        gen_gpios\[21\].i_sync                                                  108.864         108.864         0.000           0.000           0.000           2               2               0               0               0               108.864         108.864         0.000           0.000           0.000           2               2               0               0               0               
        gen_gpios\[22\].i_sync                                                  101.606         101.606         0.000           0.000           0.000           2               2               0               0               0               101.606         101.606         0.000           0.000           0.000           2               2               0               0               0               
        gen_gpios\[23\].i_sync                                                  101.606         101.606         0.000           0.000           0.000           2               2               0               0               0               101.606         101.606         0.000           0.000           0.000           2               2               0               0               0               
        gen_gpios\[24\].i_sync                                                  101.606         101.606         0.000           0.000           0.000           2               2               0               0               0               101.606         101.606         0.000           0.000           0.000           2               2               0               0               0               
        gen_gpios\[25\].i_sync                                                  101.606         101.606         0.000           0.000           0.000           2               2               0               0               0               101.606         101.606         0.000           0.000           0.000           2               2               0               0               0               
        gen_gpios\[26\].i_sync                                                  94.349          94.349          0.000           0.000           0.000           2               2               0               0               0               94.349          94.349          0.000           0.000           0.000           2               2               0               0               0               
        gen_gpios\[27\].i_sync                                                  94.349          94.349          0.000           0.000           0.000           2               2               0               0               0               94.349          94.349          0.000           0.000           0.000           2               2               0               0               0               
        gen_gpios\[28\].i_sync                                                  94.349          94.349          0.000           0.000           0.000           2               2               0               0               0               94.349          94.349          0.000           0.000           0.000           2               2               0               0               0               
        gen_gpios\[29\].i_sync                                                  94.349          94.349          0.000           0.000           0.000           2               2               0               0               0               94.349          94.349          0.000           0.000           0.000           2               2               0               0               0               
        gen_gpios\[2\].i_sync                                                   101.606         101.606         0.000           0.000           0.000           2               2               0               0               0               101.606         101.606         0.000           0.000           0.000           2               2               0               0               0               
        gen_gpios\[30\].i_sync                                                  108.864         108.864         0.000           0.000           0.000           2               2               0               0               0               108.864         108.864         0.000           0.000           0.000           2               2               0               0               0               
        gen_gpios\[31\].i_sync                                                  101.606         101.606         0.000           0.000           0.000           2               2               0               0               0               101.606         101.606         0.000           0.000           0.000           2               2               0               0               0               
        gen_gpios\[3\].i_sync                                                   108.864         108.864         0.000           0.000           0.000           2               2               0               0               0               108.864         108.864         0.000           0.000           0.000           2               2               0               0               0               
        gen_gpios\[4\].i_sync                                                   101.606         101.606         0.000           0.000           0.000           2               2               0               0               0               101.606         101.606         0.000           0.000           0.000           2               2               0               0               0               
        gen_gpios\[5\].i_sync                                                   101.606         101.606         0.000           0.000           0.000           2               2               0               0               0               101.606         101.606         0.000           0.000           0.000           2               2               0               0               0               
        gen_gpios\[6\].i_sync                                                   101.606         101.606         0.000           0.000           0.000           2               2               0               0               0               101.606         101.606         0.000           0.000           0.000           2               2               0               0               0               
        gen_gpios\[7\].i_sync                                                   94.349          94.349          0.000           0.000           0.000           2               2               0               0               0               94.349          94.349          0.000           0.000           0.000           2               2               0               0               0               
        gen_gpios\[8\].i_sync                                                   94.349          94.349          0.000           0.000           0.000           2               2               0               0               0               94.349          94.349          0.000           0.000           0.000           2               2               0               0               0               
        gen_gpios\[9\].i_sync                                                   101.606         101.606         0.000           0.000           0.000           2               2               0               0               0               101.606         101.606         0.000           0.000           0.000           2               2               0               0               0               
      i_soc_ctrl                                                                5591.981        5591.981        0.000           0.000           0.000           239             239             0               0               0               5591.981        5591.981        0.000           0.000           0.000           239             239             0               0               0               
      i_timer                                                                   27903.658       27903.658       0.000           0.000           0.000           1592            1592            0               0               0               27903.658       27903.658       0.000           0.000           0.000           1592            1592            0               0               0               
      i_uart.i_uart_modem.i_sync_cd                                             101.606         101.606         0.000           0.000           0.000           3               3               0               0               0               101.606         101.606         0.000           0.000           0.000           3               3               0               0               0               
      i_uart.i_uart_modem.i_sync_cts                                            101.606         101.606         0.000           0.000           0.000           3               3               0               0               0               101.606         101.606         0.000           0.000           0.000           3               3               0               0               0               
      i_uart.i_uart_modem.i_sync_dsr                                            101.606         101.606         0.000           0.000           0.000           3               3               0               0               0               101.606         101.606         0.000           0.000           0.000           3               3               0               0               0               
      i_uart.i_uart_modem.i_sync_ri                                             101.606         101.606         0.000           0.000           0.000           3               3               0               0               0               101.606         101.606         0.000           0.000           0.000           3               3               0               0               0               
      i_uart.i_uart_rx.i_sync                                                   101.606         101.606         0.000           0.000           0.000           2               2               0               0               0               101.606         101.606         0.000           0.000           0.000           2               2               0               0               0               
    i_ext_intr_sync                                                             101.606         101.606         0.000           0.000           0.000           2               2               0               0               0               101.606         101.606         0.000           0.000           0.000           2               2               0               0               0               
    i_rstgen.i_rstgen_bypass.i_tc_clk_mux2_init_no                              32.659          32.659          0.000           0.000           0.000           3               3               0               0               0               32.659          32.659          0.000           0.000           0.000           3               3               0               0               0               
    i_rstgen.i_rstgen_bypass.i_tc_clk_mux2_rst_n                                27.216          27.216          0.000           0.000           0.000           2               2               0               0               0               27.216          27.216          0.000           0.000           0.000           2               2               0               0               0               
    i_rstgen.i_rstgen_bypass.i_tc_clk_mux2_rst_no                               27.216          27.216          0.000           0.000           0.000           2               2               0               0               0               27.216          27.216          0.000           0.000           0.000           2               2               0               0               0               
    i_user                                                                      5259.946        5259.946        0.000           0.000           0.000           286             286             0               0               0               5259.946        5259.946        0.000           0.000           0.000           286             286             0               0               0               
