
==========================================================================
03_croc.dpl check_setup
--------------------------------------------------------------------------
0

==========================================================================
03_croc.dpl report_tns
--------------------------------------------------------------------------
tns -0.89

==========================================================================
03_croc.dpl report_wns
--------------------------------------------------------------------------
wns -0.23

==========================================================================
03_croc.dpl report_worst_slack
--------------------------------------------------------------------------
worst slack -0.23

==========================================================================
03_croc.dpl report_checks -path_delay min
--------------------------------------------------------------------------
Startpoint: i_croc_soc/i_rstgen.i_rstgen_bypass.synch_regs_q_3__reg
            (rising edge-triggered flip-flop clocked by clk_sys)
Endpoint: i_croc_soc/i_croc/i_dmi_jtag/i_dmi_cdc.i_cdc_req/i_cdc_reset_ctrlr/i_cdc_reset_ctrlr_half_b/receiver_phase_q_0__reg
          (removal check against rising-edge clock clk_sys)
Path Group: asynchronous
Path Type: min
Corner: ff

Fanout     Cap    Slew   Delay    Time   Description
-----------------------------------------------------------------------------
                  0.20    0.00    0.00   clock clk_sys (rise edge)
                          0.00    0.00   clock network delay (ideal)
                  0.20    0.00    0.00 ^ i_croc_soc/i_rstgen.i_rstgen_bypass.synch_regs_q_3__reg/CLK (sg13g2_dfrbp_1)
     2    0.01    0.03    0.20    0.20 ^ i_croc_soc/i_rstgen.i_rstgen_bypass.synch_regs_q_3__reg/Q (sg13g2_dfrbp_1)
                                         i_croc_soc/i_rstgen.i_rstgen_bypass.synch_regs_q_3_ (net)
                  0.03    0.00    0.20 ^ i_croc_soc/i_rstgen.i_rstgen_bypass.i_tc_clk_mux2_rst_no/i_mux/A0 (sg13g2_mux2_1)
     1    0.01    0.04    0.07    0.27 ^ i_croc_soc/i_rstgen.i_rstgen_bypass.i_tc_clk_mux2_rst_no/i_mux/X (sg13g2_mux2_1)
                                         i_croc_soc/i_rstgen.i_rstgen_bypass.rst_no (net)
                  0.04    0.00    0.27 ^ fanout4728/A (sg13g2_buf_8)
     4    0.15    0.05    0.07    0.34 ^ fanout4728/X (sg13g2_buf_8)
                                         net4728 (net)
                  0.06    0.01    0.35 ^ fanout4182/A (sg13g2_buf_4)
     4    0.07    0.06    0.10    0.45 ^ fanout4182/X (sg13g2_buf_4)
                                         net4182 (net)
                  0.06    0.00    0.46 ^ i_croc_soc/i_croc/i_dmi_jtag/i_dmi_cdc.i_cdc_req/i_cdc_reset_ctrlr/i_cdc_reset_ctrlr_half_b/receiver_phase_q_0__reg/RESET_B (sg13g2_dfrbp_1)
                                  0.46   data arrival time

                  0.20    0.00    0.00   clock clk_sys (rise edge)
                          0.00    0.00   clock network delay (ideal)
                          0.10    0.10   clock uncertainty
                          0.00    0.10   clock reconvergence pessimism
                                  0.10 ^ i_croc_soc/i_croc/i_dmi_jtag/i_dmi_cdc.i_cdc_req/i_cdc_reset_ctrlr/i_cdc_reset_ctrlr_half_b/receiver_phase_q_0__reg/CLK (sg13g2_dfrbp_1)
                         -0.06    0.04   library removal time
                                  0.04   data required time
-----------------------------------------------------------------------------
                                  0.04   data required time
                                 -0.46   data arrival time
-----------------------------------------------------------------------------
                                  0.41   slack (MET)


Startpoint: i_croc_soc/i_croc/i_dmi_jtag/i_dmi_cdc.i_cdc_req/i_cdc_reset_ctrlr/i_cdc_reset_ctrlr_half_a/i_state_transition_cdc_dst/i_sync/reg_q_0__reg
            (rising edge-triggered flip-flop clocked by clk_jtg)
Endpoint: i_croc_soc/i_croc/i_dmi_jtag/i_dmi_cdc.i_cdc_req/i_cdc_reset_ctrlr/i_cdc_reset_ctrlr_half_a/i_state_transition_cdc_dst/i_sync/serial_o_reg
          (rising edge-triggered flip-flop clocked by clk_jtg)
Path Group: clk_jtg
Path Type: min
Corner: ff

Fanout     Cap    Slew   Delay    Time   Description
-----------------------------------------------------------------------------
                  0.20    0.00    0.00   clock clk_jtg (rise edge)
                          0.00    0.00   clock network delay (ideal)
                  0.20    0.00    0.00 ^ i_croc_soc/i_croc/i_dmi_jtag/i_dmi_cdc.i_cdc_req/i_cdc_reset_ctrlr/i_cdc_reset_ctrlr_half_a/i_state_transition_cdc_dst/i_sync/reg_q_0__reg/CLK (sg13g2_dfrbp_1)
     1    0.00    0.01    0.18    0.18 v i_croc_soc/i_croc/i_dmi_jtag/i_dmi_cdc.i_cdc_req/i_cdc_reset_ctrlr/i_cdc_reset_ctrlr_half_a/i_state_transition_cdc_dst/i_sync/reg_q_0__reg/Q (sg13g2_dfrbp_1)
                                         i_croc_soc/i_croc/i_dmi_jtag/i_dmi_cdc.i_cdc_req/i_cdc_reset_ctrlr/i_cdc_reset_ctrlr_half_a/i_state_transition_cdc_dst/i_sync/reg_q_0_ (net)
                  0.01    0.00    0.18 v i_croc_soc/i_croc/i_dmi_jtag/i_dmi_cdc.i_cdc_req/i_cdc_reset_ctrlr/i_cdc_reset_ctrlr_half_a/i_state_transition_cdc_dst/i_sync/serial_o_reg/D (sg13g2_dfrbp_1)
                                  0.18   data arrival time

                  0.20    0.00    0.00   clock clk_jtg (rise edge)
                          0.00    0.00   clock network delay (ideal)
                          0.10    0.10   clock uncertainty
                          0.00    0.10   clock reconvergence pessimism
                                  0.10 ^ i_croc_soc/i_croc/i_dmi_jtag/i_dmi_cdc.i_cdc_req/i_cdc_reset_ctrlr/i_cdc_reset_ctrlr_half_a/i_state_transition_cdc_dst/i_sync/serial_o_reg/CLK (sg13g2_dfrbp_1)
                          0.01    0.11   library hold time
                                  0.11   data required time
-----------------------------------------------------------------------------
                                  0.11   data required time
                                 -0.18   data arrival time
-----------------------------------------------------------------------------
                                  0.07   slack (MET)


Startpoint: i_croc_soc/i_croc/i_dm_top.i_dm_top/master_add_o[5]_reg
            (rising edge-triggered flip-flop clocked by clk_sys)
Endpoint: i_croc_soc/i_croc/gen_sram_bank[1].i_sram/gen_512x32xBx1.i_cut
          (rising edge-triggered flip-flop clocked by clk_sys)
Path Group: clk_sys
Path Type: min
Corner: ff

Fanout     Cap    Slew   Delay    Time   Description
-----------------------------------------------------------------------------
                  0.20    0.00    0.00   clock clk_sys (rise edge)
                          0.00    0.00   clock network delay (ideal)
                  0.20    0.00    0.00 ^ i_croc_soc/i_croc/i_dm_top.i_dm_top/master_add_o[5]_reg/CLK (sg13g2_dfrbp_1)
     1    0.00    0.02    0.19    0.19 ^ i_croc_soc/i_croc/i_dm_top.i_dm_top/master_add_o[5]_reg/Q (sg13g2_dfrbp_1)
                                         i_croc_soc/i_croc/i_dm_top.master_addr_o_5_ (net)
                  0.02    0.00    0.19 ^ fanout5025/A (sg13g2_buf_2)
     5    0.03    0.05    0.07    0.26 ^ fanout5025/X (sg13g2_buf_2)
                                         net5025 (net)
                  0.05    0.00    0.26 ^ i_croc_soc/i_croc/_07174_/A (sg13g2_nand3_1)
     1    0.00    0.04    0.05    0.31 v i_croc_soc/i_croc/_07174_/Y (sg13g2_nand3_1)
                                         i_croc_soc/i_croc/_02116_ (net)
                  0.04    0.00    0.31 v i_croc_soc/i_croc/_07176_/B (sg13g2_nand3_1)
     1    0.00    0.02    0.03    0.35 ^ i_croc_soc/i_croc/_07176_/Y (sg13g2_nand3_1)
                                         i_croc_soc/i_croc/_02118_ (net)
                  0.02    0.00    0.35 ^ i_croc_soc/i_croc/_07177_/B (sg13g2_and2_2)
     1    0.04    0.07    0.11    0.45 ^ i_croc_soc/i_croc/_07177_/X (sg13g2_and2_2)
                                         i_croc_soc/i_croc/all_sbr_obi_req_269_ (net)
                  0.09    0.00    0.46 ^ i_croc_soc/i_croc/gen_sram_bank[1].i_sram/gen_512x32xBx1.i_cut/A_ADDR[2] (RM_IHPSG13_1P_256x64_c2_bm_bist)
                                  0.46   data arrival time

                  0.20    0.00    0.00   clock clk_sys (rise edge)
                          0.00    0.00   clock network delay (ideal)
                          0.10    0.10   clock uncertainty
                          0.00    0.10   clock reconvergence pessimism
                                  0.10 ^ i_croc_soc/i_croc/gen_sram_bank[1].i_sram/gen_512x32xBx1.i_cut/A_CLK (RM_IHPSG13_1P_256x64_c2_bm_bist)
                          0.43    0.53   library hold time
                                  0.53   data required time
-----------------------------------------------------------------------------
                                  0.53   data required time
                                 -0.46   data arrival time
-----------------------------------------------------------------------------
                                 -0.07   slack (VIOLATED)



==========================================================================
03_croc.dpl report_checks -path_delay max
--------------------------------------------------------------------------
Startpoint: i_croc_soc/i_rstgen.i_rstgen_bypass.synch_regs_q_3__reg
            (rising edge-triggered flip-flop clocked by clk_sys)
Endpoint: i_croc_soc/i_croc/i_gpio/i_reg_file.new_reg_222__reg
          (recovery check against rising-edge clock clk_sys)
Path Group: asynchronous
Path Type: max
Corner: tt

Fanout     Cap    Slew   Delay    Time   Description
-----------------------------------------------------------------------------
                  0.20    0.00    0.00   clock clk_sys (rise edge)
                          0.00    0.00   clock network delay (ideal)
                  0.20    0.00    0.00 ^ i_croc_soc/i_rstgen.i_rstgen_bypass.synch_regs_q_3__reg/CLK (sg13g2_dfrbp_1)
     2    0.01    0.05    0.29    0.29 ^ i_croc_soc/i_rstgen.i_rstgen_bypass.synch_regs_q_3__reg/Q (sg13g2_dfrbp_1)
                                         i_croc_soc/i_rstgen.i_rstgen_bypass.synch_regs_q_3_ (net)
                  0.05    0.00    0.29 ^ i_croc_soc/i_rstgen.i_rstgen_bypass.i_tc_clk_mux2_rst_no/i_mux/A0 (sg13g2_mux2_1)
     1    0.01    0.05    0.11    0.40 ^ i_croc_soc/i_rstgen.i_rstgen_bypass.i_tc_clk_mux2_rst_no/i_mux/X (sg13g2_mux2_1)
                                         i_croc_soc/i_rstgen.i_rstgen_bypass.rst_no (net)
                  0.05    0.00    0.40 ^ fanout4728/A (sg13g2_buf_8)
     4    0.15    0.09    0.11    0.51 ^ fanout4728/X (sg13g2_buf_8)
                                         net4728 (net)
                  0.10    0.03    0.54 ^ fanout4727/A (sg13g2_buf_16)
     5    0.15    0.05    0.12    0.66 ^ fanout4727/X (sg13g2_buf_16)
                                         net4727 (net)
                  0.07    0.02    0.68 ^ fanout4721/A (sg13g2_buf_4)
     7    0.07    0.08    0.15    0.83 ^ fanout4721/X (sg13g2_buf_4)
                                         net4721 (net)
                  0.08    0.00    0.83 ^ fanout4720/A (sg13g2_buf_4)
     5    0.03    0.05    0.13    0.96 ^ fanout4720/X (sg13g2_buf_4)
                                         net4720 (net)
                  0.05    0.00    0.96 ^ fanout4701/A (sg13g2_buf_2)
     4    0.02    0.05    0.10    1.06 ^ fanout4701/X (sg13g2_buf_2)
                                         net4701 (net)
                  0.05    0.00    1.06 ^ fanout4700/A (sg13g2_buf_2)
     5    0.09    0.19    0.20    1.26 ^ fanout4700/X (sg13g2_buf_2)
                                         net4700 (net)
                  0.19    0.00    1.26 ^ fanout4696/A (sg13g2_buf_4)
     8    0.11    0.12    0.23    1.49 ^ fanout4696/X (sg13g2_buf_4)
                                         net4696 (net)
                  0.12    0.00    1.49 ^ fanout4695/A (sg13g2_buf_4)
     8    0.12    0.13    0.21    1.71 ^ fanout4695/X (sg13g2_buf_4)
                                         net4695 (net)
                  0.13    0.02    1.72 ^ i_croc_soc/i_croc/i_gpio/i_reg_file.new_reg_222__reg/RESET_B (sg13g2_dfrbp_2)
                                  1.72   data arrival time

                  0.20   12.50   12.50   clock clk_sys (rise edge)
                          0.00   12.50   clock network delay (ideal)
                         -0.10   12.40   clock uncertainty
                          0.00   12.40   clock reconvergence pessimism
                                 12.40 ^ i_croc_soc/i_croc/i_gpio/i_reg_file.new_reg_222__reg/CLK (sg13g2_dfrbp_2)
                         -0.13   12.27   library recovery time
                                 12.27   data required time
-----------------------------------------------------------------------------
                                 12.27   data required time
                                 -1.72   data arrival time
-----------------------------------------------------------------------------
                                 10.55   slack (MET)


Startpoint: i_croc_soc/i_croc/i_dmi_jtag/i_dmi_cdc.i_cdc_req/i_dst/async_ack_o_reg
            (rising edge-triggered flip-flop clocked by clk_sys)
Endpoint: i_croc_soc/i_croc/i_dm_top.i_dm_top/i_dm_csrs.progbuf_o_190__reg
          (rising edge-triggered flip-flop clocked by clk_sys)
Path Group: path delay
Path Type: max
Corner: tt

Fanout     Cap    Slew   Delay    Time   Description
-----------------------------------------------------------------------------
                  0.20    0.00    0.00 ^ i_croc_soc/i_croc/i_dmi_jtag/i_dmi_cdc.i_cdc_req/i_dst/async_ack_o_reg/CLK (sg13g2_dfrbp_2)
     6    0.03    0.07    0.35    0.35 ^ i_croc_soc/i_croc/i_dmi_jtag/i_dmi_cdc.i_cdc_req/i_dst/async_ack_o_reg/Q (sg13g2_dfrbp_2)
                                         i_croc_soc/i_croc/i_dmi_jtag/i_dmi_cdc.i_cdc_req/async_ack (net)
                  0.07    0.00    0.35 ^ i_croc_soc/i_croc/i_dmi_jtag/i_dmi_cdc.i_cdc_req/i_dst/_199_/A (sg13g2_xor2_1)
     1    0.00    0.05    0.11    0.46 ^ i_croc_soc/i_croc/i_dmi_jtag/i_dmi_cdc.i_cdc_req/i_dst/_199_/X (sg13g2_xor2_1)
                                         i_croc_soc/i_croc/i_dmi_jtag/i_dmi_cdc.i_cdc_req/s_dst_valid (net)
                  0.05    0.00    0.46 ^ i_croc_soc/i_croc/i_dmi_jtag/i_dmi_cdc.i_cdc_req/_5_/B_N (sg13g2_nor2b_2)
     5    0.02    0.13    0.16    0.62 ^ i_croc_soc/i_croc/i_dmi_jtag/i_dmi_cdc.i_cdc_req/_5_/Y (sg13g2_nor2b_2)
                                         i_croc_soc/i_croc/dmi_req_valid (net)
                  0.13    0.00    0.62 ^ i_croc_soc/i_croc/i_dm_top.i_dm_top/_4879_/A (sg13g2_nand2_2)
     4    0.03    0.11    0.13    0.75 v i_croc_soc/i_croc/i_dm_top.i_dm_top/_4879_/Y (sg13g2_nand2_2)
                                         i_croc_soc/i_croc/i_dm_top.i_dm_top/_0600_ (net)
                  0.11    0.00    0.75 v i_croc_soc/i_croc/i_dm_top.i_dm_top/_4891_/A (sg13g2_or2_1)
     2    0.01    0.04    0.15    0.90 v i_croc_soc/i_croc/i_dm_top.i_dm_top/_4891_/X (sg13g2_or2_1)
                                         i_croc_soc/i_croc/i_dm_top.i_dm_top/_0611_ (net)
                  0.04    0.00    0.90 v fanout3217/A (sg13g2_buf_4)
     8    0.05    0.05    0.10    1.00 v fanout3217/X (sg13g2_buf_4)
                                         net3217 (net)
                  0.05    0.00    1.00 v i_croc_soc/i_croc/i_dm_top.i_dm_top/_4896_/A (sg13g2_nor2_2)
     7    0.04    0.20    0.18    1.18 ^ i_croc_soc/i_croc/i_dm_top.i_dm_top/_4896_/Y (sg13g2_nor2_2)
                                         i_croc_soc/i_croc/i_dm_top.i_dm_top/_0616_ (net)
                  0.20    0.00    1.18 ^ i_croc_soc/i_croc/i_dm_top.i_dm_top/_6537_/A1 (sg13g2_a21oi_2)
     8    0.04    0.17    0.21    1.39 v i_croc_soc/i_croc/i_dm_top.i_dm_top/_6537_/Y (sg13g2_a21oi_2)
                                         i_croc_soc/i_croc/i_dm_top.i_dm_top/_2038_ (net)
                  0.17    0.00    1.39 v i_croc_soc/i_croc/i_dm_top.i_dm_top/_6771_/A (sg13g2_nor2_1)
     1    0.00    0.07    0.10    1.49 ^ i_croc_soc/i_croc/i_dm_top.i_dm_top/_6771_/Y (sg13g2_nor2_1)
                                         i_croc_soc/i_croc/i_dm_top.i_dm_top/_2205_ (net)
                  0.07    0.00    1.49 ^ fanout2909/A (sg13g2_buf_4)
     6    0.04    0.06    0.13    1.62 ^ fanout2909/X (sg13g2_buf_4)
                                         net2909 (net)
                  0.06    0.00    1.62 ^ fanout2908/A (sg13g2_buf_4)
     8    0.05    0.06    0.13    1.75 ^ fanout2908/X (sg13g2_buf_4)
                                         net2908 (net)
                  0.06    0.00    1.75 ^ fanout2906/A (sg13g2_buf_4)
     8    0.04    0.05    0.12    1.87 ^ fanout2906/X (sg13g2_buf_4)
                                         net2906 (net)
                  0.05    0.00    1.87 ^ fanout2905/A (sg13g2_buf_2)
     8    0.04    0.09    0.13    2.00 ^ fanout2905/X (sg13g2_buf_2)
                                         net2905 (net)
                  0.09    0.00    2.00 ^ i_croc_soc/i_croc/i_dm_top.i_dm_top/_6882_/C (sg13g2_nand3_1)
     1    0.00    0.07    0.10    2.10 v i_croc_soc/i_croc/i_dm_top.i_dm_top/_6882_/Y (sg13g2_nand3_1)
                                         i_croc_soc/i_croc/i_dm_top.i_dm_top/_2283_ (net)
                  0.07    0.00    2.10 v i_croc_soc/i_croc/i_dm_top.i_dm_top/_6883_/B1 (sg13g2_o21ai_1)
     1    0.00    0.07    0.05    2.15 ^ i_croc_soc/i_croc/i_dm_top.i_dm_top/_6883_/Y (sg13g2_o21ai_1)
                                         i_croc_soc/i_croc/i_dm_top.i_dm_top/_0282_ (net)
                  0.07    0.00    2.15 ^ i_croc_soc/i_croc/i_dm_top.i_dm_top/i_dm_csrs.progbuf_o_190__reg/D (sg13g2_dfrbp_1)
                                  2.15   data arrival time

                          4.38    4.38   max_delay
                         -0.10    4.27   library setup time
                                  4.27   data required time
-----------------------------------------------------------------------------
                                  4.27   data required time
                                 -2.15   data arrival time
-----------------------------------------------------------------------------
                                  2.12   slack (MET)


Startpoint: i_croc_soc/i_croc/i_dmi_jtag/td_o_reg
            (rising edge-triggered flip-flop clocked by clk_jtg')
Endpoint: jtag_tdo_o (output port clocked by clk_jtg)
Path Group: clk_jtg
Path Type: max
Corner: tt

Fanout     Cap    Slew   Delay    Time   Description
-----------------------------------------------------------------------------
                  0.20   10.00   10.00   clock clk_jtg' (rise edge)
                          0.00   10.00   clock network delay (ideal)
                  0.20    0.00   10.00 ^ i_croc_soc/i_croc/i_dmi_jtag/td_o_reg/CLK (sg13g2_dfrbp_2)
     1    0.14    0.30    0.48   10.48 ^ i_croc_soc/i_croc/i_dmi_jtag/td_o_reg/Q (sg13g2_dfrbp_2)
                                         soc_jtag_tdo_o (net)
                  0.42    0.05   10.53 ^ pad_jtag_tdo_o/c2p (sg13g2_IOPadOut16mA)
     1   15.00    3.55    3.29   13.82 ^ pad_jtag_tdo_o/pad (sg13g2_IOPadOut16mA)
                                         jtag_tdo_o (net)
                  2.66    0.00   13.82 ^ jtag_tdo_o (out)
                                 13.82   data arrival time

                  0.20   20.00   20.00   clock clk_jtg (rise edge)
                          0.00   20.00   clock network delay (ideal)
                         -0.10   19.90   clock uncertainty
                          0.00   19.90   clock reconvergence pessimism
                         -5.00   14.90   output external delay
                                 14.90   data required time
-----------------------------------------------------------------------------
                                 14.90   data required time
                                -13.82   data arrival time
-----------------------------------------------------------------------------
                                  1.08   slack (MET)


Startpoint: i_croc_soc/i_croc/i_core_wrap/i_ibex.id_stage_i.controller_i.instr_i_15__reg
            (rising edge-triggered flip-flop clocked by clk_sys)
Endpoint: i_croc_soc/i_croc/i_core_wrap/i_ibex.crash_dump_o_93__reg
          (rising edge-triggered flip-flop clocked by clk_sys)
Path Group: clk_sys
Path Type: max
Corner: tt

Fanout     Cap    Slew   Delay    Time   Description
-----------------------------------------------------------------------------
                  0.20    0.00    0.00   clock clk_sys (rise edge)
                          0.00    0.00   clock network delay (ideal)
                  0.20    0.00    0.00 ^ i_croc_soc/i_croc/i_core_wrap/i_ibex.id_stage_i.controller_i.instr_i_15__reg/CLK (sg13g2_dfrbp_2)
     2    0.04    0.09    0.36    0.36 ^ i_croc_soc/i_croc/i_core_wrap/i_ibex.id_stage_i.controller_i.instr_i_15__reg/Q (sg13g2_dfrbp_2)
                                         i_croc_soc/i_croc/i_core_wrap/i_ibex.id_stage_i.controller_i.instr_i_15_ (net)
                  0.09    0.00    0.36 ^ fanout5218/A (sg13g2_buf_4)
     4    0.05    0.06    0.14    0.51 ^ fanout5218/X (sg13g2_buf_4)
                                         net5218 (net)
                  0.06    0.00    0.51 ^ fanout5217/A (sg13g2_buf_4)
     4    0.03    0.05    0.12    0.63 ^ fanout5217/X (sg13g2_buf_4)
                                         net5217 (net)
                  0.05    0.00    0.63 ^ fanout5203/A (sg13g2_buf_4)
     5    0.03    0.05    0.11    0.74 ^ fanout5203/X (sg13g2_buf_4)
                                         net5203 (net)
                  0.05    0.00    0.74 ^ fanout5199/A (sg13g2_buf_4)
     6    0.04    0.05    0.11    0.85 ^ fanout5199/X (sg13g2_buf_4)
                                         net5199 (net)
                  0.05    0.00    0.85 ^ fanout5198/A (sg13g2_buf_4)
     8    0.05    0.07    0.13    0.98 ^ fanout5198/X (sg13g2_buf_4)
                                         net5198 (net)
                  0.07    0.00    0.98 ^ i_croc_soc/i_croc/i_core_wrap/i_ibex.register_file_i/_4553_/S (sg13g2_mux2_1)
     1    0.00    0.04    0.17    1.15 v i_croc_soc/i_croc/i_core_wrap/i_ibex.register_file_i/_4553_/X (sg13g2_mux2_1)
                                         i_croc_soc/i_croc/i_core_wrap/i_ibex.register_file_i/_1498_ (net)
                  0.04    0.00    1.15 v i_croc_soc/i_croc/i_core_wrap/i_ibex.register_file_i/_4555_/A2 (sg13g2_a22oi_1)
     1    0.00    0.05    0.07    1.23 ^ i_croc_soc/i_croc/i_core_wrap/i_ibex.register_file_i/_4555_/Y (sg13g2_a22oi_1)
                                         i_croc_soc/i_croc/i_core_wrap/i_ibex.register_file_i/_1500_ (net)
                  0.05    0.00    1.23 ^ i_croc_soc/i_croc/i_core_wrap/i_ibex.register_file_i/_4557_/A2 (sg13g2_a21oi_1)
     1    0.01    0.06    0.08    1.31 v i_croc_soc/i_croc/i_core_wrap/i_ibex.register_file_i/_4557_/Y (sg13g2_a21oi_1)
                                         i_croc_soc/i_croc/i_core_wrap/i_ibex.register_file_i/_1502_ (net)
                  0.06    0.00    1.31 v i_croc_soc/i_croc/i_core_wrap/i_ibex.register_file_i/_4558_/C1 (sg13g2_a221oi_1)
     1    0.02    0.29    0.25    1.56 ^ i_croc_soc/i_croc/i_core_wrap/i_ibex.register_file_i/_4558_/Y (sg13g2_a221oi_1)
                                         i_croc_soc/i_croc/i_core_wrap/i_ibex.register_file_i/_1503_ (net)
                  0.29    0.00    1.56 ^ i_croc_soc/i_croc/i_core_wrap/i_ibex.register_file_i/_4559_/C (sg13g2_nand3_1)
     1    0.06    0.51    0.51    2.07 v i_croc_soc/i_croc/i_core_wrap/i_ibex.register_file_i/_4559_/Y (sg13g2_nand3_1)
                                         i_croc_soc/i_croc/i_core_wrap/i_ibex.ex_block_i.multdiv_operand_a_i_8_ (net)
                  0.51    0.01    2.08 v i_croc_soc/i_croc/i_core_wrap/_5616_/A0 (sg13g2_mux2_1)
     1    0.00    0.05    0.22    2.30 v i_croc_soc/i_croc/i_core_wrap/_5616_/X (sg13g2_mux2_1)
                                         i_croc_soc/i_croc/i_core_wrap/_0954_ (net)
                  0.05    0.00    2.30 v i_croc_soc/i_croc/i_core_wrap/_5617_/B (sg13g2_and2_1)
     1    0.00    0.02    0.08    2.38 v i_croc_soc/i_croc/i_core_wrap/_5617_/X (sg13g2_and2_1)
                                         i_croc_soc/i_croc/i_core_wrap/_0955_ (net)
                  0.02    0.00    2.38 v i_croc_soc/i_croc/i_core_wrap/_5618_/B1 (sg13g2_a21oi_1)
     1    0.00    0.06    0.06    2.45 ^ i_croc_soc/i_croc/i_core_wrap/_5618_/Y (sg13g2_a21oi_1)
                                         i_croc_soc/i_croc/i_core_wrap/_0956_ (net)
                  0.06    0.00    2.45 ^ fanout2961/A (sg13g2_buf_2)
     5    0.03    0.07    0.12    2.57 ^ fanout2961/X (sg13g2_buf_2)
                                         net2961 (net)
                  0.07    0.00    2.57 ^ fanout2960/A (sg13g2_buf_2)
     4    0.01    0.04    0.10    2.67 ^ fanout2960/X (sg13g2_buf_2)
                                         net2960 (net)
                  0.04    0.00    2.67 ^ fanout2959/A (sg13g2_buf_2)
     8    0.03    0.07    0.11    2.78 ^ fanout2959/X (sg13g2_buf_2)
                                         net2959 (net)
                  0.07    0.00    2.78 ^ fanout2958/A (sg13g2_buf_2)
     8    0.03    0.08    0.13    2.91 ^ fanout2958/X (sg13g2_buf_2)
                                         net2958 (net)
                  0.08    0.00    2.91 ^ i_croc_soc/i_croc/i_core_wrap/_5824_/B (sg13g2_xnor2_1)
     5    0.03    0.26    0.17    3.08 ^ i_croc_soc/i_croc/i_core_wrap/_5824_/Y (sg13g2_xnor2_1)
                                         i_croc_soc/i_croc/i_core_wrap/_1153_ (net)
                  0.26    0.00    3.08 ^ i_croc_soc/i_croc/i_core_wrap/_5826_/C (sg13g2_nand4_1)
     1    0.01    0.11    0.18    3.26 v i_croc_soc/i_croc/i_core_wrap/_5826_/Y (sg13g2_nand4_1)
                                         i_croc_soc/i_croc/i_core_wrap/_1155_ (net)
                  0.11    0.00    3.26 v i_croc_soc/i_croc/i_core_wrap/_5827_/B1 (sg13g2_a21oi_1)
     1    0.00    0.08    0.10    3.35 ^ i_croc_soc/i_croc/i_core_wrap/_5827_/Y (sg13g2_a21oi_1)
                                         i_croc_soc/i_croc/i_core_wrap/_1156_ (net)
                  0.08    0.00    3.35 ^ i_croc_soc/i_croc/i_core_wrap/_5828_/D (sg13g2_nand4_1)
     2    0.01    0.12    0.15    3.50 v i_croc_soc/i_croc/i_core_wrap/_5828_/Y (sg13g2_nand4_1)
                                         i_croc_soc/i_croc/i_core_wrap/_1157_ (net)
                  0.12    0.00    3.50 v i_croc_soc/i_croc/i_core_wrap/_5829_/B1 (sg13g2_a21oi_1)
     2    0.01    0.13    0.15    3.65 ^ i_croc_soc/i_croc/i_core_wrap/_5829_/Y (sg13g2_a21oi_1)
                                         i_croc_soc/i_croc/i_core_wrap/_1158_ (net)
                  0.13    0.00    3.65 ^ i_croc_soc/i_croc/i_core_wrap/_5859_/B (sg13g2_nor3_2)
     8    0.05    0.11    0.14    3.78 v i_croc_soc/i_croc/i_core_wrap/_5859_/Y (sg13g2_nor3_2)
                                         i_croc_soc/i_croc/i_core_wrap/_1186_ (net)
                  0.11    0.00    3.79 v i_croc_soc/i_croc/i_core_wrap/_6222_/A1 (sg13g2_o21ai_1)
     1    0.00    0.07    0.11    3.90 ^ i_croc_soc/i_croc/i_core_wrap/_6222_/Y (sg13g2_o21ai_1)
                                         i_croc_soc/i_croc/i_core_wrap/_1527_ (net)
                  0.07    0.00    3.90 ^ i_croc_soc/i_croc/i_core_wrap/_6223_/B_N (sg13g2_nor2b_1)
     2    0.01    0.11    0.16    4.05 ^ i_croc_soc/i_croc/i_core_wrap/_6223_/Y (sg13g2_nor2b_1)
                                         i_croc_soc/i_croc/i_core_wrap/_1528_ (net)
                  0.11    0.00    4.05 ^ fanout1031/A (sg13g2_buf_2)
     8    0.04    0.08    0.15    4.21 ^ fanout1031/X (sg13g2_buf_2)
                                         net1031 (net)
                  0.08    0.00    4.21 ^ i_croc_soc/i_croc/i_core_wrap/_6346_/A (sg13g2_xnor2_1)
     6    0.05    0.30    0.28    4.49 v i_croc_soc/i_croc/i_core_wrap/_6346_/Y (sg13g2_xnor2_1)
                                         i_croc_soc/i_croc/core_data_obi_req_63_ (net)
                  0.30    0.00    4.49 v i_croc_soc/i_croc/i_core_wrap/_7340_/A1 (sg13g2_a221oi_1)
     1    0.01    0.15    0.23    4.72 ^ i_croc_soc/i_croc/i_core_wrap/_7340_/Y (sg13g2_a221oi_1)
                                         i_croc_soc/i_croc/i_core_wrap/_2494_ (net)
                  0.15    0.00    4.72 ^ i_croc_soc/i_croc/i_core_wrap/_7342_/A (sg13g2_nor2_2)
     3    0.01    0.05    0.09    4.80 v i_croc_soc/i_croc/i_core_wrap/_7342_/Y (sg13g2_nor2_2)
                                         i_croc_soc/i_croc/i_core_wrap/_2496_ (net)
                  0.05    0.00    4.80 v i_croc_soc/i_croc/i_core_wrap/_8583_/B1 (sg13g2_a21o_1)
     3    0.01    0.06    0.14    4.95 v i_croc_soc/i_croc/i_core_wrap/_8583_/X (sg13g2_a21o_1)
                                         i_croc_soc/i_croc/i_core_wrap/_3583_ (net)
                  0.06    0.00    4.95 v i_croc_soc/i_croc/i_core_wrap/_8901_/A1 (sg13g2_mux2_2)
     4    0.02    0.06    0.17    5.11 v i_croc_soc/i_croc/i_core_wrap/_8901_/X (sg13g2_mux2_2)
                                         i_croc_soc/i_croc/core_instr_obi_req_63_ (net)
                  0.06    0.00    5.11 v i_croc_soc/i_croc/_05445_/A (sg13g2_nor4_1)
     1    0.00    0.13    0.16    5.28 ^ i_croc_soc/i_croc/_05445_/Y (sg13g2_nor4_1)
                                         i_croc_soc/i_croc/_00761_ (net)
                  0.13    0.00    5.28 ^ i_croc_soc/i_croc/_05446_/C (sg13g2_nand3_1)
     4    0.02    0.16    0.19    5.47 v i_croc_soc/i_croc/_05446_/Y (sg13g2_nand3_1)
                                         i_croc_soc/i_croc/_00762_ (net)
                  0.16    0.00    5.47 v i_croc_soc/i_croc/_05452_/A (sg13g2_nor3_2)
     5    0.02    0.19    0.22    5.69 ^ i_croc_soc/i_croc/_05452_/Y (sg13g2_nor3_2)
                                         i_croc_soc/i_croc/_00768_ (net)
                  0.19    0.00    5.69 ^ i_croc_soc/i_croc/_05453_/A (sg13g2_inv_1)
     3    0.01    0.08    0.11    5.79 v i_croc_soc/i_croc/_05453_/Y (sg13g2_inv_1)
                                         i_croc_soc/i_croc/_00769_ (net)
                  0.08    0.00    5.79 v i_croc_soc/i_croc/_05455_/B (sg13g2_and4_1)
     2    0.01    0.03    0.11    5.90 v i_croc_soc/i_croc/_05455_/X (sg13g2_and4_1)
                                         i_croc_soc/i_croc/_00771_ (net)
                  0.03    0.00    5.90 v i_croc_soc/i_croc/_05456_/B1 (sg13g2_o21ai_1)
     5    0.02    0.26    0.11    6.01 ^ i_croc_soc/i_croc/_05456_/Y (sg13g2_o21ai_1)
                                         i_croc_soc/i_croc/_00772_ (net)
                  0.26    0.00    6.02 ^ i_croc_soc/i_croc/_05457_/C (sg13g2_nor3_2)
     3    0.01    0.07    0.09    6.11 v i_croc_soc/i_croc/_05457_/Y (sg13g2_nor3_2)
                                         i_croc_soc/i_croc/_00773_ (net)
                  0.07    0.00    6.11 v i_croc_soc/i_croc/_05458_/D (sg13g2_nor4_2)
     3    0.01    0.17    0.15    6.26 ^ i_croc_soc/i_croc/_05458_/Y (sg13g2_nor4_2)
                                         i_croc_soc/i_croc/_00774_ (net)
                  0.17    0.00    6.26 ^ i_croc_soc/i_croc/_05587_/A_N (sg13g2_nand2b_1)
     3    0.01    0.07    0.14    6.40 ^ i_croc_soc/i_croc/_05587_/Y (sg13g2_nand2b_1)
                                         i_croc_soc/i_croc/_00903_ (net)
                  0.07    0.00    6.40 ^ i_croc_soc/i_croc/_05643_/A (sg13g2_nand2_2)
     2    0.01    0.04    0.06    6.46 v i_croc_soc/i_croc/_05643_/Y (sg13g2_nand2_2)
                                         i_croc_soc/i_croc/_00958_ (net)
                  0.04    0.00    6.46 v fanout2307/A (sg13g2_buf_2)
     4    0.02    0.04    0.09    6.55 v fanout2307/X (sg13g2_buf_2)
                                         net2307 (net)
                  0.04    0.00    6.55 v fanout2306/A (sg13g2_buf_2)
     7    0.03    0.06    0.11    6.66 v fanout2306/X (sg13g2_buf_2)
                                         net2306 (net)
                  0.06    0.00    6.66 v fanout2305/A (sg13g2_buf_2)
     8    0.03    0.06    0.12    6.78 v fanout2305/X (sg13g2_buf_2)
                                         net2305 (net)
                  0.06    0.00    6.78 v i_croc_soc/i_croc/_05650_/B2 (sg13g2_a221oi_1)
     7    0.02    0.36    0.33    7.11 ^ i_croc_soc/i_croc/_05650_/Y (sg13g2_a221oi_1)
                                         i_croc_soc/i_croc/_00965_ (net)
                  0.36    0.00    7.12 ^ i_croc_soc/i_croc/_05652_/D (sg13g2_nand4_1)
     3    0.01    0.18    0.24    7.36 v i_croc_soc/i_croc/_05652_/Y (sg13g2_nand4_1)
                                         i_croc_soc/i_croc/_00967_ (net)
                  0.18    0.00    7.36 v i_croc_soc/i_croc/_05676_/A2 (sg13g2_a21o_2)
     5    0.02    0.06    0.22    7.57 v i_croc_soc/i_croc/_05676_/X (sg13g2_a21o_2)
                                         i_croc_soc/i_croc/_00991_ (net)
                  0.06    0.00    7.58 v i_croc_soc/i_croc/_05677_/B (sg13g2_xnor2_1)
     1    0.00    0.07    0.08    7.66 ^ i_croc_soc/i_croc/_05677_/Y (sg13g2_xnor2_1)
                                         i_croc_soc/i_croc/_00992_ (net)
                  0.07    0.00    7.66 ^ i_croc_soc/i_croc/_05733_/A1 (sg13g2_o21ai_1)
     4    0.02    0.12    0.13    7.79 v i_croc_soc/i_croc/_05733_/Y (sg13g2_o21ai_1)
                                         i_croc_soc/i_croc/_01047_ (net)
                  0.12    0.00    7.79 v i_croc_soc/i_croc/_05734_/B (sg13g2_nand2_2)
     5    0.03    0.08    0.10    7.89 ^ i_croc_soc/i_croc/_05734_/Y (sg13g2_nand2_2)
                                         i_croc_soc/i_croc/_01048_ (net)
                  0.08    0.00    7.89 ^ i_croc_soc/i_croc/_06356_/B (sg13g2_nor2_1)
     2    0.01    0.04    0.05    7.95 v i_croc_soc/i_croc/_06356_/Y (sg13g2_nor2_1)
                                         i_croc_soc/i_croc/_01558_ (net)
                  0.04    0.00    7.95 v i_croc_soc/i_croc/_06357_/C (sg13g2_nand3_1)
     3    0.03    0.12    0.11    8.06 ^ i_croc_soc/i_croc/_06357_/Y (sg13g2_nand3_1)
                                         i_croc_soc/i_croc/_01559_ (net)
                  0.12    0.00    8.06 ^ fanout2183/A (sg13g2_buf_8)
     5    0.08    0.05    0.13    8.19 ^ fanout2183/X (sg13g2_buf_8)
                                         net2183 (net)
                  0.05    0.00    8.19 ^ fanout2182/A (sg13g2_buf_4)
     8    0.07    0.09    0.15    8.34 ^ fanout2182/X (sg13g2_buf_4)
                                         net2182 (net)
                  0.09    0.00    8.34 ^ fanout2181/A (sg13g2_buf_2)
     5    0.02    0.05    0.11    8.46 ^ fanout2181/X (sg13g2_buf_2)
                                         net2181 (net)
                  0.05    0.00    8.46 ^ fanout2180/A (sg13g2_buf_2)
     7    0.03    0.06    0.11    8.56 ^ fanout2180/X (sg13g2_buf_2)
                                         net2180 (net)
                  0.06    0.00    8.56 ^ i_croc_soc/i_croc/_06360_/B (sg13g2_nor2_2)
     3    0.02    0.05    0.06    8.63 v i_croc_soc/i_croc/_06360_/Y (sg13g2_nor2_2)
                                         i_croc_soc/i_croc/all_periph_obi_rsp_157_ (net)
                  0.05    0.00    8.63 v fanout2141/A (sg13g2_buf_2)
     7    0.02    0.05    0.11    8.74 v fanout2141/X (sg13g2_buf_2)
                                         net2141 (net)
                  0.05    0.00    8.74 v i_croc_soc/i_croc/i_gpio/_1354_/A (sg13g2_nand2_1)
     2    0.01    0.05    0.05    8.79 ^ i_croc_soc/i_croc/i_gpio/_1354_/Y (sg13g2_nand2_1)
                                         i_croc_soc/i_croc/i_gpio/_0150_ (net)
                  0.05    0.00    8.79 ^ i_croc_soc/i_croc/i_gpio/_1355_/B (sg13g2_nand3_1)
     1    0.00    0.06    0.08    8.87 v i_croc_soc/i_croc/i_gpio/_1355_/Y (sg13g2_nand3_1)
                                         i_croc_soc/i_croc/i_gpio/_0151_ (net)
                  0.06    0.00    8.87 v i_croc_soc/i_croc/i_gpio/_1356_/B1 (sg13g2_o21ai_1)
     1    0.00    0.09    0.05    8.92 ^ i_croc_soc/i_croc/i_gpio/_1356_/Y (sg13g2_o21ai_1)
                                         i_croc_soc/i_croc/all_periph_obi_rsp_159_ (net)
                  0.09    0.00    8.92 ^ i_croc_soc/i_croc/_07626_/A (sg13g2_inv_1)
     1    0.01    0.04    0.05    8.98 v i_croc_soc/i_croc/_07626_/Y (sg13g2_inv_1)
                                         i_croc_soc/i_croc/_02530_ (net)
                  0.04    0.00    8.98 v i_croc_soc/i_croc/_07628_/A2 (sg13g2_o21ai_1)
     1    0.00    0.08    0.08    9.06 ^ i_croc_soc/i_croc/_07628_/Y (sg13g2_o21ai_1)
                                         i_croc_soc/i_croc/_02532_ (net)
                  0.08    0.00    9.06 ^ i_croc_soc/i_croc/_07632_/A2 (sg13g2_a22oi_1)
     4    0.05    0.32    0.29    9.35 v i_croc_soc/i_croc/_07632_/Y (sg13g2_a22oi_1)
                                         i_croc_soc/i_croc/_02536_ (net)
                  0.32    0.01    9.36 v i_croc_soc/i_croc/_07912_/B (sg13g2_nor2_1)
     1    0.00    0.09    0.11    9.47 ^ i_croc_soc/i_croc/_07912_/Y (sg13g2_nor2_1)
                                         i_croc_soc/i_croc/_02783_ (net)
                  0.09    0.00    9.47 ^ i_croc_soc/i_croc/_07913_/C (sg13g2_nor3_1)
     1    0.01    0.04    0.06    9.53 v i_croc_soc/i_croc/_07913_/Y (sg13g2_nor3_1)
                                         i_croc_soc/i_croc/_02784_ (net)
                  0.04    0.00    9.53 v i_croc_soc/i_croc/_07914_/C (sg13g2_nor3_2)
     5    0.04    0.26    0.22    9.75 ^ i_croc_soc/i_croc/_07914_/Y (sg13g2_nor3_2)
                                         i_croc_soc/i_croc/core_instr_obi_rsp_3_ (net)
                  0.26    0.00    9.76 ^ i_croc_soc/i_croc/i_core_wrap/_6488_/A1 (sg13g2_a21o_1)
     3    0.01    0.05    0.19    9.95 ^ i_croc_soc/i_croc/i_core_wrap/_6488_/X (sg13g2_a21o_1)
                                         i_croc_soc/i_croc/i_core_wrap/_1734_ (net)
                  0.05    0.00    9.95 ^ i_croc_soc/i_croc/i_core_wrap/_6941_/B (sg13g2_or3_2)
     5    0.05    0.11    0.16   10.11 ^ i_croc_soc/i_croc/i_core_wrap/_6941_/X (sg13g2_or3_2)
                                         i_croc_soc/i_croc/i_core_wrap/_2122_ (net)
                  0.11    0.00   10.12 ^ i_croc_soc/i_croc/i_core_wrap/_7023_/C (sg13g2_nand3_1)
     4    0.01    0.15    0.16   10.28 v i_croc_soc/i_croc/i_core_wrap/_7023_/Y (sg13g2_nand3_1)
                                         i_croc_soc/i_croc/i_core_wrap/_2200_ (net)
                  0.15    0.00   10.28 v i_croc_soc/i_croc/i_core_wrap/_7065_/A (sg13g2_inv_1)
     1    0.01    0.05    0.07   10.34 ^ i_croc_soc/i_croc/i_core_wrap/_7065_/Y (sg13g2_inv_1)
                                         i_croc_soc/i_croc/i_core_wrap/_2238_ (net)
                  0.05    0.00   10.34 ^ i_croc_soc/i_croc/i_core_wrap/_7066_/C (sg13g2_nand3_1)
     2    0.01    0.11    0.12   10.47 v i_croc_soc/i_croc/i_core_wrap/_7066_/Y (sg13g2_nand3_1)
                                         i_croc_soc/i_croc/i_core_wrap/_2239_ (net)
                  0.11    0.00   10.47 v i_croc_soc/i_croc/i_core_wrap/_7078_/B (sg13g2_nor2_2)
     3    0.01    0.07    0.09   10.55 ^ i_croc_soc/i_croc/i_core_wrap/_7078_/Y (sg13g2_nor2_2)
                                         i_croc_soc/i_croc/i_core_wrap/_2249_ (net)
                  0.07    0.00   10.55 ^ i_croc_soc/i_croc/i_core_wrap/_7110_/C (sg13g2_nand3_1)
     2    0.01    0.11    0.13   10.69 v i_croc_soc/i_croc/i_core_wrap/_7110_/Y (sg13g2_nand3_1)
                                         i_croc_soc/i_croc/i_core_wrap/_2279_ (net)
                  0.11    0.00   10.69 v i_croc_soc/i_croc/i_core_wrap/_7133_/B (sg13g2_nor2_1)
     2    0.01    0.09    0.10   10.79 ^ i_croc_soc/i_croc/i_core_wrap/_7133_/Y (sg13g2_nor2_1)
                                         i_croc_soc/i_croc/i_core_wrap/_2301_ (net)
                  0.09    0.00   10.79 ^ i_croc_soc/i_croc/i_core_wrap/_7149_/B (sg13g2_and2_1)
     2    0.01    0.04    0.12   10.90 ^ i_croc_soc/i_croc/i_core_wrap/_7149_/X (sg13g2_and2_1)
                                         i_croc_soc/i_croc/i_core_wrap/_2316_ (net)
                  0.04    0.00   10.90 ^ i_croc_soc/i_croc/i_core_wrap/_7160_/B (sg13g2_and2_1)
     2    0.01    0.04    0.10   11.00 ^ i_croc_soc/i_croc/i_core_wrap/_7160_/X (sg13g2_and2_1)
                                         i_croc_soc/i_croc/i_core_wrap/_2326_ (net)
                  0.04    0.00   11.00 ^ i_croc_soc/i_croc/i_core_wrap/_7171_/B (sg13g2_and2_1)
     2    0.01    0.04    0.10   11.10 ^ i_croc_soc/i_croc/i_core_wrap/_7171_/X (sg13g2_and2_1)
                                         i_croc_soc/i_croc/i_core_wrap/_2336_ (net)
                  0.04    0.00   11.10 ^ i_croc_soc/i_croc/i_core_wrap/_7186_/B (sg13g2_and2_1)
     2    0.01    0.05    0.10   11.21 ^ i_croc_soc/i_croc/i_core_wrap/_7186_/X (sg13g2_and2_1)
                                         i_croc_soc/i_croc/i_core_wrap/_2350_ (net)
                  0.05    0.00   11.21 ^ i_croc_soc/i_croc/i_core_wrap/_7239_/B (sg13g2_and3_1)
     2    0.01    0.05    0.13   11.34 ^ i_croc_soc/i_croc/i_core_wrap/_7239_/X (sg13g2_and3_1)
                                         i_croc_soc/i_croc/i_core_wrap/_2400_ (net)
                  0.05    0.00   11.34 ^ i_croc_soc/i_croc/i_core_wrap/_7241_/B (sg13g2_and2_1)
     3    0.01    0.05    0.11   11.45 ^ i_croc_soc/i_croc/i_core_wrap/_7241_/X (sg13g2_and2_1)
                                         i_croc_soc/i_croc/i_core_wrap/_2402_ (net)
                  0.05    0.00   11.45 ^ i_croc_soc/i_croc/i_core_wrap/_7291_/C (sg13g2_and3_1)
     2    0.01    0.05    0.13   11.58 ^ i_croc_soc/i_croc/i_core_wrap/_7291_/X (sg13g2_and3_1)
                                         i_croc_soc/i_croc/i_core_wrap/_2449_ (net)
                  0.05    0.00   11.58 ^ i_croc_soc/i_croc/i_core_wrap/_7296_/B (sg13g2_and2_1)
     3    0.01    0.06    0.11   11.69 ^ i_croc_soc/i_croc/i_core_wrap/_7296_/X (sg13g2_and2_1)
                                         i_croc_soc/i_croc/i_core_wrap/_2453_ (net)
                  0.06    0.00   11.69 ^ i_croc_soc/i_croc/i_core_wrap/_7344_/D (sg13g2_nand4_1)
     1    0.00    0.09    0.12   11.81 v i_croc_soc/i_croc/i_core_wrap/_7344_/Y (sg13g2_nand4_1)
                                         i_croc_soc/i_croc/i_core_wrap/_2498_ (net)
                  0.09    0.00   11.81 v i_croc_soc/i_croc/i_core_wrap/_7345_/A (sg13g2_inv_1)
     2    0.01    0.05    0.07   11.88 ^ i_croc_soc/i_croc/i_core_wrap/_7345_/Y (sg13g2_inv_1)
                                         i_croc_soc/i_croc/i_core_wrap/_2499_ (net)
                  0.05    0.00   11.88 ^ i_croc_soc/i_croc/i_core_wrap/_7346_/C (sg13g2_nand3_1)
     4    0.01    0.14    0.15   12.03 v i_croc_soc/i_croc/i_core_wrap/_7346_/Y (sg13g2_nand3_1)
                                         i_croc_soc/i_croc/i_core_wrap/_2500_ (net)
                  0.14    0.00   12.03 v fanout1574/A (sg13g2_buf_2)
     8    0.03    0.06    0.15   12.18 v fanout1574/X (sg13g2_buf_2)
                                         net1574 (net)
                  0.06    0.00   12.18 v i_croc_soc/i_croc/i_core_wrap/_7417_/B (sg13g2_nor3_1)
     1    0.01    0.11    0.13   12.31 ^ i_croc_soc/i_croc/i_core_wrap/_7417_/Y (sg13g2_nor3_1)
                                         i_croc_soc/i_croc/i_core_wrap/_2565_ (net)
                  0.11    0.00   12.31 ^ i_croc_soc/i_croc/i_core_wrap/_7418_/B (sg13g2_xor2_1)
     1    0.00    0.06    0.13   12.43 ^ i_croc_soc/i_croc/i_core_wrap/_7418_/X (sg13g2_xor2_1)
                                         i_croc_soc/i_croc/i_core_wrap/_2566_ (net)
                  0.06    0.00   12.43 ^ i_croc_soc/i_croc/i_core_wrap/_7425_/A2 (sg13g2_a21o_1)
     1    0.00    0.03    0.11   12.54 ^ i_croc_soc/i_croc/i_core_wrap/_7425_/X (sg13g2_a21o_1)
                                         i_croc_soc/i_croc/i_core_wrap/_0088_ (net)
                  0.03    0.00   12.54 ^ i_croc_soc/i_croc/i_core_wrap/i_ibex.crash_dump_o_93__reg/D (sg13g2_dfrbp_2)
                                 12.54   data arrival time

                  0.20   12.50   12.50   clock clk_sys (rise edge)
                          0.00   12.50   clock network delay (ideal)
                         -0.10   12.40   clock uncertainty
                          0.00   12.40   clock reconvergence pessimism
                                 12.40 ^ i_croc_soc/i_croc/i_core_wrap/i_ibex.crash_dump_o_93__reg/CLK (sg13g2_dfrbp_2)
                         -0.09   12.31   library setup time
                                 12.31   data required time
-----------------------------------------------------------------------------
                                 12.31   data required time
                                -12.54   data arrival time
-----------------------------------------------------------------------------
                                 -0.23   slack (VIOLATED)



==========================================================================
03_croc.dpl report_checks -unconstrained
--------------------------------------------------------------------------
Startpoint: i_croc_soc/i_rstgen.i_rstgen_bypass.synch_regs_q_3__reg
            (rising edge-triggered flip-flop clocked by clk_sys)
Endpoint: i_croc_soc/i_croc/i_gpio/i_reg_file.new_reg_222__reg
          (recovery check against rising-edge clock clk_sys)
Path Group: asynchronous
Path Type: max
Corner: tt

Fanout     Cap    Slew   Delay    Time   Description
-----------------------------------------------------------------------------
                  0.20    0.00    0.00   clock clk_sys (rise edge)
                          0.00    0.00   clock network delay (ideal)
                  0.20    0.00    0.00 ^ i_croc_soc/i_rstgen.i_rstgen_bypass.synch_regs_q_3__reg/CLK (sg13g2_dfrbp_1)
     2    0.01    0.05    0.29    0.29 ^ i_croc_soc/i_rstgen.i_rstgen_bypass.synch_regs_q_3__reg/Q (sg13g2_dfrbp_1)
                                         i_croc_soc/i_rstgen.i_rstgen_bypass.synch_regs_q_3_ (net)
                  0.05    0.00    0.29 ^ i_croc_soc/i_rstgen.i_rstgen_bypass.i_tc_clk_mux2_rst_no/i_mux/A0 (sg13g2_mux2_1)
     1    0.01    0.05    0.11    0.40 ^ i_croc_soc/i_rstgen.i_rstgen_bypass.i_tc_clk_mux2_rst_no/i_mux/X (sg13g2_mux2_1)
                                         i_croc_soc/i_rstgen.i_rstgen_bypass.rst_no (net)
                  0.05    0.00    0.40 ^ fanout4728/A (sg13g2_buf_8)
     4    0.15    0.09    0.11    0.51 ^ fanout4728/X (sg13g2_buf_8)
                                         net4728 (net)
                  0.10    0.03    0.54 ^ fanout4727/A (sg13g2_buf_16)
     5    0.15    0.05    0.12    0.66 ^ fanout4727/X (sg13g2_buf_16)
                                         net4727 (net)
                  0.07    0.02    0.68 ^ fanout4721/A (sg13g2_buf_4)
     7    0.07    0.08    0.15    0.83 ^ fanout4721/X (sg13g2_buf_4)
                                         net4721 (net)
                  0.08    0.00    0.83 ^ fanout4720/A (sg13g2_buf_4)
     5    0.03    0.05    0.13    0.96 ^ fanout4720/X (sg13g2_buf_4)
                                         net4720 (net)
                  0.05    0.00    0.96 ^ fanout4701/A (sg13g2_buf_2)
     4    0.02    0.05    0.10    1.06 ^ fanout4701/X (sg13g2_buf_2)
                                         net4701 (net)
                  0.05    0.00    1.06 ^ fanout4700/A (sg13g2_buf_2)
     5    0.09    0.19    0.20    1.26 ^ fanout4700/X (sg13g2_buf_2)
                                         net4700 (net)
                  0.19    0.00    1.26 ^ fanout4696/A (sg13g2_buf_4)
     8    0.11    0.12    0.23    1.49 ^ fanout4696/X (sg13g2_buf_4)
                                         net4696 (net)
                  0.12    0.00    1.49 ^ fanout4695/A (sg13g2_buf_4)
     8    0.12    0.13    0.21    1.71 ^ fanout4695/X (sg13g2_buf_4)
                                         net4695 (net)
                  0.13    0.02    1.72 ^ i_croc_soc/i_croc/i_gpio/i_reg_file.new_reg_222__reg/RESET_B (sg13g2_dfrbp_2)
                                  1.72   data arrival time

                  0.20   12.50   12.50   clock clk_sys (rise edge)
                          0.00   12.50   clock network delay (ideal)
                         -0.10   12.40   clock uncertainty
                          0.00   12.40   clock reconvergence pessimism
                                 12.40 ^ i_croc_soc/i_croc/i_gpio/i_reg_file.new_reg_222__reg/CLK (sg13g2_dfrbp_2)
                         -0.13   12.27   library recovery time
                                 12.27   data required time
-----------------------------------------------------------------------------
                                 12.27   data required time
                                 -1.72   data arrival time
-----------------------------------------------------------------------------
                                 10.55   slack (MET)


Startpoint: i_croc_soc/i_croc/i_dmi_jtag/i_dmi_cdc.i_cdc_req/i_dst/async_ack_o_reg
            (rising edge-triggered flip-flop clocked by clk_sys)
Endpoint: i_croc_soc/i_croc/i_dm_top.i_dm_top/i_dm_csrs.progbuf_o_190__reg
          (rising edge-triggered flip-flop clocked by clk_sys)
Path Group: path delay
Path Type: max
Corner: tt

Fanout     Cap    Slew   Delay    Time   Description
-----------------------------------------------------------------------------
                  0.20    0.00    0.00 ^ i_croc_soc/i_croc/i_dmi_jtag/i_dmi_cdc.i_cdc_req/i_dst/async_ack_o_reg/CLK (sg13g2_dfrbp_2)
     6    0.03    0.07    0.35    0.35 ^ i_croc_soc/i_croc/i_dmi_jtag/i_dmi_cdc.i_cdc_req/i_dst/async_ack_o_reg/Q (sg13g2_dfrbp_2)
                                         i_croc_soc/i_croc/i_dmi_jtag/i_dmi_cdc.i_cdc_req/async_ack (net)
                  0.07    0.00    0.35 ^ i_croc_soc/i_croc/i_dmi_jtag/i_dmi_cdc.i_cdc_req/i_dst/_199_/A (sg13g2_xor2_1)
     1    0.00    0.05    0.11    0.46 ^ i_croc_soc/i_croc/i_dmi_jtag/i_dmi_cdc.i_cdc_req/i_dst/_199_/X (sg13g2_xor2_1)
                                         i_croc_soc/i_croc/i_dmi_jtag/i_dmi_cdc.i_cdc_req/s_dst_valid (net)
                  0.05    0.00    0.46 ^ i_croc_soc/i_croc/i_dmi_jtag/i_dmi_cdc.i_cdc_req/_5_/B_N (sg13g2_nor2b_2)
     5    0.02    0.13    0.16    0.62 ^ i_croc_soc/i_croc/i_dmi_jtag/i_dmi_cdc.i_cdc_req/_5_/Y (sg13g2_nor2b_2)
                                         i_croc_soc/i_croc/dmi_req_valid (net)
                  0.13    0.00    0.62 ^ i_croc_soc/i_croc/i_dm_top.i_dm_top/_4879_/A (sg13g2_nand2_2)
     4    0.03    0.11    0.13    0.75 v i_croc_soc/i_croc/i_dm_top.i_dm_top/_4879_/Y (sg13g2_nand2_2)
                                         i_croc_soc/i_croc/i_dm_top.i_dm_top/_0600_ (net)
                  0.11    0.00    0.75 v i_croc_soc/i_croc/i_dm_top.i_dm_top/_4891_/A (sg13g2_or2_1)
     2    0.01    0.04    0.15    0.90 v i_croc_soc/i_croc/i_dm_top.i_dm_top/_4891_/X (sg13g2_or2_1)
                                         i_croc_soc/i_croc/i_dm_top.i_dm_top/_0611_ (net)
                  0.04    0.00    0.90 v fanout3217/A (sg13g2_buf_4)
     8    0.05    0.05    0.10    1.00 v fanout3217/X (sg13g2_buf_4)
                                         net3217 (net)
                  0.05    0.00    1.00 v i_croc_soc/i_croc/i_dm_top.i_dm_top/_4896_/A (sg13g2_nor2_2)
     7    0.04    0.20    0.18    1.18 ^ i_croc_soc/i_croc/i_dm_top.i_dm_top/_4896_/Y (sg13g2_nor2_2)
                                         i_croc_soc/i_croc/i_dm_top.i_dm_top/_0616_ (net)
                  0.20    0.00    1.18 ^ i_croc_soc/i_croc/i_dm_top.i_dm_top/_6537_/A1 (sg13g2_a21oi_2)
     8    0.04    0.17    0.21    1.39 v i_croc_soc/i_croc/i_dm_top.i_dm_top/_6537_/Y (sg13g2_a21oi_2)
                                         i_croc_soc/i_croc/i_dm_top.i_dm_top/_2038_ (net)
                  0.17    0.00    1.39 v i_croc_soc/i_croc/i_dm_top.i_dm_top/_6771_/A (sg13g2_nor2_1)
     1    0.00    0.07    0.10    1.49 ^ i_croc_soc/i_croc/i_dm_top.i_dm_top/_6771_/Y (sg13g2_nor2_1)
                                         i_croc_soc/i_croc/i_dm_top.i_dm_top/_2205_ (net)
                  0.07    0.00    1.49 ^ fanout2909/A (sg13g2_buf_4)
     6    0.04    0.06    0.13    1.62 ^ fanout2909/X (sg13g2_buf_4)
                                         net2909 (net)
                  0.06    0.00    1.62 ^ fanout2908/A (sg13g2_buf_4)
     8    0.05    0.06    0.13    1.75 ^ fanout2908/X (sg13g2_buf_4)
                                         net2908 (net)
                  0.06    0.00    1.75 ^ fanout2906/A (sg13g2_buf_4)
     8    0.04    0.05    0.12    1.87 ^ fanout2906/X (sg13g2_buf_4)
                                         net2906 (net)
                  0.05    0.00    1.87 ^ fanout2905/A (sg13g2_buf_2)
     8    0.04    0.09    0.13    2.00 ^ fanout2905/X (sg13g2_buf_2)
                                         net2905 (net)
                  0.09    0.00    2.00 ^ i_croc_soc/i_croc/i_dm_top.i_dm_top/_6882_/C (sg13g2_nand3_1)
     1    0.00    0.07    0.10    2.10 v i_croc_soc/i_croc/i_dm_top.i_dm_top/_6882_/Y (sg13g2_nand3_1)
                                         i_croc_soc/i_croc/i_dm_top.i_dm_top/_2283_ (net)
                  0.07    0.00    2.10 v i_croc_soc/i_croc/i_dm_top.i_dm_top/_6883_/B1 (sg13g2_o21ai_1)
     1    0.00    0.07    0.05    2.15 ^ i_croc_soc/i_croc/i_dm_top.i_dm_top/_6883_/Y (sg13g2_o21ai_1)
                                         i_croc_soc/i_croc/i_dm_top.i_dm_top/_0282_ (net)
                  0.07    0.00    2.15 ^ i_croc_soc/i_croc/i_dm_top.i_dm_top/i_dm_csrs.progbuf_o_190__reg/D (sg13g2_dfrbp_1)
                                  2.15   data arrival time

                          4.38    4.38   max_delay
                         -0.10    4.27   library setup time
                                  4.27   data required time
-----------------------------------------------------------------------------
                                  4.27   data required time
                                 -2.15   data arrival time
-----------------------------------------------------------------------------
                                  2.12   slack (MET)


Startpoint: i_croc_soc/i_croc/i_dmi_jtag/td_o_reg
            (rising edge-triggered flip-flop clocked by clk_jtg')
Endpoint: jtag_tdo_o (output port clocked by clk_jtg)
Path Group: clk_jtg
Path Type: max
Corner: tt

Fanout     Cap    Slew   Delay    Time   Description
-----------------------------------------------------------------------------
                  0.20   10.00   10.00   clock clk_jtg' (rise edge)
                          0.00   10.00   clock network delay (ideal)
                  0.20    0.00   10.00 ^ i_croc_soc/i_croc/i_dmi_jtag/td_o_reg/CLK (sg13g2_dfrbp_2)
     1    0.14    0.30    0.48   10.48 ^ i_croc_soc/i_croc/i_dmi_jtag/td_o_reg/Q (sg13g2_dfrbp_2)
                                         soc_jtag_tdo_o (net)
                  0.42    0.05   10.53 ^ pad_jtag_tdo_o/c2p (sg13g2_IOPadOut16mA)
     1   15.00    3.55    3.29   13.82 ^ pad_jtag_tdo_o/pad (sg13g2_IOPadOut16mA)
                                         jtag_tdo_o (net)
                  2.66    0.00   13.82 ^ jtag_tdo_o (out)
                                 13.82   data arrival time

                  0.20   20.00   20.00   clock clk_jtg (rise edge)
                          0.00   20.00   clock network delay (ideal)
                         -0.10   19.90   clock uncertainty
                          0.00   19.90   clock reconvergence pessimism
                         -5.00   14.90   output external delay
                                 14.90   data required time
-----------------------------------------------------------------------------
                                 14.90   data required time
                                -13.82   data arrival time
-----------------------------------------------------------------------------
                                  1.08   slack (MET)


Startpoint: i_croc_soc/i_croc/i_core_wrap/i_ibex.id_stage_i.controller_i.instr_i_15__reg
            (rising edge-triggered flip-flop clocked by clk_sys)
Endpoint: i_croc_soc/i_croc/i_core_wrap/i_ibex.crash_dump_o_93__reg
          (rising edge-triggered flip-flop clocked by clk_sys)
Path Group: clk_sys
Path Type: max
Corner: tt

Fanout     Cap    Slew   Delay    Time   Description
-----------------------------------------------------------------------------
                  0.20    0.00    0.00   clock clk_sys (rise edge)
                          0.00    0.00   clock network delay (ideal)
                  0.20    0.00    0.00 ^ i_croc_soc/i_croc/i_core_wrap/i_ibex.id_stage_i.controller_i.instr_i_15__reg/CLK (sg13g2_dfrbp_2)
     2    0.04    0.09    0.36    0.36 ^ i_croc_soc/i_croc/i_core_wrap/i_ibex.id_stage_i.controller_i.instr_i_15__reg/Q (sg13g2_dfrbp_2)
                                         i_croc_soc/i_croc/i_core_wrap/i_ibex.id_stage_i.controller_i.instr_i_15_ (net)
                  0.09    0.00    0.36 ^ fanout5218/A (sg13g2_buf_4)
     4    0.05    0.06    0.14    0.51 ^ fanout5218/X (sg13g2_buf_4)
                                         net5218 (net)
                  0.06    0.00    0.51 ^ fanout5217/A (sg13g2_buf_4)
     4    0.03    0.05    0.12    0.63 ^ fanout5217/X (sg13g2_buf_4)
                                         net5217 (net)
                  0.05    0.00    0.63 ^ fanout5203/A (sg13g2_buf_4)
     5    0.03    0.05    0.11    0.74 ^ fanout5203/X (sg13g2_buf_4)
                                         net5203 (net)
                  0.05    0.00    0.74 ^ fanout5199/A (sg13g2_buf_4)
     6    0.04    0.05    0.11    0.85 ^ fanout5199/X (sg13g2_buf_4)
                                         net5199 (net)
                  0.05    0.00    0.85 ^ fanout5198/A (sg13g2_buf_4)
     8    0.05    0.07    0.13    0.98 ^ fanout5198/X (sg13g2_buf_4)
                                         net5198 (net)
                  0.07    0.00    0.98 ^ i_croc_soc/i_croc/i_core_wrap/i_ibex.register_file_i/_4553_/S (sg13g2_mux2_1)
     1    0.00    0.04    0.17    1.15 v i_croc_soc/i_croc/i_core_wrap/i_ibex.register_file_i/_4553_/X (sg13g2_mux2_1)
                                         i_croc_soc/i_croc/i_core_wrap/i_ibex.register_file_i/_1498_ (net)
                  0.04    0.00    1.15 v i_croc_soc/i_croc/i_core_wrap/i_ibex.register_file_i/_4555_/A2 (sg13g2_a22oi_1)
     1    0.00    0.05    0.07    1.23 ^ i_croc_soc/i_croc/i_core_wrap/i_ibex.register_file_i/_4555_/Y (sg13g2_a22oi_1)
                                         i_croc_soc/i_croc/i_core_wrap/i_ibex.register_file_i/_1500_ (net)
                  0.05    0.00    1.23 ^ i_croc_soc/i_croc/i_core_wrap/i_ibex.register_file_i/_4557_/A2 (sg13g2_a21oi_1)
     1    0.01    0.06    0.08    1.31 v i_croc_soc/i_croc/i_core_wrap/i_ibex.register_file_i/_4557_/Y (sg13g2_a21oi_1)
                                         i_croc_soc/i_croc/i_core_wrap/i_ibex.register_file_i/_1502_ (net)
                  0.06    0.00    1.31 v i_croc_soc/i_croc/i_core_wrap/i_ibex.register_file_i/_4558_/C1 (sg13g2_a221oi_1)
     1    0.02    0.29    0.25    1.56 ^ i_croc_soc/i_croc/i_core_wrap/i_ibex.register_file_i/_4558_/Y (sg13g2_a221oi_1)
                                         i_croc_soc/i_croc/i_core_wrap/i_ibex.register_file_i/_1503_ (net)
                  0.29    0.00    1.56 ^ i_croc_soc/i_croc/i_core_wrap/i_ibex.register_file_i/_4559_/C (sg13g2_nand3_1)
     1    0.06    0.51    0.51    2.07 v i_croc_soc/i_croc/i_core_wrap/i_ibex.register_file_i/_4559_/Y (sg13g2_nand3_1)
                                         i_croc_soc/i_croc/i_core_wrap/i_ibex.ex_block_i.multdiv_operand_a_i_8_ (net)
                  0.51    0.01    2.08 v i_croc_soc/i_croc/i_core_wrap/_5616_/A0 (sg13g2_mux2_1)
     1    0.00    0.05    0.22    2.30 v i_croc_soc/i_croc/i_core_wrap/_5616_/X (sg13g2_mux2_1)
                                         i_croc_soc/i_croc/i_core_wrap/_0954_ (net)
                  0.05    0.00    2.30 v i_croc_soc/i_croc/i_core_wrap/_5617_/B (sg13g2_and2_1)
     1    0.00    0.02    0.08    2.38 v i_croc_soc/i_croc/i_core_wrap/_5617_/X (sg13g2_and2_1)
                                         i_croc_soc/i_croc/i_core_wrap/_0955_ (net)
                  0.02    0.00    2.38 v i_croc_soc/i_croc/i_core_wrap/_5618_/B1 (sg13g2_a21oi_1)
     1    0.00    0.06    0.06    2.45 ^ i_croc_soc/i_croc/i_core_wrap/_5618_/Y (sg13g2_a21oi_1)
                                         i_croc_soc/i_croc/i_core_wrap/_0956_ (net)
                  0.06    0.00    2.45 ^ fanout2961/A (sg13g2_buf_2)
     5    0.03    0.07    0.12    2.57 ^ fanout2961/X (sg13g2_buf_2)
                                         net2961 (net)
                  0.07    0.00    2.57 ^ fanout2960/A (sg13g2_buf_2)
     4    0.01    0.04    0.10    2.67 ^ fanout2960/X (sg13g2_buf_2)
                                         net2960 (net)
                  0.04    0.00    2.67 ^ fanout2959/A (sg13g2_buf_2)
     8    0.03    0.07    0.11    2.78 ^ fanout2959/X (sg13g2_buf_2)
                                         net2959 (net)
                  0.07    0.00    2.78 ^ fanout2958/A (sg13g2_buf_2)
     8    0.03    0.08    0.13    2.91 ^ fanout2958/X (sg13g2_buf_2)
                                         net2958 (net)
                  0.08    0.00    2.91 ^ i_croc_soc/i_croc/i_core_wrap/_5824_/B (sg13g2_xnor2_1)
     5    0.03    0.26    0.17    3.08 ^ i_croc_soc/i_croc/i_core_wrap/_5824_/Y (sg13g2_xnor2_1)
                                         i_croc_soc/i_croc/i_core_wrap/_1153_ (net)
                  0.26    0.00    3.08 ^ i_croc_soc/i_croc/i_core_wrap/_5826_/C (sg13g2_nand4_1)
     1    0.01    0.11    0.18    3.26 v i_croc_soc/i_croc/i_core_wrap/_5826_/Y (sg13g2_nand4_1)
                                         i_croc_soc/i_croc/i_core_wrap/_1155_ (net)
                  0.11    0.00    3.26 v i_croc_soc/i_croc/i_core_wrap/_5827_/B1 (sg13g2_a21oi_1)
     1    0.00    0.08    0.10    3.35 ^ i_croc_soc/i_croc/i_core_wrap/_5827_/Y (sg13g2_a21oi_1)
                                         i_croc_soc/i_croc/i_core_wrap/_1156_ (net)
                  0.08    0.00    3.35 ^ i_croc_soc/i_croc/i_core_wrap/_5828_/D (sg13g2_nand4_1)
     2    0.01    0.12    0.15    3.50 v i_croc_soc/i_croc/i_core_wrap/_5828_/Y (sg13g2_nand4_1)
                                         i_croc_soc/i_croc/i_core_wrap/_1157_ (net)
                  0.12    0.00    3.50 v i_croc_soc/i_croc/i_core_wrap/_5829_/B1 (sg13g2_a21oi_1)
     2    0.01    0.13    0.15    3.65 ^ i_croc_soc/i_croc/i_core_wrap/_5829_/Y (sg13g2_a21oi_1)
                                         i_croc_soc/i_croc/i_core_wrap/_1158_ (net)
                  0.13    0.00    3.65 ^ i_croc_soc/i_croc/i_core_wrap/_5859_/B (sg13g2_nor3_2)
     8    0.05    0.11    0.14    3.78 v i_croc_soc/i_croc/i_core_wrap/_5859_/Y (sg13g2_nor3_2)
                                         i_croc_soc/i_croc/i_core_wrap/_1186_ (net)
                  0.11    0.00    3.79 v i_croc_soc/i_croc/i_core_wrap/_6222_/A1 (sg13g2_o21ai_1)
     1    0.00    0.07    0.11    3.90 ^ i_croc_soc/i_croc/i_core_wrap/_6222_/Y (sg13g2_o21ai_1)
                                         i_croc_soc/i_croc/i_core_wrap/_1527_ (net)
                  0.07    0.00    3.90 ^ i_croc_soc/i_croc/i_core_wrap/_6223_/B_N (sg13g2_nor2b_1)
     2    0.01    0.11    0.16    4.05 ^ i_croc_soc/i_croc/i_core_wrap/_6223_/Y (sg13g2_nor2b_1)
                                         i_croc_soc/i_croc/i_core_wrap/_1528_ (net)
                  0.11    0.00    4.05 ^ fanout1031/A (sg13g2_buf_2)
     8    0.04    0.08    0.15    4.21 ^ fanout1031/X (sg13g2_buf_2)
                                         net1031 (net)
                  0.08    0.00    4.21 ^ i_croc_soc/i_croc/i_core_wrap/_6346_/A (sg13g2_xnor2_1)
     6    0.05    0.30    0.28    4.49 v i_croc_soc/i_croc/i_core_wrap/_6346_/Y (sg13g2_xnor2_1)
                                         i_croc_soc/i_croc/core_data_obi_req_63_ (net)
                  0.30    0.00    4.49 v i_croc_soc/i_croc/i_core_wrap/_7340_/A1 (sg13g2_a221oi_1)
     1    0.01    0.15    0.23    4.72 ^ i_croc_soc/i_croc/i_core_wrap/_7340_/Y (sg13g2_a221oi_1)
                                         i_croc_soc/i_croc/i_core_wrap/_2494_ (net)
                  0.15    0.00    4.72 ^ i_croc_soc/i_croc/i_core_wrap/_7342_/A (sg13g2_nor2_2)
     3    0.01    0.05    0.09    4.80 v i_croc_soc/i_croc/i_core_wrap/_7342_/Y (sg13g2_nor2_2)
                                         i_croc_soc/i_croc/i_core_wrap/_2496_ (net)
                  0.05    0.00    4.80 v i_croc_soc/i_croc/i_core_wrap/_8583_/B1 (sg13g2_a21o_1)
     3    0.01    0.06    0.14    4.95 v i_croc_soc/i_croc/i_core_wrap/_8583_/X (sg13g2_a21o_1)
                                         i_croc_soc/i_croc/i_core_wrap/_3583_ (net)
                  0.06    0.00    4.95 v i_croc_soc/i_croc/i_core_wrap/_8901_/A1 (sg13g2_mux2_2)
     4    0.02    0.06    0.17    5.11 v i_croc_soc/i_croc/i_core_wrap/_8901_/X (sg13g2_mux2_2)
                                         i_croc_soc/i_croc/core_instr_obi_req_63_ (net)
                  0.06    0.00    5.11 v i_croc_soc/i_croc/_05445_/A (sg13g2_nor4_1)
     1    0.00    0.13    0.16    5.28 ^ i_croc_soc/i_croc/_05445_/Y (sg13g2_nor4_1)
                                         i_croc_soc/i_croc/_00761_ (net)
                  0.13    0.00    5.28 ^ i_croc_soc/i_croc/_05446_/C (sg13g2_nand3_1)
     4    0.02    0.16    0.19    5.47 v i_croc_soc/i_croc/_05446_/Y (sg13g2_nand3_1)
                                         i_croc_soc/i_croc/_00762_ (net)
                  0.16    0.00    5.47 v i_croc_soc/i_croc/_05452_/A (sg13g2_nor3_2)
     5    0.02    0.19    0.22    5.69 ^ i_croc_soc/i_croc/_05452_/Y (sg13g2_nor3_2)
                                         i_croc_soc/i_croc/_00768_ (net)
                  0.19    0.00    5.69 ^ i_croc_soc/i_croc/_05453_/A (sg13g2_inv_1)
     3    0.01    0.08    0.11    5.79 v i_croc_soc/i_croc/_05453_/Y (sg13g2_inv_1)
                                         i_croc_soc/i_croc/_00769_ (net)
                  0.08    0.00    5.79 v i_croc_soc/i_croc/_05455_/B (sg13g2_and4_1)
     2    0.01    0.03    0.11    5.90 v i_croc_soc/i_croc/_05455_/X (sg13g2_and4_1)
                                         i_croc_soc/i_croc/_00771_ (net)
                  0.03    0.00    5.90 v i_croc_soc/i_croc/_05456_/B1 (sg13g2_o21ai_1)
     5    0.02    0.26    0.11    6.01 ^ i_croc_soc/i_croc/_05456_/Y (sg13g2_o21ai_1)
                                         i_croc_soc/i_croc/_00772_ (net)
                  0.26    0.00    6.02 ^ i_croc_soc/i_croc/_05457_/C (sg13g2_nor3_2)
     3    0.01    0.07    0.09    6.11 v i_croc_soc/i_croc/_05457_/Y (sg13g2_nor3_2)
                                         i_croc_soc/i_croc/_00773_ (net)
                  0.07    0.00    6.11 v i_croc_soc/i_croc/_05458_/D (sg13g2_nor4_2)
     3    0.01    0.17    0.15    6.26 ^ i_croc_soc/i_croc/_05458_/Y (sg13g2_nor4_2)
                                         i_croc_soc/i_croc/_00774_ (net)
                  0.17    0.00    6.26 ^ i_croc_soc/i_croc/_05587_/A_N (sg13g2_nand2b_1)
     3    0.01    0.07    0.14    6.40 ^ i_croc_soc/i_croc/_05587_/Y (sg13g2_nand2b_1)
                                         i_croc_soc/i_croc/_00903_ (net)
                  0.07    0.00    6.40 ^ i_croc_soc/i_croc/_05643_/A (sg13g2_nand2_2)
     2    0.01    0.04    0.06    6.46 v i_croc_soc/i_croc/_05643_/Y (sg13g2_nand2_2)
                                         i_croc_soc/i_croc/_00958_ (net)
                  0.04    0.00    6.46 v fanout2307/A (sg13g2_buf_2)
     4    0.02    0.04    0.09    6.55 v fanout2307/X (sg13g2_buf_2)
                                         net2307 (net)
                  0.04    0.00    6.55 v fanout2306/A (sg13g2_buf_2)
     7    0.03    0.06    0.11    6.66 v fanout2306/X (sg13g2_buf_2)
                                         net2306 (net)
                  0.06    0.00    6.66 v fanout2305/A (sg13g2_buf_2)
     8    0.03    0.06    0.12    6.78 v fanout2305/X (sg13g2_buf_2)
                                         net2305 (net)
                  0.06    0.00    6.78 v i_croc_soc/i_croc/_05650_/B2 (sg13g2_a221oi_1)
     7    0.02    0.36    0.33    7.11 ^ i_croc_soc/i_croc/_05650_/Y (sg13g2_a221oi_1)
                                         i_croc_soc/i_croc/_00965_ (net)
                  0.36    0.00    7.12 ^ i_croc_soc/i_croc/_05652_/D (sg13g2_nand4_1)
     3    0.01    0.18    0.24    7.36 v i_croc_soc/i_croc/_05652_/Y (sg13g2_nand4_1)
                                         i_croc_soc/i_croc/_00967_ (net)
                  0.18    0.00    7.36 v i_croc_soc/i_croc/_05676_/A2 (sg13g2_a21o_2)
     5    0.02    0.06    0.22    7.57 v i_croc_soc/i_croc/_05676_/X (sg13g2_a21o_2)
                                         i_croc_soc/i_croc/_00991_ (net)
                  0.06    0.00    7.58 v i_croc_soc/i_croc/_05677_/B (sg13g2_xnor2_1)
     1    0.00    0.07    0.08    7.66 ^ i_croc_soc/i_croc/_05677_/Y (sg13g2_xnor2_1)
                                         i_croc_soc/i_croc/_00992_ (net)
                  0.07    0.00    7.66 ^ i_croc_soc/i_croc/_05733_/A1 (sg13g2_o21ai_1)
     4    0.02    0.12    0.13    7.79 v i_croc_soc/i_croc/_05733_/Y (sg13g2_o21ai_1)
                                         i_croc_soc/i_croc/_01047_ (net)
                  0.12    0.00    7.79 v i_croc_soc/i_croc/_05734_/B (sg13g2_nand2_2)
     5    0.03    0.08    0.10    7.89 ^ i_croc_soc/i_croc/_05734_/Y (sg13g2_nand2_2)
                                         i_croc_soc/i_croc/_01048_ (net)
                  0.08    0.00    7.89 ^ i_croc_soc/i_croc/_06356_/B (sg13g2_nor2_1)
     2    0.01    0.04    0.05    7.95 v i_croc_soc/i_croc/_06356_/Y (sg13g2_nor2_1)
                                         i_croc_soc/i_croc/_01558_ (net)
                  0.04    0.00    7.95 v i_croc_soc/i_croc/_06357_/C (sg13g2_nand3_1)
     3    0.03    0.12    0.11    8.06 ^ i_croc_soc/i_croc/_06357_/Y (sg13g2_nand3_1)
                                         i_croc_soc/i_croc/_01559_ (net)
                  0.12    0.00    8.06 ^ fanout2183/A (sg13g2_buf_8)
     5    0.08    0.05    0.13    8.19 ^ fanout2183/X (sg13g2_buf_8)
                                         net2183 (net)
                  0.05    0.00    8.19 ^ fanout2182/A (sg13g2_buf_4)
     8    0.07    0.09    0.15    8.34 ^ fanout2182/X (sg13g2_buf_4)
                                         net2182 (net)
                  0.09    0.00    8.34 ^ fanout2181/A (sg13g2_buf_2)
     5    0.02    0.05    0.11    8.46 ^ fanout2181/X (sg13g2_buf_2)
                                         net2181 (net)
                  0.05    0.00    8.46 ^ fanout2180/A (sg13g2_buf_2)
     7    0.03    0.06    0.11    8.56 ^ fanout2180/X (sg13g2_buf_2)
                                         net2180 (net)
                  0.06    0.00    8.56 ^ i_croc_soc/i_croc/_06360_/B (sg13g2_nor2_2)
     3    0.02    0.05    0.06    8.63 v i_croc_soc/i_croc/_06360_/Y (sg13g2_nor2_2)
                                         i_croc_soc/i_croc/all_periph_obi_rsp_157_ (net)
                  0.05    0.00    8.63 v fanout2141/A (sg13g2_buf_2)
     7    0.02    0.05    0.11    8.74 v fanout2141/X (sg13g2_buf_2)
                                         net2141 (net)
                  0.05    0.00    8.74 v i_croc_soc/i_croc/i_gpio/_1354_/A (sg13g2_nand2_1)
     2    0.01    0.05    0.05    8.79 ^ i_croc_soc/i_croc/i_gpio/_1354_/Y (sg13g2_nand2_1)
                                         i_croc_soc/i_croc/i_gpio/_0150_ (net)
                  0.05    0.00    8.79 ^ i_croc_soc/i_croc/i_gpio/_1355_/B (sg13g2_nand3_1)
     1    0.00    0.06    0.08    8.87 v i_croc_soc/i_croc/i_gpio/_1355_/Y (sg13g2_nand3_1)
                                         i_croc_soc/i_croc/i_gpio/_0151_ (net)
                  0.06    0.00    8.87 v i_croc_soc/i_croc/i_gpio/_1356_/B1 (sg13g2_o21ai_1)
     1    0.00    0.09    0.05    8.92 ^ i_croc_soc/i_croc/i_gpio/_1356_/Y (sg13g2_o21ai_1)
                                         i_croc_soc/i_croc/all_periph_obi_rsp_159_ (net)
                  0.09    0.00    8.92 ^ i_croc_soc/i_croc/_07626_/A (sg13g2_inv_1)
     1    0.01    0.04    0.05    8.98 v i_croc_soc/i_croc/_07626_/Y (sg13g2_inv_1)
                                         i_croc_soc/i_croc/_02530_ (net)
                  0.04    0.00    8.98 v i_croc_soc/i_croc/_07628_/A2 (sg13g2_o21ai_1)
     1    0.00    0.08    0.08    9.06 ^ i_croc_soc/i_croc/_07628_/Y (sg13g2_o21ai_1)
                                         i_croc_soc/i_croc/_02532_ (net)
                  0.08    0.00    9.06 ^ i_croc_soc/i_croc/_07632_/A2 (sg13g2_a22oi_1)
     4    0.05    0.32    0.29    9.35 v i_croc_soc/i_croc/_07632_/Y (sg13g2_a22oi_1)
                                         i_croc_soc/i_croc/_02536_ (net)
                  0.32    0.01    9.36 v i_croc_soc/i_croc/_07912_/B (sg13g2_nor2_1)
     1    0.00    0.09    0.11    9.47 ^ i_croc_soc/i_croc/_07912_/Y (sg13g2_nor2_1)
                                         i_croc_soc/i_croc/_02783_ (net)
                  0.09    0.00    9.47 ^ i_croc_soc/i_croc/_07913_/C (sg13g2_nor3_1)
     1    0.01    0.04    0.06    9.53 v i_croc_soc/i_croc/_07913_/Y (sg13g2_nor3_1)
                                         i_croc_soc/i_croc/_02784_ (net)
                  0.04    0.00    9.53 v i_croc_soc/i_croc/_07914_/C (sg13g2_nor3_2)
     5    0.04    0.26    0.22    9.75 ^ i_croc_soc/i_croc/_07914_/Y (sg13g2_nor3_2)
                                         i_croc_soc/i_croc/core_instr_obi_rsp_3_ (net)
                  0.26    0.00    9.76 ^ i_croc_soc/i_croc/i_core_wrap/_6488_/A1 (sg13g2_a21o_1)
     3    0.01    0.05    0.19    9.95 ^ i_croc_soc/i_croc/i_core_wrap/_6488_/X (sg13g2_a21o_1)
                                         i_croc_soc/i_croc/i_core_wrap/_1734_ (net)
                  0.05    0.00    9.95 ^ i_croc_soc/i_croc/i_core_wrap/_6941_/B (sg13g2_or3_2)
     5    0.05    0.11    0.16   10.11 ^ i_croc_soc/i_croc/i_core_wrap/_6941_/X (sg13g2_or3_2)
                                         i_croc_soc/i_croc/i_core_wrap/_2122_ (net)
                  0.11    0.00   10.12 ^ i_croc_soc/i_croc/i_core_wrap/_7023_/C (sg13g2_nand3_1)
     4    0.01    0.15    0.16   10.28 v i_croc_soc/i_croc/i_core_wrap/_7023_/Y (sg13g2_nand3_1)
                                         i_croc_soc/i_croc/i_core_wrap/_2200_ (net)
                  0.15    0.00   10.28 v i_croc_soc/i_croc/i_core_wrap/_7065_/A (sg13g2_inv_1)
     1    0.01    0.05    0.07   10.34 ^ i_croc_soc/i_croc/i_core_wrap/_7065_/Y (sg13g2_inv_1)
                                         i_croc_soc/i_croc/i_core_wrap/_2238_ (net)
                  0.05    0.00   10.34 ^ i_croc_soc/i_croc/i_core_wrap/_7066_/C (sg13g2_nand3_1)
     2    0.01    0.11    0.12   10.47 v i_croc_soc/i_croc/i_core_wrap/_7066_/Y (sg13g2_nand3_1)
                                         i_croc_soc/i_croc/i_core_wrap/_2239_ (net)
                  0.11    0.00   10.47 v i_croc_soc/i_croc/i_core_wrap/_7078_/B (sg13g2_nor2_2)
     3    0.01    0.07    0.09   10.55 ^ i_croc_soc/i_croc/i_core_wrap/_7078_/Y (sg13g2_nor2_2)
                                         i_croc_soc/i_croc/i_core_wrap/_2249_ (net)
                  0.07    0.00   10.55 ^ i_croc_soc/i_croc/i_core_wrap/_7110_/C (sg13g2_nand3_1)
     2    0.01    0.11    0.13   10.69 v i_croc_soc/i_croc/i_core_wrap/_7110_/Y (sg13g2_nand3_1)
                                         i_croc_soc/i_croc/i_core_wrap/_2279_ (net)
                  0.11    0.00   10.69 v i_croc_soc/i_croc/i_core_wrap/_7133_/B (sg13g2_nor2_1)
     2    0.01    0.09    0.10   10.79 ^ i_croc_soc/i_croc/i_core_wrap/_7133_/Y (sg13g2_nor2_1)
                                         i_croc_soc/i_croc/i_core_wrap/_2301_ (net)
                  0.09    0.00   10.79 ^ i_croc_soc/i_croc/i_core_wrap/_7149_/B (sg13g2_and2_1)
     2    0.01    0.04    0.12   10.90 ^ i_croc_soc/i_croc/i_core_wrap/_7149_/X (sg13g2_and2_1)
                                         i_croc_soc/i_croc/i_core_wrap/_2316_ (net)
                  0.04    0.00   10.90 ^ i_croc_soc/i_croc/i_core_wrap/_7160_/B (sg13g2_and2_1)
     2    0.01    0.04    0.10   11.00 ^ i_croc_soc/i_croc/i_core_wrap/_7160_/X (sg13g2_and2_1)
                                         i_croc_soc/i_croc/i_core_wrap/_2326_ (net)
                  0.04    0.00   11.00 ^ i_croc_soc/i_croc/i_core_wrap/_7171_/B (sg13g2_and2_1)
     2    0.01    0.04    0.10   11.10 ^ i_croc_soc/i_croc/i_core_wrap/_7171_/X (sg13g2_and2_1)
                                         i_croc_soc/i_croc/i_core_wrap/_2336_ (net)
                  0.04    0.00   11.10 ^ i_croc_soc/i_croc/i_core_wrap/_7186_/B (sg13g2_and2_1)
     2    0.01    0.05    0.10   11.21 ^ i_croc_soc/i_croc/i_core_wrap/_7186_/X (sg13g2_and2_1)
                                         i_croc_soc/i_croc/i_core_wrap/_2350_ (net)
                  0.05    0.00   11.21 ^ i_croc_soc/i_croc/i_core_wrap/_7239_/B (sg13g2_and3_1)
     2    0.01    0.05    0.13   11.34 ^ i_croc_soc/i_croc/i_core_wrap/_7239_/X (sg13g2_and3_1)
                                         i_croc_soc/i_croc/i_core_wrap/_2400_ (net)
                  0.05    0.00   11.34 ^ i_croc_soc/i_croc/i_core_wrap/_7241_/B (sg13g2_and2_1)
     3    0.01    0.05    0.11   11.45 ^ i_croc_soc/i_croc/i_core_wrap/_7241_/X (sg13g2_and2_1)
                                         i_croc_soc/i_croc/i_core_wrap/_2402_ (net)
                  0.05    0.00   11.45 ^ i_croc_soc/i_croc/i_core_wrap/_7291_/C (sg13g2_and3_1)
     2    0.01    0.05    0.13   11.58 ^ i_croc_soc/i_croc/i_core_wrap/_7291_/X (sg13g2_and3_1)
                                         i_croc_soc/i_croc/i_core_wrap/_2449_ (net)
                  0.05    0.00   11.58 ^ i_croc_soc/i_croc/i_core_wrap/_7296_/B (sg13g2_and2_1)
     3    0.01    0.06    0.11   11.69 ^ i_croc_soc/i_croc/i_core_wrap/_7296_/X (sg13g2_and2_1)
                                         i_croc_soc/i_croc/i_core_wrap/_2453_ (net)
                  0.06    0.00   11.69 ^ i_croc_soc/i_croc/i_core_wrap/_7344_/D (sg13g2_nand4_1)
     1    0.00    0.09    0.12   11.81 v i_croc_soc/i_croc/i_core_wrap/_7344_/Y (sg13g2_nand4_1)
                                         i_croc_soc/i_croc/i_core_wrap/_2498_ (net)
                  0.09    0.00   11.81 v i_croc_soc/i_croc/i_core_wrap/_7345_/A (sg13g2_inv_1)
     2    0.01    0.05    0.07   11.88 ^ i_croc_soc/i_croc/i_core_wrap/_7345_/Y (sg13g2_inv_1)
                                         i_croc_soc/i_croc/i_core_wrap/_2499_ (net)
                  0.05    0.00   11.88 ^ i_croc_soc/i_croc/i_core_wrap/_7346_/C (sg13g2_nand3_1)
     4    0.01    0.14    0.15   12.03 v i_croc_soc/i_croc/i_core_wrap/_7346_/Y (sg13g2_nand3_1)
                                         i_croc_soc/i_croc/i_core_wrap/_2500_ (net)
                  0.14    0.00   12.03 v fanout1574/A (sg13g2_buf_2)
     8    0.03    0.06    0.15   12.18 v fanout1574/X (sg13g2_buf_2)
                                         net1574 (net)
                  0.06    0.00   12.18 v i_croc_soc/i_croc/i_core_wrap/_7417_/B (sg13g2_nor3_1)
     1    0.01    0.11    0.13   12.31 ^ i_croc_soc/i_croc/i_core_wrap/_7417_/Y (sg13g2_nor3_1)
                                         i_croc_soc/i_croc/i_core_wrap/_2565_ (net)
                  0.11    0.00   12.31 ^ i_croc_soc/i_croc/i_core_wrap/_7418_/B (sg13g2_xor2_1)
     1    0.00    0.06    0.13   12.43 ^ i_croc_soc/i_croc/i_core_wrap/_7418_/X (sg13g2_xor2_1)
                                         i_croc_soc/i_croc/i_core_wrap/_2566_ (net)
                  0.06    0.00   12.43 ^ i_croc_soc/i_croc/i_core_wrap/_7425_/A2 (sg13g2_a21o_1)
     1    0.00    0.03    0.11   12.54 ^ i_croc_soc/i_croc/i_core_wrap/_7425_/X (sg13g2_a21o_1)
                                         i_croc_soc/i_croc/i_core_wrap/_0088_ (net)
                  0.03    0.00   12.54 ^ i_croc_soc/i_croc/i_core_wrap/i_ibex.crash_dump_o_93__reg/D (sg13g2_dfrbp_2)
                                 12.54   data arrival time

                  0.20   12.50   12.50   clock clk_sys (rise edge)
                          0.00   12.50   clock network delay (ideal)
                         -0.10   12.40   clock uncertainty
                          0.00   12.40   clock reconvergence pessimism
                                 12.40 ^ i_croc_soc/i_croc/i_core_wrap/i_ibex.crash_dump_o_93__reg/CLK (sg13g2_dfrbp_2)
                         -0.09   12.31   library setup time
                                 12.31   data required time
-----------------------------------------------------------------------------
                                 12.31   data required time
                                -12.54   data arrival time
-----------------------------------------------------------------------------
                                 -0.23   slack (VIOLATED)



==========================================================================
03_croc.dpl report_check_types -max_slew -max_cap -max_fanout -violators
--------------------------------------------------------------------------

==========================================================================
03_croc.dpl max_slew_check_slack
--------------------------------------------------------------------------
-2.4305672645568848

==========================================================================
03_croc.dpl max_slew_check_limit
--------------------------------------------------------------------------
1.2000000476837158

==========================================================================
03_croc.dpl max_slew_check_slack_limit
--------------------------------------------------------------------------
-2.0255

==========================================================================
03_croc.dpl max_fanout_check_slack
--------------------------------------------------------------------------
0.0

==========================================================================
03_croc.dpl max_fanout_check_limit
--------------------------------------------------------------------------
8.0

==========================================================================
03_croc.dpl max_fanout_check_slack_limit
--------------------------------------------------------------------------
0.0000

==========================================================================
03_croc.dpl max_capacitance_check_slack
--------------------------------------------------------------------------
-11.160959243774414

==========================================================================
03_croc.dpl max_capacitance_check_limit
--------------------------------------------------------------------------
4.21304988861084

==========================================================================
03_croc.dpl max_capacitance_check_slack_limit
--------------------------------------------------------------------------
-2.6491

==========================================================================
03_croc.dpl max_slew_violation_count
--------------------------------------------------------------------------
max slew violation count 71

==========================================================================
03_croc.dpl max_fanout_violation_count
--------------------------------------------------------------------------
max fanout violation count 0

==========================================================================
03_croc.dpl max_cap_violation_count
--------------------------------------------------------------------------
max cap violation count 71

==========================================================================
03_croc.dpl setup_violation_count
--------------------------------------------------------------------------
setup violation count 1584

==========================================================================
03_croc.dpl hold_violation_count
--------------------------------------------------------------------------
hold violation count 20

==========================================================================
03_croc.dpl critical path delay
--------------------------------------------------------------------------
12.5400

==========================================================================
03_croc.dpl critical path slack
--------------------------------------------------------------------------
-0.2313

==========================================================================
03_croc.dpl slack div critical path delay
--------------------------------------------------------------------------
-1.844498

==========================================================================
03_croc.dpl report_power tt
--------------------------------------------------------------------------
Group                  Internal  Switching    Leakage      Total
                          Power      Power      Power      Power (Watts)
----------------------------------------------------------------
Sequential             1.96e-02   4.10e-04   2.13e-06   2.00e-02  64.4%
Combinational          4.64e-03   4.29e-03   4.98e-06   8.93e-03  28.7%
Clock                  1.29e-06   6.97e-07   2.94e-10   1.99e-06   0.0%
Macro                  0.00e+00   0.00e+00   0.00e+00   0.00e+00   0.0%
Pad                    5.91e-05   2.07e-03   1.08e-07   2.13e-03   6.8%
----------------------------------------------------------------
Total                  2.43e-02   6.77e-03   7.22e-06   3.11e-02 100.0%
                          78.2%      21.8%       0.0%

==========================================================================
03_croc.dpl report_design_area
--------------------------------------------------------------------------

==========================================================================
03_croc.dpl area by hierarchy
--------------------------------------------------------------------------

--------------------------------------------------------------------------------
Design Area Summary
--------------------------------------------------------------------------------
Die Area:              4995225.0 um2
Core Area:             3254162.688 um2
Total Area:            2514975.9936 um2
Total Active Area:     721775.9936 um2

Core Utilization:      0.22180083259561975
Std Cell Utilization:  0.17452723195954953

--------------------------------------------------------------------------------
Hierarchical Area Report
--------------------------------------------------------------------------------
                                                                                Global Area (um^2)                                                              Global Instances                                                                Local Area (um^2)                                                               Local Instances
                                                                                ------------------------------------------------------------------------------- ------------------------------------------------------------------------------- ------------------------------------------------------------------------------- ----------------------------------------------------------------------------
Hierarchy Name                                                                  Total           StdCell         Macro           Cover           Pad             Total           StdCell         Macro           Cover           Pad             Total           StdCell         Macro           Cover           Pad             Total           StdCell         Macro           Cover           Pad             
-----------------------------------------------------------------------------------------------------------------------------------------------------------------------------------------------------------------------------------------------------------------------------------------------------------------------------------------------------------------------------------------------------------
<top>                                                                           2514975.994     535414.925      186361.069      313600.000      1479600.000     33039           32657           2               64              316             1843455.251     50255.251       0.000           313600.000      1479600.000     4799            4419            0               64              316             
  i_croc_soc                                                                    671520.742      485159.674      186361.069      0.000           0.000           28240           28238           2               0               0               195.955         195.955         0.000           0.000           0.000           5               5               0               0               0               
    i_croc                                                                      665899.731      479538.662      186361.069      0.000           0.000           27939           27937           2               0               0               87238.166       87238.166       0.000           0.000           0.000           5789            5789            0               0               0               
      gen_sram_bank\[0\].i_sram                                                 95016.707       1836.173        93180.534       0.000           0.000           186             185             1               0               0               95016.707       1836.173        93180.534       0.000           0.000           186             185             1               0               0               
      gen_sram_bank\[1\].i_sram                                                 95022.150       1841.616        93180.534       0.000           0.000           186             185             1               0               0               95022.150       1841.616        93180.534       0.000           0.000           186             185             1               0               0               
      i_core_wrap                                                               214198.992      214198.992      0.000           0.000           0.000           11715           11715           0               0               0               68802.048       68802.048       0.000           0.000           0.000           4927            4927            0               0               0               
        i_ibex.cs_registers_i                                                   53873.165       53873.165       0.000           0.000           0.000           3114            3114            0               0               0               53873.165       53873.165       0.000           0.000           0.000           3114            3114            0               0               0               
        i_ibex.register_file_i                                                  91523.779       91523.779       0.000           0.000           0.000           3674            3674            0               0               0               91523.779       91523.779       0.000           0.000           0.000           3674            3674            0               0               0               
      i_dm_top.i_dm_top                                                         73940.429       73940.429       0.000           0.000           0.000           4686            4686            0               0               0               73940.429       73940.429       0.000           0.000           0.000           4686            4686            0               0               0               
      i_dmi_jtag                                                                38964.240       38964.240       0.000           0.000           0.000           2185            2185            0               0               0               15262.733       15262.733       0.000           0.000           0.000           998             998             0               0               0               
        i_dmi_cdc.i_cdc_req                                                     12628.224       12628.224       0.000           0.000           0.000           621             621             0               0               0               235.872         235.872         0.000           0.000           0.000           8               8               0               0               0               
          i_cdc_reset_ctrlr                                                     4046.112        4046.112        0.000           0.000           0.000           258             258             0               0               0               0.000           0.000           0.000           0.000           0.000           0               0               0               0               0               
            i_cdc_reset_ctrlr_half_a                                            2035.757        2035.757        0.000           0.000           0.000           131             131             0               0               0               1046.909        1046.909        0.000           0.000           0.000           83              83              0               0               0               
              i_state_transition_cdc_dst                                        373.766         373.766         0.000           0.000           0.000           19              19              0               0               0               279.418         279.418         0.000           0.000           0.000           17              17              0               0               0               
                i_sync                                                          94.349          94.349          0.000           0.000           0.000           2               2               0               0               0               94.349          94.349          0.000           0.000           0.000           2               2               0               0               0               
              i_state_transition_cdc_src                                        615.082         615.082         0.000           0.000           0.000           29              29              0               0               0               513.475         513.475         0.000           0.000           0.000           27              27              0               0               0               
                i_sync                                                          101.606         101.606         0.000           0.000           0.000           2               2               0               0               0               101.606         101.606         0.000           0.000           0.000           2               2               0               0               0               
            i_cdc_reset_ctrlr_half_b                                            2010.355        2010.355        0.000           0.000           0.000           127             127             0               0               0               1028.765        1028.765        0.000           0.000           0.000           79              79              0               0               0               
              i_state_transition_cdc_dst                                        373.766         373.766         0.000           0.000           0.000           19              19              0               0               0               279.418         279.418         0.000           0.000           0.000           17              17              0               0               0               
                i_sync                                                          94.349          94.349          0.000           0.000           0.000           2               2               0               0               0               94.349          94.349          0.000           0.000           0.000           2               2               0               0               0               
              i_state_transition_cdc_src                                        607.824         607.824         0.000           0.000           0.000           29              29              0               0               0               513.475         513.475         0.000           0.000           0.000           27              27              0               0               0               
                i_sync                                                          94.349          94.349          0.000           0.000           0.000           2               2               0               0               0               94.349          94.349          0.000           0.000           0.000           2               2               0               0               0               
          i_dst                                                                 4267.469        4267.469        0.000           0.000           0.000           178             178             0               0               0               4125.946        4125.946        0.000           0.000           0.000           175             175             0               0               0               
            i_sync                                                              141.523         141.523         0.000           0.000           0.000           3               3               0               0               0               141.523         141.523         0.000           0.000           0.000           3               3               0               0               0               
          i_src                                                                 4078.771        4078.771        0.000           0.000           0.000           177             177             0               0               0               3937.248        3937.248        0.000           0.000           0.000           174             174             0               0               0               
            i_sync                                                              141.523         141.523         0.000           0.000           0.000           3               3               0               0               0               141.523         141.523         0.000           0.000           0.000           3               3               0               0               0               
        i_dmi_cdc.i_cdc_resp                                                    11042.438       11042.438       0.000           0.000           0.000           563             563             0               0               0               243.130         243.130         0.000           0.000           0.000           9               9               0               0               0               
          i_cdc_reset_ctrlr                                                     4020.710        4020.710        0.000           0.000           0.000           255             255             0               0               0               0.000           0.000           0.000           0.000           0.000           0               0               0               0               0               
            i_cdc_reset_ctrlr_half_a                                            2033.942        2033.942        0.000           0.000           0.000           133             133             0               0               0               1045.094        1045.094        0.000           0.000           0.000           85              85              0               0               0               
              i_state_transition_cdc_dst                                        373.766         373.766         0.000           0.000           0.000           19              19              0               0               0               279.418         279.418         0.000           0.000           0.000           17              17              0               0               0               
                i_sync                                                          94.349          94.349          0.000           0.000           0.000           2               2               0               0               0               94.349          94.349          0.000           0.000           0.000           2               2               0               0               0               
              i_state_transition_cdc_src                                        615.082         615.082         0.000           0.000           0.000           29              29              0               0               0               513.475         513.475         0.000           0.000           0.000           27              27              0               0               0               
                i_sync                                                          101.606         101.606         0.000           0.000           0.000           2               2               0               0               0               101.606         101.606         0.000           0.000           0.000           2               2               0               0               0               
            i_cdc_reset_ctrlr_half_b                                            1986.768        1986.768        0.000           0.000           0.000           122             122             0               0               0               997.920         997.920         0.000           0.000           0.000           74              74              0               0               0               
              i_state_transition_cdc_dst                                        373.766         373.766         0.000           0.000           0.000           19              19              0               0               0               279.418         279.418         0.000           0.000           0.000           17              17              0               0               0               
                i_sync                                                          94.349          94.349          0.000           0.000           0.000           2               2               0               0               0               94.349          94.349          0.000           0.000           0.000           2               2               0               0               0               
              i_state_transition_cdc_src                                        615.082         615.082         0.000           0.000           0.000           29              29              0               0               0               513.475         513.475         0.000           0.000           0.000           27              27              0               0               0               
                i_sync                                                          101.606         101.606         0.000           0.000           0.000           2               2               0               0               0               101.606         101.606         0.000           0.000           0.000           2               2               0               0               0               
          i_dst                                                                 3421.958        3421.958        0.000           0.000           0.000           150             150             0               0               0               3280.435        3280.435        0.000           0.000           0.000           147             147             0               0               0               
            i_sync                                                              141.523         141.523         0.000           0.000           0.000           3               3               0               0               0               141.523         141.523         0.000           0.000           0.000           3               3               0               0               0               
          i_src                                                                 3356.640        3356.640        0.000           0.000           0.000           149             149             0               0               0               3215.117        3215.117        0.000           0.000           0.000           146             146             0               0               0               
            i_sync                                                              141.523         141.523         0.000           0.000           0.000           3               3               0               0               0               141.523         141.523         0.000           0.000           0.000           3               3               0               0               0               
        i_dmi_jtag_tap.i_dft_tck_mux                                            25.402          25.402          0.000           0.000           0.000           2               2               0               0               0               25.402          25.402          0.000           0.000           0.000           2               2               0               0               0               
        i_dmi_jtag_tap.i_tck_inv                                                5.443           5.443           0.000           0.000           0.000           1               1               0               0               0               5.443           5.443           0.000           0.000           0.000           1               1               0               0               0               
      i_gpio                                                                    27471.830       27471.830       0.000           0.000           0.000           1347            1347            0               0               0               24314.774       24314.774       0.000           0.000           0.000           1283            1283            0               0               0               
        gen_gpios\[0\].i_sync                                                   101.606         101.606         0.000           0.000           0.000           2               2               0               0               0               101.606         101.606         0.000           0.000           0.000           2               2               0               0               0               
        gen_gpios\[10\].i_sync                                                  94.349          94.349          0.000           0.000           0.000           2               2               0               0               0               94.349          94.349          0.000           0.000           0.000           2               2               0               0               0               
        gen_gpios\[11\].i_sync                                                  94.349          94.349          0.000           0.000           0.000           2               2               0               0               0               94.349          94.349          0.000           0.000           0.000           2               2               0               0               0               
        gen_gpios\[12\].i_sync                                                  94.349          94.349          0.000           0.000           0.000           2               2               0               0               0               94.349          94.349          0.000           0.000           0.000           2               2               0               0               0               
        gen_gpios\[13\].i_sync                                                  94.349          94.349          0.000           0.000           0.000           2               2               0               0               0               94.349          94.349          0.000           0.000           0.000           2               2               0               0               0               
        gen_gpios\[14\].i_sync                                                  94.349          94.349          0.000           0.000           0.000           2               2               0               0               0               94.349          94.349          0.000           0.000           0.000           2               2               0               0               0               
        gen_gpios\[15\].i_sync                                                  94.349          94.349          0.000           0.000           0.000           2               2               0               0               0               94.349          94.349          0.000           0.000           0.000           2               2               0               0               0               
        gen_gpios\[16\].i_sync                                                  101.606         101.606         0.000           0.000           0.000           2               2               0               0               0               101.606         101.606         0.000           0.000           0.000           2               2               0               0               0               
        gen_gpios\[17\].i_sync                                                  94.349          94.349          0.000           0.000           0.000           2               2               0               0               0               94.349          94.349          0.000           0.000           0.000           2               2               0               0               0               
        gen_gpios\[18\].i_sync                                                  101.606         101.606         0.000           0.000           0.000           2               2               0               0               0               101.606         101.606         0.000           0.000           0.000           2               2               0               0               0               
        gen_gpios\[19\].i_sync                                                  101.606         101.606         0.000           0.000           0.000           2               2               0               0               0               101.606         101.606         0.000           0.000           0.000           2               2               0               0               0               
        gen_gpios\[1\].i_sync                                                   101.606         101.606         0.000           0.000           0.000           2               2               0               0               0               101.606         101.606         0.000           0.000           0.000           2               2               0               0               0               
        gen_gpios\[20\].i_sync                                                  101.606         101.606         0.000           0.000           0.000           2               2               0               0               0               101.606         101.606         0.000           0.000           0.000           2               2               0               0               0               
        gen_gpios\[21\].i_sync                                                  101.606         101.606         0.000           0.000           0.000           2               2               0               0               0               101.606         101.606         0.000           0.000           0.000           2               2               0               0               0               
        gen_gpios\[22\].i_sync                                                  101.606         101.606         0.000           0.000           0.000           2               2               0               0               0               101.606         101.606         0.000           0.000           0.000           2               2               0               0               0               
        gen_gpios\[23\].i_sync                                                  101.606         101.606         0.000           0.000           0.000           2               2               0               0               0               101.606         101.606         0.000           0.000           0.000           2               2               0               0               0               
        gen_gpios\[24\].i_sync                                                  101.606         101.606         0.000           0.000           0.000           2               2               0               0               0               101.606         101.606         0.000           0.000           0.000           2               2               0               0               0               
        gen_gpios\[25\].i_sync                                                  101.606         101.606         0.000           0.000           0.000           2               2               0               0               0               101.606         101.606         0.000           0.000           0.000           2               2               0               0               0               
        gen_gpios\[26\].i_sync                                                  101.606         101.606         0.000           0.000           0.000           2               2               0               0               0               101.606         101.606         0.000           0.000           0.000           2               2               0               0               0               
        gen_gpios\[27\].i_sync                                                  94.349          94.349          0.000           0.000           0.000           2               2               0               0               0               94.349          94.349          0.000           0.000           0.000           2               2               0               0               0               
        gen_gpios\[28\].i_sync                                                  94.349          94.349          0.000           0.000           0.000           2               2               0               0               0               94.349          94.349          0.000           0.000           0.000           2               2               0               0               0               
        gen_gpios\[29\].i_sync                                                  94.349          94.349          0.000           0.000           0.000           2               2               0               0               0               94.349          94.349          0.000           0.000           0.000           2               2               0               0               0               
        gen_gpios\[2\].i_sync                                                   101.606         101.606         0.000           0.000           0.000           2               2               0               0               0               101.606         101.606         0.000           0.000           0.000           2               2               0               0               0               
        gen_gpios\[30\].i_sync                                                  94.349          94.349          0.000           0.000           0.000           2               2               0               0               0               94.349          94.349          0.000           0.000           0.000           2               2               0               0               0               
        gen_gpios\[31\].i_sync                                                  101.606         101.606         0.000           0.000           0.000           2               2               0               0               0               101.606         101.606         0.000           0.000           0.000           2               2               0               0               0               
        gen_gpios\[3\].i_sync                                                   101.606         101.606         0.000           0.000           0.000           2               2               0               0               0               101.606         101.606         0.000           0.000           0.000           2               2               0               0               0               
        gen_gpios\[4\].i_sync                                                   108.864         108.864         0.000           0.000           0.000           2               2               0               0               0               108.864         108.864         0.000           0.000           0.000           2               2               0               0               0               
        gen_gpios\[5\].i_sync                                                   94.349          94.349          0.000           0.000           0.000           2               2               0               0               0               94.349          94.349          0.000           0.000           0.000           2               2               0               0               0               
        gen_gpios\[6\].i_sync                                                   94.349          94.349          0.000           0.000           0.000           2               2               0               0               0               94.349          94.349          0.000           0.000           0.000           2               2               0               0               0               
        gen_gpios\[7\].i_sync                                                   94.349          94.349          0.000           0.000           0.000           2               2               0               0               0               94.349          94.349          0.000           0.000           0.000           2               2               0               0               0               
        gen_gpios\[8\].i_sync                                                   101.606         101.606         0.000           0.000           0.000           2               2               0               0               0               101.606         101.606         0.000           0.000           0.000           2               2               0               0               0               
        gen_gpios\[9\].i_sync                                                   101.606         101.606         0.000           0.000           0.000           2               2               0               0               0               101.606         101.606         0.000           0.000           0.000           2               2               0               0               0               
      i_soc_ctrl                                                                5604.682        5604.682        0.000           0.000           0.000           239             239             0               0               0               5604.682        5604.682        0.000           0.000           0.000           239             239             0               0               0               
      i_timer                                                                   27941.760       27941.760       0.000           0.000           0.000           1592            1592            0               0               0               27941.760       27941.760       0.000           0.000           0.000           1592            1592            0               0               0               
      i_uart.i_uart_modem.i_sync_cd                                             101.606         101.606         0.000           0.000           0.000           3               3               0               0               0               101.606         101.606         0.000           0.000           0.000           3               3               0               0               0               
      i_uart.i_uart_modem.i_sync_cts                                            101.606         101.606         0.000           0.000           0.000           3               3               0               0               0               101.606         101.606         0.000           0.000           0.000           3               3               0               0               0               
      i_uart.i_uart_modem.i_sync_dsr                                            101.606         101.606         0.000           0.000           0.000           3               3               0               0               0               101.606         101.606         0.000           0.000           0.000           3               3               0               0               0               
      i_uart.i_uart_modem.i_sync_ri                                             101.606         101.606         0.000           0.000           0.000           3               3               0               0               0               101.606         101.606         0.000           0.000           0.000           3               3               0               0               0               
      i_uart.i_uart_rx.i_sync                                                   94.349          94.349          0.000           0.000           0.000           2               2               0               0               0               94.349          94.349          0.000           0.000           0.000           2               2               0               0               0               
    i_ext_intr_sync                                                             101.606         101.606         0.000           0.000           0.000           2               2               0               0               0               101.606         101.606         0.000           0.000           0.000           2               2               0               0               0               
    i_rstgen.i_rstgen_bypass.i_tc_clk_mux2_init_no                              32.659          32.659          0.000           0.000           0.000           3               3               0               0               0               32.659          32.659          0.000           0.000           0.000           3               3               0               0               0               
    i_rstgen.i_rstgen_bypass.i_tc_clk_mux2_rst_n                                27.216          27.216          0.000           0.000           0.000           2               2               0               0               0               27.216          27.216          0.000           0.000           0.000           2               2               0               0               0               
    i_rstgen.i_rstgen_bypass.i_tc_clk_mux2_rst_no                               25.402          25.402          0.000           0.000           0.000           2               2               0               0               0               25.402          25.402          0.000           0.000           0.000           2               2               0               0               0               
    i_user                                                                      5238.173        5238.173        0.000           0.000           0.000           287             287             0               0               0               5238.173        5238.173        0.000           0.000           0.000           287             287             0               0               0               
