
==========================================================================
04_croc.cts check_setup
--------------------------------------------------------------------------
0

==========================================================================
04_croc.cts report_tns
--------------------------------------------------------------------------
tns -0.29

==========================================================================
04_croc.cts report_wns
--------------------------------------------------------------------------
wns -0.23

==========================================================================
04_croc.cts report_worst_slack
--------------------------------------------------------------------------
worst slack -0.23

==========================================================================
04_croc.cts report_checks -path_delay min
--------------------------------------------------------------------------
Startpoint: i_croc_soc/i_rstgen.i_rstgen_bypass.synch_regs_q_3__reg
            (rising edge-triggered flip-flop clocked by clk_sys)
Endpoint: i_croc_soc/i_croc/i_dmi_jtag/i_dmi_cdc.i_cdc_req/i_cdc_reset_ctrlr/i_cdc_reset_ctrlr_half_b/receiver_phase_q_0__reg
          (removal check against rising-edge clock clk_sys)
Path Group: asynchronous
Path Type: min
Corner: ff

Fanout     Cap    Slew   Delay    Time   Description
-----------------------------------------------------------------------------
                          0.00    0.00   clock clk_sys (rise edge)
                          0.00    0.00   clock source latency
     1    0.20    0.25    0.02    0.02 ^ clk_i (in)
                                         clk_i (net)
                  0.25    0.00    0.02 ^ pad_clk_i/pad (sg13g2_IOPadIn)
     1    0.11    0.13    0.08    0.11 ^ pad_clk_i/p2c (sg13g2_IOPadIn)
                                         soc_clk_i (net)
                  0.12    0.03    0.14 ^ clkbuf_0_soc_clk_i/A (sg13g2_buf_8)
     4    0.14    0.06    0.11    0.24 ^ clkbuf_0_soc_clk_i/X (sg13g2_buf_8)
                                         clknet_0_soc_clk_i (net)
                  0.06    0.01    0.25 ^ clkbuf_2_0_0_soc_clk_i/A (sg13g2_buf_16)
     8    0.23    0.05    0.08    0.33 ^ clkbuf_2_0_0_soc_clk_i/X (sg13g2_buf_16)
                                         clknet_2_0_0_soc_clk_i (net)
                  0.05    0.01    0.35 ^ clkbuf_5_5_0_soc_clk_i/A (sg13g2_buf_16)
     4    0.06    0.02    0.06    0.41 ^ clkbuf_5_5_0_soc_clk_i/X (sg13g2_buf_16)
                                         clknet_5_5_0_soc_clk_i (net)
                  0.02    0.00    0.41 ^ clkbuf_7_21__f_soc_clk_i/A (sg13g2_buf_8)
     6    0.15    0.06    0.08    0.49 ^ clkbuf_7_21__f_soc_clk_i/X (sg13g2_buf_8)
                                         clknet_7_21__leaf_soc_clk_i (net)
                  0.06    0.00    0.49 ^ clkbuf_leaf_709_soc_clk_i/A (sg13g2_buf_16)
     5    0.03    0.02    0.06    0.55 ^ clkbuf_leaf_709_soc_clk_i/X (sg13g2_buf_16)
                                         clknet_leaf_709_soc_clk_i (net)
                  0.02    0.00    0.55 ^ i_croc_soc/i_rstgen.i_rstgen_bypass.synch_regs_q_3__reg/CLK (sg13g2_dfrbp_1)
     2    0.01    0.03    0.14    0.69 ^ i_croc_soc/i_rstgen.i_rstgen_bypass.synch_regs_q_3__reg/Q (sg13g2_dfrbp_1)
                                         i_croc_soc/i_rstgen.i_rstgen_bypass.synch_regs_q_3_ (net)
                  0.03    0.00    0.69 ^ i_croc_soc/i_rstgen.i_rstgen_bypass.i_tc_clk_mux2_rst_no/i_mux/A0 (sg13g2_mux2_1)
     1    0.01    0.04    0.07    0.77 ^ i_croc_soc/i_rstgen.i_rstgen_bypass.i_tc_clk_mux2_rst_no/i_mux/X (sg13g2_mux2_1)
                                         i_croc_soc/i_rstgen.i_rstgen_bypass.rst_no (net)
                  0.04    0.00    0.77 ^ fanout4728/A (sg13g2_buf_8)
     4    0.15    0.05    0.07    0.84 ^ fanout4728/X (sg13g2_buf_8)
                                         net4728 (net)
                  0.06    0.01    0.85 ^ fanout4182/A (sg13g2_buf_4)
     4    0.07    0.06    0.10    0.95 ^ fanout4182/X (sg13g2_buf_4)
                                         net4182 (net)
                  0.06    0.00    0.95 ^ i_croc_soc/i_croc/i_dmi_jtag/i_dmi_cdc.i_cdc_req/i_cdc_reset_ctrlr/i_cdc_reset_ctrlr_half_b/receiver_phase_q_0__reg/RESET_B (sg13g2_dfrbp_1)
                                  0.95   data arrival time

                          0.00    0.00   clock clk_sys (rise edge)
                          0.00    0.00   clock source latency
     1    0.24    0.26    0.03    0.03 ^ clk_i (in)
                                         clk_i (net)
                  0.26    0.00    0.03 ^ pad_clk_i/pad (sg13g2_IOPadIn)
     1    0.11    0.13    0.08    0.11 ^ pad_clk_i/p2c (sg13g2_IOPadIn)
                                         soc_clk_i (net)
                  0.12    0.03    0.14 ^ clkbuf_0_soc_clk_i/A (sg13g2_buf_8)
     4    0.14    0.06    0.11    0.25 ^ clkbuf_0_soc_clk_i/X (sg13g2_buf_8)
                                         clknet_0_soc_clk_i (net)
                  0.06    0.01    0.26 ^ clkbuf_2_2_0_soc_clk_i/A (sg13g2_buf_16)
     8    0.25    0.05    0.07    0.33 ^ clkbuf_2_2_0_soc_clk_i/X (sg13g2_buf_16)
                                         clknet_2_2_0_soc_clk_i (net)
                  0.08    0.03    0.36 ^ clkbuf_5_16_0_soc_clk_i/A (sg13g2_buf_16)
     4    0.06    0.02    0.07    0.43 ^ clkbuf_5_16_0_soc_clk_i/X (sg13g2_buf_16)
                                         clknet_5_16_0_soc_clk_i (net)
                  0.02    0.00    0.43 ^ clkbuf_7_64__f_soc_clk_i/A (sg13g2_buf_8)
     6    0.14    0.05    0.08    0.51 ^ clkbuf_7_64__f_soc_clk_i/X (sg13g2_buf_8)
                                         clknet_7_64__leaf_soc_clk_i (net)
                  0.05    0.00    0.51 ^ clkbuf_leaf_1_soc_clk_i/A (sg13g2_buf_16)
     6    0.03    0.02    0.06    0.57 ^ clkbuf_leaf_1_soc_clk_i/X (sg13g2_buf_16)
                                         clknet_leaf_1_soc_clk_i (net)
                  0.02    0.00    0.57 ^ i_croc_soc/i_croc/i_dmi_jtag/i_dmi_cdc.i_cdc_req/i_cdc_reset_ctrlr/i_cdc_reset_ctrlr_half_b/receiver_phase_q_0__reg/CLK (sg13g2_dfrbp_1)
                          0.10    0.67   clock uncertainty
                          0.00    0.66   clock reconvergence pessimism
                         -0.07    0.59   library removal time
                                  0.59   data required time
-----------------------------------------------------------------------------
                                  0.59   data required time
                                 -0.95   data arrival time
-----------------------------------------------------------------------------
                                  0.36   slack (MET)


Startpoint: i_croc_soc/i_croc/i_dmi_jtag/i_dmi_cdc.i_cdc_req/i_cdc_reset_ctrlr/i_cdc_reset_ctrlr_half_a/i_state_transition_cdc_dst/i_sync/reg_q_0__reg
            (rising edge-triggered flip-flop clocked by clk_jtg)
Endpoint: i_croc_soc/i_croc/i_dmi_jtag/i_dmi_cdc.i_cdc_req/i_cdc_reset_ctrlr/i_cdc_reset_ctrlr_half_a/i_state_transition_cdc_dst/i_sync/serial_o_reg
          (rising edge-triggered flip-flop clocked by clk_jtg)
Path Group: clk_jtg
Path Type: min
Corner: ff

Fanout     Cap    Slew   Delay    Time   Description
-----------------------------------------------------------------------------
                          0.00    0.00   clock clk_jtg (rise edge)
                          0.00    0.00   clock source latency
     1    0.20    0.25    0.02    0.02 ^ jtag_tck_i (in)
                                         jtag_tck_i (net)
                  0.25    0.00    0.02 ^ pad_jtag_tck_i/pad (sg13g2_IOPadIn)
     1    0.08    0.11    0.08    0.10 ^ pad_jtag_tck_i/p2c (sg13g2_IOPadIn)
                                         soc_jtag_tck_i (net)
                  0.09    0.02    0.11 ^ clkbuf_0_soc_jtag_tck_i/A (sg13g2_buf_8)
     8    0.11    0.05    0.10    0.21 ^ clkbuf_0_soc_jtag_tck_i/X (sg13g2_buf_8)
                                         clknet_0_soc_jtag_tck_i (net)
                  0.05    0.00    0.21 ^ clkbuf_3_4__f_soc_jtag_tck_i/A (sg13g2_buf_8)
     7    0.15    0.06    0.09    0.30 ^ clkbuf_3_4__f_soc_jtag_tck_i/X (sg13g2_buf_8)
                                         clknet_3_4__leaf_soc_jtag_tck_i (net)
                  0.06    0.00    0.30 ^ clkbuf_leaf_9_soc_jtag_tck_i/A (sg13g2_buf_16)
     6    0.03    0.02    0.06    0.36 ^ clkbuf_leaf_9_soc_jtag_tck_i/X (sg13g2_buf_16)
                                         clknet_leaf_9_soc_jtag_tck_i (net)
                  0.02    0.00    0.36 ^ i_croc_soc/i_croc/i_dmi_jtag/i_dmi_cdc.i_cdc_req/i_cdc_reset_ctrlr/i_cdc_reset_ctrlr_half_a/i_state_transition_cdc_dst/i_sync/reg_q_0__reg/CLK (sg13g2_dfrbp_1)
     1    0.00    0.01    0.13    0.49 v i_croc_soc/i_croc/i_dmi_jtag/i_dmi_cdc.i_cdc_req/i_cdc_reset_ctrlr/i_cdc_reset_ctrlr_half_a/i_state_transition_cdc_dst/i_sync/reg_q_0__reg/Q (sg13g2_dfrbp_1)
                                         i_croc_soc/i_croc/i_dmi_jtag/i_dmi_cdc.i_cdc_req/i_cdc_reset_ctrlr/i_cdc_reset_ctrlr_half_a/i_state_transition_cdc_dst/i_sync/reg_q_0_ (net)
                  0.01    0.00    0.49 v i_croc_soc/i_croc/i_dmi_jtag/i_dmi_cdc.i_cdc_req/i_cdc_reset_ctrlr/i_cdc_reset_ctrlr_half_a/i_state_transition_cdc_dst/i_sync/serial_o_reg/D (sg13g2_dfrbp_1)
                                  0.49   data arrival time

                          0.00    0.00   clock clk_jtg (rise edge)
                          0.00    0.00   clock source latency
     1    0.24    0.26    0.03    0.03 ^ jtag_tck_i (in)
                                         jtag_tck_i (net)
                  0.26    0.00    0.03 ^ pad_jtag_tck_i/pad (sg13g2_IOPadIn)
     1    0.08    0.11    0.08    0.10 ^ pad_jtag_tck_i/p2c (sg13g2_IOPadIn)
                                         soc_jtag_tck_i (net)
                  0.09    0.02    0.12 ^ clkbuf_0_soc_jtag_tck_i/A (sg13g2_buf_8)
     8    0.11    0.05    0.10    0.22 ^ clkbuf_0_soc_jtag_tck_i/X (sg13g2_buf_8)
                                         clknet_0_soc_jtag_tck_i (net)
                  0.05    0.00    0.22 ^ clkbuf_3_4__f_soc_jtag_tck_i/A (sg13g2_buf_8)
     7    0.15    0.06    0.09    0.31 ^ clkbuf_3_4__f_soc_jtag_tck_i/X (sg13g2_buf_8)
                                         clknet_3_4__leaf_soc_jtag_tck_i (net)
                  0.06    0.00    0.31 ^ clkbuf_leaf_9_soc_jtag_tck_i/A (sg13g2_buf_16)
     6    0.03    0.02    0.06    0.37 ^ clkbuf_leaf_9_soc_jtag_tck_i/X (sg13g2_buf_16)
                                         clknet_leaf_9_soc_jtag_tck_i (net)
                  0.02    0.00    0.37 ^ i_croc_soc/i_croc/i_dmi_jtag/i_dmi_cdc.i_cdc_req/i_cdc_reset_ctrlr/i_cdc_reset_ctrlr_half_a/i_state_transition_cdc_dst/i_sync/serial_o_reg/CLK (sg13g2_dfrbp_1)
                          0.10    0.47   clock uncertainty
                          0.00    0.46   clock reconvergence pessimism
                         -0.02    0.44   library hold time
                                  0.44   data required time
-----------------------------------------------------------------------------
                                  0.44   data required time
                                 -0.49   data arrival time
-----------------------------------------------------------------------------
                                  0.05   slack (MET)


Startpoint: i_croc_soc/i_croc/i_main_xbar.gen_mux[3].i_mux.i_rr_arb.gen_arbiter.rr_q_1__reg
            (rising edge-triggered flip-flop clocked by clk_sys)
Endpoint: i_croc_soc/i_croc/gen_sram_bank[1].i_sram/gen_512x32xBx1.i_cut
          (rising edge-triggered flip-flop clocked by clk_sys)
Path Group: clk_sys
Path Type: min
Corner: ff

Fanout     Cap    Slew   Delay    Time   Description
-----------------------------------------------------------------------------
                          0.00    0.00   clock clk_sys (rise edge)
                          0.00    0.00   clock source latency
     1    0.20    0.25    0.02    0.02 ^ clk_i (in)
                                         clk_i (net)
                  0.25    0.00    0.02 ^ pad_clk_i/pad (sg13g2_IOPadIn)
     1    0.11    0.13    0.08    0.11 ^ pad_clk_i/p2c (sg13g2_IOPadIn)
                                         soc_clk_i (net)
                  0.12    0.03    0.14 ^ clkbuf_0_soc_clk_i/A (sg13g2_buf_8)
     4    0.14    0.06    0.11    0.24 ^ clkbuf_0_soc_clk_i/X (sg13g2_buf_8)
                                         clknet_0_soc_clk_i (net)
                  0.06    0.01    0.25 ^ clkbuf_2_3_0_soc_clk_i/A (sg13g2_buf_16)
     8    0.24    0.04    0.07    0.33 ^ clkbuf_2_3_0_soc_clk_i/X (sg13g2_buf_16)
                                         clknet_2_3_0_soc_clk_i (net)
                  0.04    0.00    0.33 ^ clkbuf_5_28_0_soc_clk_i/A (sg13g2_buf_16)
     4    0.06    0.02    0.06    0.38 ^ clkbuf_5_28_0_soc_clk_i/X (sg13g2_buf_16)
                                         clknet_5_28_0_soc_clk_i (net)
                  0.02    0.00    0.39 ^ clkbuf_7_112__f_soc_clk_i/A (sg13g2_buf_8)
     6    0.14    0.05    0.07    0.46 ^ clkbuf_7_112__f_soc_clk_i/X (sg13g2_buf_8)
                                         clknet_7_112__leaf_soc_clk_i (net)
                  0.05    0.00    0.46 ^ clkbuf_leaf_278_soc_clk_i/A (sg13g2_buf_16)
     7    0.03    0.02    0.06    0.52 ^ clkbuf_leaf_278_soc_clk_i/X (sg13g2_buf_16)
                                         clknet_leaf_278_soc_clk_i (net)
                  0.02    0.00    0.52 ^ i_croc_soc/i_croc/i_main_xbar.gen_mux[3].i_mux.i_rr_arb.gen_arbiter.rr_q_1__reg/CLK (sg13g2_dfrbp_2)
     8    0.03    0.04    0.16    0.68 v i_croc_soc/i_croc/i_main_xbar.gen_mux[3].i_mux.i_rr_arb.gen_arbiter.rr_q_1__reg/Q (sg13g2_dfrbp_2)
                                         i_croc_soc/i_croc/i_main_xbar.gen_mux[3].i_mux.i_rr_arb.gen_arbiter.rr_q_1_ (net)
                  0.04    0.00    0.68 v i_croc_soc/i_croc/_06917_/A (sg13g2_nand2_1)
     2    0.01    0.03    0.03    0.72 ^ i_croc_soc/i_croc/_06917_/Y (sg13g2_nand2_1)
                                         i_croc_soc/i_croc/_01899_ (net)
                  0.03    0.00    0.72 ^ i_croc_soc/i_croc/_06918_/B (sg13g2_nand2_1)
     1    0.00    0.03    0.04    0.76 v i_croc_soc/i_croc/_06918_/Y (sg13g2_nand2_1)
                                         i_croc_soc/i_croc/_01900_ (net)
                  0.03    0.00    0.76 v fanout2233/A (sg13g2_buf_4)
     5    0.03    0.03    0.06    0.82 v fanout2233/X (sg13g2_buf_4)
                                         net2233 (net)
                  0.03    0.00    0.82 v i_croc_soc/i_croc/_07023_/B1 (sg13g2_a21oi_1)
     1    0.00    0.03    0.04    0.85 ^ i_croc_soc/i_croc/_07023_/Y (sg13g2_a21oi_1)
                                         i_croc_soc/i_croc/_01990_ (net)
                  0.03    0.00    0.85 ^ i_croc_soc/i_croc/_07025_/A_N (sg13g2_nand2b_2)
     2    0.04    0.06    0.09    0.94 ^ i_croc_soc/i_croc/_07025_/Y (sg13g2_nand2b_2)
                                         i_croc_soc/i_croc/all_sbr_obi_req_241_ (net)
                  0.08    0.00    0.94 ^ i_croc_soc/i_croc/gen_sram_bank[1].i_sram/gen_512x32xBx1.i_cut/A_DIN[29] (RM_IHPSG13_1P_256x64_c2_bm_bist)
                                  0.94   data arrival time

                          0.00    0.00   clock clk_sys (rise edge)
                          0.00    0.00   clock source latency
     1    0.24    0.26    0.03    0.03 ^ clk_i (in)
                                         clk_i (net)
                  0.26    0.00    0.03 ^ pad_clk_i/pad (sg13g2_IOPadIn)
     1    0.11    0.13    0.08    0.11 ^ pad_clk_i/p2c (sg13g2_IOPadIn)
                                         soc_clk_i (net)
                  0.12    0.03    0.14 ^ clkbuf_0_soc_clk_i/A (sg13g2_buf_8)
     4    0.14    0.06    0.11    0.25 ^ clkbuf_0_soc_clk_i/X (sg13g2_buf_8)
                                         clknet_0_soc_clk_i (net)
                  0.06    0.01    0.26 ^ clkbuf_2_3_0_soc_clk_i/A (sg13g2_buf_16)
     8    0.24    0.04    0.07    0.33 ^ clkbuf_2_3_0_soc_clk_i/X (sg13g2_buf_16)
                                         clknet_2_3_0_soc_clk_i (net)
                  0.06    0.02    0.35 ^ clkbuf_5_30_0_soc_clk_i/A (sg13g2_buf_16)
     4    0.06    0.02    0.06    0.41 ^ clkbuf_5_30_0_soc_clk_i/X (sg13g2_buf_16)
                                         clknet_5_30_0_soc_clk_i (net)
                  0.02    0.00    0.41 ^ clkbuf_7_121__f_soc_clk_i/A (sg13g2_buf_8)
     6    0.14    0.05    0.08    0.49 ^ clkbuf_7_121__f_soc_clk_i/X (sg13g2_buf_8)
                                         clknet_7_121__leaf_soc_clk_i (net)
                  0.05    0.00    0.49 ^ clkbuf_leaf_224_soc_clk_i/A (sg13g2_buf_16)
     5    0.03    0.02    0.06    0.55 ^ clkbuf_leaf_224_soc_clk_i/X (sg13g2_buf_16)
                                         clknet_leaf_224_soc_clk_i (net)
                  0.02    0.00    0.55 ^ i_croc_soc/i_croc/gen_sram_bank[1].i_sram/gen_512x32xBx1.i_cut/A_CLK (RM_IHPSG13_1P_256x64_c2_bm_bist)
                          0.10    0.65   clock uncertainty
                          0.00    0.65   clock reconvergence pessimism
                          0.35    1.00   library hold time
                                  1.00   data required time
-----------------------------------------------------------------------------
                                  1.00   data required time
                                 -0.94   data arrival time
-----------------------------------------------------------------------------
                                 -0.05   slack (VIOLATED)



==========================================================================
04_croc.cts report_checks -path_delay max
--------------------------------------------------------------------------
Startpoint: i_croc_soc/i_rstgen.i_rstgen_bypass.synch_regs_q_3__reg
            (rising edge-triggered flip-flop clocked by clk_sys)
Endpoint: i_croc_soc/i_croc/i_gpio/i_reg_file.new_reg_94__reg
          (recovery check against rising-edge clock clk_sys)
Path Group: asynchronous
Path Type: max
Corner: tt

Fanout     Cap    Slew   Delay    Time   Description
-----------------------------------------------------------------------------
                          0.00    0.00   clock clk_sys (rise edge)
                          0.00    0.00   clock source latency
     1    0.24    0.35    0.04    0.04 ^ clk_i (in)
                                         clk_i (net)
                  0.35    0.00    0.04 ^ pad_clk_i/pad (sg13g2_IOPadIn)
     1    0.11    0.20    0.14    0.17 ^ pad_clk_i/p2c (sg13g2_IOPadIn)
                                         soc_clk_i (net)
                  0.16    0.03    0.20 ^ clkbuf_0_soc_clk_i/A (sg13g2_buf_8)
     4    0.14    0.09    0.17    0.37 ^ clkbuf_0_soc_clk_i/X (sg13g2_buf_8)
                                         clknet_0_soc_clk_i (net)
                  0.09    0.01    0.38 ^ clkbuf_2_0_0_soc_clk_i/A (sg13g2_buf_16)
     8    0.22    0.07    0.13    0.50 ^ clkbuf_2_0_0_soc_clk_i/X (sg13g2_buf_16)
                                         clknet_2_0_0_soc_clk_i (net)
                  0.07    0.01    0.52 ^ clkbuf_5_5_0_soc_clk_i/A (sg13g2_buf_16)
     4    0.06    0.03    0.09    0.61 ^ clkbuf_5_5_0_soc_clk_i/X (sg13g2_buf_16)
                                         clknet_5_5_0_soc_clk_i (net)
                  0.03    0.00    0.61 ^ clkbuf_7_21__f_soc_clk_i/A (sg13g2_buf_8)
     6    0.14    0.08    0.11    0.73 ^ clkbuf_7_21__f_soc_clk_i/X (sg13g2_buf_8)
                                         clknet_7_21__leaf_soc_clk_i (net)
                  0.08    0.00    0.73 ^ clkbuf_leaf_709_soc_clk_i/A (sg13g2_buf_16)
     5    0.03    0.02    0.09    0.82 ^ clkbuf_leaf_709_soc_clk_i/X (sg13g2_buf_16)
                                         clknet_leaf_709_soc_clk_i (net)
                  0.02    0.00    0.82 ^ i_croc_soc/i_rstgen.i_rstgen_bypass.synch_regs_q_3__reg/CLK (sg13g2_dfrbp_1)
     2    0.01    0.05    0.22    1.04 ^ i_croc_soc/i_rstgen.i_rstgen_bypass.synch_regs_q_3__reg/Q (sg13g2_dfrbp_1)
                                         i_croc_soc/i_rstgen.i_rstgen_bypass.synch_regs_q_3_ (net)
                  0.05    0.00    1.04 ^ i_croc_soc/i_rstgen.i_rstgen_bypass.i_tc_clk_mux2_rst_no/i_mux/A0 (sg13g2_mux2_1)
     1    0.01    0.05    0.11    1.15 ^ i_croc_soc/i_rstgen.i_rstgen_bypass.i_tc_clk_mux2_rst_no/i_mux/X (sg13g2_mux2_1)
                                         i_croc_soc/i_rstgen.i_rstgen_bypass.rst_no (net)
                  0.05    0.00    1.15 ^ fanout4728/A (sg13g2_buf_8)
     4    0.15    0.09    0.11    1.27 ^ fanout4728/X (sg13g2_buf_8)
                                         net4728 (net)
                  0.10    0.03    1.29 ^ fanout4727/A (sg13g2_buf_16)
     5    0.15    0.05    0.12    1.41 ^ fanout4727/X (sg13g2_buf_16)
                                         net4727 (net)
                  0.07    0.02    1.43 ^ fanout4721/A (sg13g2_buf_4)
     7    0.07    0.08    0.15    1.59 ^ fanout4721/X (sg13g2_buf_4)
                                         net4721 (net)
                  0.08    0.00    1.59 ^ fanout4720/A (sg13g2_buf_4)
     5    0.03    0.05    0.13    1.72 ^ fanout4720/X (sg13g2_buf_4)
                                         net4720 (net)
                  0.05    0.00    1.72 ^ fanout4701/A (sg13g2_buf_2)
     4    0.02    0.05    0.10    1.82 ^ fanout4701/X (sg13g2_buf_2)
                                         net4701 (net)
                  0.05    0.00    1.82 ^ fanout4700/A (sg13g2_buf_2)
     5    0.09    0.19    0.20    2.02 ^ fanout4700/X (sg13g2_buf_2)
                                         net4700 (net)
                  0.19    0.00    2.02 ^ fanout4696/A (sg13g2_buf_4)
     8    0.11    0.12    0.23    2.25 ^ fanout4696/X (sg13g2_buf_4)
                                         net4696 (net)
                  0.12    0.00    2.25 ^ fanout4695/A (sg13g2_buf_4)
     8    0.12    0.13    0.21    2.46 ^ fanout4695/X (sg13g2_buf_4)
                                         net4695 (net)
                  0.13    0.02    2.48 ^ i_croc_soc/i_croc/i_gpio/i_reg_file.new_reg_94__reg/RESET_B (sg13g2_dfrbp_1)
                                  2.48   data arrival time

                         12.50   12.50   clock clk_sys (rise edge)
                          0.00   12.50   clock source latency
     1    0.20    0.34    0.03   12.53 ^ clk_i (in)
                                         clk_i (net)
                  0.34    0.00   12.53 ^ pad_clk_i/pad (sg13g2_IOPadIn)
     1    0.11    0.20    0.14   12.66 ^ pad_clk_i/p2c (sg13g2_IOPadIn)
                                         soc_clk_i (net)
                  0.16    0.03   12.70 ^ clkbuf_0_soc_clk_i/A (sg13g2_buf_8)
     4    0.14    0.09    0.17   12.86 ^ clkbuf_0_soc_clk_i/X (sg13g2_buf_8)
                                         clknet_0_soc_clk_i (net)
                  0.09    0.01   12.87 ^ clkbuf_2_1_0_soc_clk_i/A (sg13g2_buf_16)
     8    0.23    0.07    0.12   13.00 ^ clkbuf_2_1_0_soc_clk_i/X (sg13g2_buf_16)
                                         clknet_2_1_0_soc_clk_i (net)
                  0.07    0.01   13.01 ^ clkbuf_5_8_0_soc_clk_i/A (sg13g2_buf_16)
     4    0.06    0.03    0.10   13.10 ^ clkbuf_5_8_0_soc_clk_i/X (sg13g2_buf_16)
                                         clknet_5_8_0_soc_clk_i (net)
                  0.03    0.00   13.10 ^ clkbuf_7_35__f_soc_clk_i/A (sg13g2_buf_8)
     6    0.12    0.07    0.11   13.21 ^ clkbuf_7_35__f_soc_clk_i/X (sg13g2_buf_8)
                                         clknet_7_35__leaf_soc_clk_i (net)
                  0.07    0.00   13.21 ^ clkbuf_leaf_452_soc_clk_i/A (sg13g2_buf_16)
     5    0.02    0.02    0.09   13.30 ^ clkbuf_leaf_452_soc_clk_i/X (sg13g2_buf_16)
                                         clknet_leaf_452_soc_clk_i (net)
                  0.02    0.00   13.30 ^ i_croc_soc/i_croc/i_gpio/i_reg_file.new_reg_94__reg/CLK (sg13g2_dfrbp_1)
                         -0.10   13.20   clock uncertainty
                          0.01   13.20   clock reconvergence pessimism
                         -0.15   13.05   library recovery time
                                 13.05   data required time
-----------------------------------------------------------------------------
                                 13.05   data required time
                                 -2.48   data arrival time
-----------------------------------------------------------------------------
                                 10.58   slack (MET)


Startpoint: i_croc_soc/i_croc/i_dmi_jtag/i_dmi_cdc.i_cdc_req/i_dst/async_ack_o_reg
            (rising edge-triggered flip-flop clocked by clk_sys)
Endpoint: i_croc_soc/i_croc/i_dm_top.i_dm_top/i_dm_csrs.progbuf_o_162__reg
          (rising edge-triggered flip-flop clocked by clk_sys)
Path Group: path delay
Path Type: max
Corner: tt

Fanout     Cap    Slew   Delay    Time   Description
-----------------------------------------------------------------------------
                  0.02    0.00    0.00 ^ i_croc_soc/i_croc/i_dmi_jtag/i_dmi_cdc.i_cdc_req/i_dst/async_ack_o_reg/CLK (sg13g2_dfrbp_2)
     6    0.03    0.07    0.28    0.28 ^ i_croc_soc/i_croc/i_dmi_jtag/i_dmi_cdc.i_cdc_req/i_dst/async_ack_o_reg/Q (sg13g2_dfrbp_2)
                                         i_croc_soc/i_croc/i_dmi_jtag/i_dmi_cdc.i_cdc_req/async_ack (net)
                  0.07    0.00    0.28 ^ i_croc_soc/i_croc/i_dmi_jtag/i_dmi_cdc.i_cdc_req/i_dst/_199_/A (sg13g2_xor2_1)
     1    0.00    0.05    0.11    0.39 ^ i_croc_soc/i_croc/i_dmi_jtag/i_dmi_cdc.i_cdc_req/i_dst/_199_/X (sg13g2_xor2_1)
                                         i_croc_soc/i_croc/i_dmi_jtag/i_dmi_cdc.i_cdc_req/s_dst_valid (net)
                  0.05    0.00    0.39 ^ i_croc_soc/i_croc/i_dmi_jtag/i_dmi_cdc.i_cdc_req/_5_/B_N (sg13g2_nor2b_2)
     5    0.02    0.13    0.16    0.55 ^ i_croc_soc/i_croc/i_dmi_jtag/i_dmi_cdc.i_cdc_req/_5_/Y (sg13g2_nor2b_2)
                                         i_croc_soc/i_croc/dmi_req_valid (net)
                  0.13    0.00    0.55 ^ i_croc_soc/i_croc/i_dm_top.i_dm_top/_4879_/A (sg13g2_nand2_2)
     4    0.03    0.11    0.13    0.68 v i_croc_soc/i_croc/i_dm_top.i_dm_top/_4879_/Y (sg13g2_nand2_2)
                                         i_croc_soc/i_croc/i_dm_top.i_dm_top/_0600_ (net)
                  0.11    0.00    0.68 v i_croc_soc/i_croc/i_dm_top.i_dm_top/_4891_/A (sg13g2_or2_1)
     2    0.01    0.04    0.15    0.83 v i_croc_soc/i_croc/i_dm_top.i_dm_top/_4891_/X (sg13g2_or2_1)
                                         i_croc_soc/i_croc/i_dm_top.i_dm_top/_0611_ (net)
                  0.04    0.00    0.83 v fanout3217/A (sg13g2_buf_4)
     8    0.05    0.05    0.10    0.93 v fanout3217/X (sg13g2_buf_4)
                                         net3217 (net)
                  0.05    0.00    0.93 v i_croc_soc/i_croc/i_dm_top.i_dm_top/_4896_/A (sg13g2_nor2_2)
     7    0.04    0.20    0.18    1.11 ^ i_croc_soc/i_croc/i_dm_top.i_dm_top/_4896_/Y (sg13g2_nor2_2)
                                         i_croc_soc/i_croc/i_dm_top.i_dm_top/_0616_ (net)
                  0.20    0.00    1.11 ^ i_croc_soc/i_croc/i_dm_top.i_dm_top/_6537_/A1 (sg13g2_a21oi_2)
     8    0.04    0.17    0.21    1.32 v i_croc_soc/i_croc/i_dm_top.i_dm_top/_6537_/Y (sg13g2_a21oi_2)
                                         i_croc_soc/i_croc/i_dm_top.i_dm_top/_2038_ (net)
                  0.17    0.00    1.32 v i_croc_soc/i_croc/i_dm_top.i_dm_top/_6771_/A (sg13g2_nor2_1)
     1    0.00    0.07    0.10    1.42 ^ i_croc_soc/i_croc/i_dm_top.i_dm_top/_6771_/Y (sg13g2_nor2_1)
                                         i_croc_soc/i_croc/i_dm_top.i_dm_top/_2205_ (net)
                  0.07    0.00    1.42 ^ fanout2909/A (sg13g2_buf_4)
     6    0.04    0.06    0.13    1.55 ^ fanout2909/X (sg13g2_buf_4)
                                         net2909 (net)
                  0.06    0.00    1.55 ^ fanout2908/A (sg13g2_buf_4)
     8    0.05    0.06    0.13    1.68 ^ fanout2908/X (sg13g2_buf_4)
                                         net2908 (net)
                  0.06    0.00    1.68 ^ fanout2906/A (sg13g2_buf_4)
     8    0.04    0.05    0.12    1.81 ^ fanout2906/X (sg13g2_buf_4)
                                         net2906 (net)
                  0.05    0.00    1.81 ^ fanout2905/A (sg13g2_buf_2)
     8    0.04    0.09    0.13    1.94 ^ fanout2905/X (sg13g2_buf_2)
                                         net2905 (net)
                  0.09    0.00    1.94 ^ i_croc_soc/i_croc/i_dm_top.i_dm_top/_6782_/C (sg13g2_nand3_1)
     1    0.00    0.06    0.10    2.03 v i_croc_soc/i_croc/i_dm_top.i_dm_top/_6782_/Y (sg13g2_nand3_1)
                                         i_croc_soc/i_croc/i_dm_top.i_dm_top/_2214_ (net)
                  0.06    0.00    2.03 v i_croc_soc/i_croc/i_dm_top.i_dm_top/_6783_/B1 (sg13g2_o21ai_1)
     1    0.00    0.07    0.05    2.08 ^ i_croc_soc/i_croc/i_dm_top.i_dm_top/_6783_/Y (sg13g2_o21ai_1)
                                         i_croc_soc/i_croc/i_dm_top.i_dm_top/_0251_ (net)
                  0.07    0.00    2.08 ^ i_croc_soc/i_croc/i_dm_top.i_dm_top/i_dm_csrs.progbuf_o_162__reg/D (sg13g2_dfrbp_1)
                                  2.08   data arrival time

                          4.38    4.38   max_delay
                         -0.13    4.25   library setup time
                                  4.25   data required time
-----------------------------------------------------------------------------
                                  4.25   data required time
                                 -2.08   data arrival time
-----------------------------------------------------------------------------
                                  2.17   slack (MET)


Startpoint: i_croc_soc/i_croc/i_dmi_jtag/td_o_reg
            (rising edge-triggered flip-flop clocked by clk_jtg')
Endpoint: jtag_tdo_o (output port clocked by clk_jtg)
Path Group: clk_jtg
Path Type: max
Corner: tt

Fanout     Cap    Slew   Delay    Time   Description
-----------------------------------------------------------------------------
                         10.00   10.00   clock clk_jtg' (rise edge)
                          0.00   10.00   clock source latency
     1    0.23    0.49    0.03   10.03 v jtag_tck_i (in)
                                         jtag_tck_i (net)
                  0.49    0.00   10.03 v pad_jtag_tck_i/pad (sg13g2_IOPadIn)
     1    0.08    0.20    0.67   10.70 v pad_jtag_tck_i/p2c (sg13g2_IOPadIn)
                                         soc_jtag_tck_i (net)
                  0.16    0.02   10.72 v clkbuf_0_soc_jtag_tck_i/A (sg13g2_buf_8)
     8    0.11    0.06    0.16   10.87 v clkbuf_0_soc_jtag_tck_i/X (sg13g2_buf_8)
                                         clknet_0_soc_jtag_tck_i (net)
                  0.06    0.00   10.87 v clkbuf_3_0__f_soc_jtag_tck_i/A (sg13g2_buf_8)
     7    0.14    0.07    0.13   11.01 v clkbuf_3_0__f_soc_jtag_tck_i/X (sg13g2_buf_8)
                                         clknet_3_0__leaf_soc_jtag_tck_i (net)
                  0.07    0.00   11.01 v clkbuf_leaf_47_soc_jtag_tck_i/A (sg13g2_buf_16)
     4    0.02    0.02    0.09   11.10 v clkbuf_leaf_47_soc_jtag_tck_i/X (sg13g2_buf_16)
                                         clknet_leaf_47_soc_jtag_tck_i (net)
                  0.02    0.00   11.10 v i_croc_soc/i_croc/i_dmi_jtag/i_dmi_jtag_tap.i_tck_inv/i_inv_5298/A (sg13g2_inv_1)
     1    0.00    0.02    0.03   11.13 ^ i_croc_soc/i_croc/i_dmi_jtag/i_dmi_jtag_tap.i_tck_inv/i_inv_5298/Y (sg13g2_inv_1)
                                         net5298 (net)
                  0.02    0.00   11.13 ^ i_croc_soc/i_croc/i_dmi_jtag/i_dmi_jtag_tap.i_dft_tck_mux/i_mux/A0 (sg13g2_mux2_1)
     1    0.01    0.05    0.10   11.23 ^ i_croc_soc/i_croc/i_dmi_jtag/i_dmi_jtag_tap.i_dft_tck_mux/i_mux/X (sg13g2_mux2_1)
                                         i_croc_soc/i_croc/i_dmi_jtag/i_dmi_jtag_tap.tck_n (net)
                  0.05    0.00   11.23 ^ clkbuf_0_i_croc_soc/i_croc/i_dmi_jtag/i_dmi_jtag_tap.tck_n/A (sg13g2_buf_8)
     2    0.02    0.03    0.08   11.31 ^ clkbuf_0_i_croc_soc/i_croc/i_dmi_jtag/i_dmi_jtag_tap.tck_n/X (sg13g2_buf_8)
                                         clknet_0_i_croc_soc/i_croc/i_dmi_jtag/i_dmi_jtag_tap.tck_n (net)
                  0.03    0.00   11.31 ^ clkbuf_1_1__f_i_croc_soc/i_croc/i_dmi_jtag/i_dmi_jtag_tap.tck_n/A (sg13g2_buf_8)
     1    0.01    0.02    0.06   11.37 ^ clkbuf_1_1__f_i_croc_soc/i_croc/i_dmi_jtag/i_dmi_jtag_tap.tck_n/X (sg13g2_buf_8)
                                         clknet_1_1__leaf_i_croc_soc/i_croc/i_dmi_jtag/i_dmi_jtag_tap.tck_n (net)
                  0.02    0.00   11.37 ^ i_croc_soc/i_croc/i_dmi_jtag/td_o_reg/CLK (sg13g2_dfrbp_2)
     1    0.15    0.30    0.41   11.78 ^ i_croc_soc/i_croc/i_dmi_jtag/td_o_reg/Q (sg13g2_dfrbp_2)
                                         soc_jtag_tdo_o (net)
                  0.42    0.05   11.83 ^ pad_jtag_tdo_o/c2p (sg13g2_IOPadOut16mA)
     1   15.00    3.55    3.30   15.13 ^ pad_jtag_tdo_o/pad (sg13g2_IOPadOut16mA)
                                         jtag_tdo_o (net)
                  2.66    0.00   15.13 ^ jtag_tdo_o (out)
                                 15.13   data arrival time

                         20.00   20.00   clock clk_jtg (rise edge)
                          0.00   20.00   clock network delay (propagated)
                         -0.10   19.90   clock uncertainty
                          0.00   19.90   clock reconvergence pessimism
                         -5.00   14.90   output external delay
                                 14.90   data required time
-----------------------------------------------------------------------------
                                 14.90   data required time
                                -15.13   data arrival time
-----------------------------------------------------------------------------
                                 -0.23   slack (VIOLATED)


Startpoint: i_croc_soc/i_croc/i_core_wrap/i_ibex.id_stage_i.controller_i.instr_i_15__reg
            (rising edge-triggered flip-flop clocked by clk_sys)
Endpoint: i_croc_soc/i_croc/i_core_wrap/i_ibex.crash_dump_o_93__reg
          (rising edge-triggered flip-flop clocked by clk_sys)
Path Group: clk_sys
Path Type: max
Corner: tt

Fanout     Cap    Slew   Delay    Time   Description
-----------------------------------------------------------------------------
                          0.00    0.00   clock clk_sys (rise edge)
                          0.00    0.00   clock source latency
     1    0.24    0.35    0.04    0.04 ^ clk_i (in)
                                         clk_i (net)
                  0.35    0.00    0.04 ^ pad_clk_i/pad (sg13g2_IOPadIn)
     1    0.11    0.20    0.14    0.17 ^ pad_clk_i/p2c (sg13g2_IOPadIn)
                                         soc_clk_i (net)
                  0.16    0.03    0.20 ^ clkbuf_0_soc_clk_i/A (sg13g2_buf_8)
     4    0.14    0.09    0.17    0.37 ^ clkbuf_0_soc_clk_i/X (sg13g2_buf_8)
                                         clknet_0_soc_clk_i (net)
                  0.09    0.01    0.38 ^ clkbuf_2_3_0_soc_clk_i/A (sg13g2_buf_16)
     8    0.23    0.06    0.12    0.49 ^ clkbuf_2_3_0_soc_clk_i/X (sg13g2_buf_16)
                                         clknet_2_3_0_soc_clk_i (net)
                  0.10    0.04    0.53 ^ clkbuf_5_25_0_soc_clk_i/A (sg13g2_buf_16)
     4    0.06    0.03    0.11    0.64 ^ clkbuf_5_25_0_soc_clk_i/X (sg13g2_buf_16)
                                         clknet_5_25_0_soc_clk_i (net)
                  0.03    0.00    0.64 ^ clkbuf_7_101__f_soc_clk_i/A (sg13g2_buf_8)
     6    0.13    0.07    0.11    0.75 ^ clkbuf_7_101__f_soc_clk_i/X (sg13g2_buf_8)
                                         clknet_7_101__leaf_soc_clk_i (net)
                  0.07    0.00    0.75 ^ clkbuf_leaf_306_soc_clk_i/A (sg13g2_buf_16)
     8    0.03    0.02    0.09    0.84 ^ clkbuf_leaf_306_soc_clk_i/X (sg13g2_buf_16)
                                         clknet_leaf_306_soc_clk_i (net)
                  0.02    0.00    0.84 ^ i_croc_soc/i_croc/i_core_wrap/i_ibex.id_stage_i.controller_i.instr_i_15__reg/CLK (sg13g2_dfrbp_2)
     2    0.04    0.09    0.29    1.13 ^ i_croc_soc/i_croc/i_core_wrap/i_ibex.id_stage_i.controller_i.instr_i_15__reg/Q (sg13g2_dfrbp_2)
                                         i_croc_soc/i_croc/i_core_wrap/i_ibex.id_stage_i.controller_i.instr_i_15_ (net)
                  0.09    0.00    1.13 ^ fanout5218/A (sg13g2_buf_4)
     4    0.05    0.06    0.14    1.28 ^ fanout5218/X (sg13g2_buf_4)
                                         net5218 (net)
                  0.06    0.00    1.28 ^ fanout5217/A (sg13g2_buf_4)
     4    0.03    0.05    0.12    1.40 ^ fanout5217/X (sg13g2_buf_4)
                                         net5217 (net)
                  0.05    0.00    1.40 ^ fanout5203/A (sg13g2_buf_4)
     5    0.03    0.05    0.11    1.51 ^ fanout5203/X (sg13g2_buf_4)
                                         net5203 (net)
                  0.05    0.00    1.51 ^ fanout5199/A (sg13g2_buf_4)
     6    0.04    0.05    0.11    1.63 ^ fanout5199/X (sg13g2_buf_4)
                                         net5199 (net)
                  0.05    0.00    1.63 ^ fanout5198/A (sg13g2_buf_4)
     8    0.05    0.07    0.13    1.76 ^ fanout5198/X (sg13g2_buf_4)
                                         net5198 (net)
                  0.07    0.00    1.76 ^ i_croc_soc/i_croc/i_core_wrap/i_ibex.register_file_i/_4553_/S (sg13g2_mux2_1)
     1    0.00    0.04    0.17    1.92 v i_croc_soc/i_croc/i_core_wrap/i_ibex.register_file_i/_4553_/X (sg13g2_mux2_1)
                                         i_croc_soc/i_croc/i_core_wrap/i_ibex.register_file_i/_1498_ (net)
                  0.04    0.00    1.92 v i_croc_soc/i_croc/i_core_wrap/i_ibex.register_file_i/_4555_/A2 (sg13g2_a22oi_1)
     1    0.00    0.05    0.07    2.00 ^ i_croc_soc/i_croc/i_core_wrap/i_ibex.register_file_i/_4555_/Y (sg13g2_a22oi_1)
                                         i_croc_soc/i_croc/i_core_wrap/i_ibex.register_file_i/_1500_ (net)
                  0.05    0.00    2.00 ^ i_croc_soc/i_croc/i_core_wrap/i_ibex.register_file_i/_4557_/A2 (sg13g2_a21oi_1)
     1    0.01    0.07    0.09    2.09 v i_croc_soc/i_croc/i_core_wrap/i_ibex.register_file_i/_4557_/Y (sg13g2_a21oi_1)
                                         i_croc_soc/i_croc/i_core_wrap/i_ibex.register_file_i/_1502_ (net)
                  0.07    0.00    2.09 v i_croc_soc/i_croc/i_core_wrap/i_ibex.register_file_i/_4558_/C1 (sg13g2_a221oi_1)
     1    0.02    0.29    0.25    2.33 ^ i_croc_soc/i_croc/i_core_wrap/i_ibex.register_file_i/_4558_/Y (sg13g2_a221oi_1)
                                         i_croc_soc/i_croc/i_core_wrap/i_ibex.register_file_i/_1503_ (net)
                  0.29    0.00    2.34 ^ i_croc_soc/i_croc/i_core_wrap/i_ibex.register_file_i/_4559_/C (sg13g2_nand3_1)
     1    0.06    0.51    0.50    2.84 v i_croc_soc/i_croc/i_core_wrap/i_ibex.register_file_i/_4559_/Y (sg13g2_nand3_1)
                                         i_croc_soc/i_croc/i_core_wrap/i_ibex.ex_block_i.multdiv_operand_a_i_8_ (net)
                  0.51    0.01    2.85 v i_croc_soc/i_croc/i_core_wrap/_5616_/A0 (sg13g2_mux2_1)
     1    0.00    0.05    0.22    3.07 v i_croc_soc/i_croc/i_core_wrap/_5616_/X (sg13g2_mux2_1)
                                         i_croc_soc/i_croc/i_core_wrap/_0954_ (net)
                  0.05    0.00    3.07 v i_croc_soc/i_croc/i_core_wrap/_5617_/B (sg13g2_and2_1)
     1    0.00    0.02    0.08    3.15 v i_croc_soc/i_croc/i_core_wrap/_5617_/X (sg13g2_and2_1)
                                         i_croc_soc/i_croc/i_core_wrap/_0955_ (net)
                  0.02    0.00    3.15 v i_croc_soc/i_croc/i_core_wrap/_5618_/B1 (sg13g2_a21oi_1)
     1    0.00    0.06    0.06    3.21 ^ i_croc_soc/i_croc/i_core_wrap/_5618_/Y (sg13g2_a21oi_1)
                                         i_croc_soc/i_croc/i_core_wrap/_0956_ (net)
                  0.06    0.00    3.21 ^ fanout2961/A (sg13g2_buf_2)
     5    0.03    0.07    0.12    3.34 ^ fanout2961/X (sg13g2_buf_2)
                                         net2961 (net)
                  0.07    0.00    3.34 ^ fanout2960/A (sg13g2_buf_2)
     4    0.01    0.04    0.10    3.44 ^ fanout2960/X (sg13g2_buf_2)
                                         net2960 (net)
                  0.04    0.00    3.44 ^ fanout2959/A (sg13g2_buf_2)
     8    0.03    0.07    0.11    3.55 ^ fanout2959/X (sg13g2_buf_2)
                                         net2959 (net)
                  0.07    0.00    3.55 ^ fanout2958/A (sg13g2_buf_2)
     8    0.03    0.08    0.13    3.68 ^ fanout2958/X (sg13g2_buf_2)
                                         net2958 (net)
                  0.08    0.00    3.68 ^ fanout2957/A (sg13g2_buf_2)
     8    0.03    0.07    0.13    3.80 ^ fanout2957/X (sg13g2_buf_2)
                                         net2957 (net)
                  0.07    0.00    3.80 ^ i_croc_soc/i_croc/i_core_wrap/_5637_/A1 (sg13g2_o21ai_1)
     1    0.00    0.12    0.08    3.88 v i_croc_soc/i_croc/i_core_wrap/_5637_/Y (sg13g2_o21ai_1)
                                         i_croc_soc/i_croc/i_core_wrap/_0973_ (net)
                  0.12    0.00    3.88 v i_croc_soc/i_croc/i_core_wrap/_5638_/B1 (sg13g2_o21ai_1)
     1    0.00    0.09    0.07    3.96 ^ i_croc_soc/i_croc/i_core_wrap/_5638_/Y (sg13g2_o21ai_1)
                                         i_croc_soc/i_croc/i_core_wrap/_0974_ (net)
                  0.09    0.00    3.96 ^ i_croc_soc/i_croc/i_core_wrap/_5663_/A1 (sg13g2_a221oi_1)
     3    0.01    0.13    0.15    4.10 v i_croc_soc/i_croc/i_core_wrap/_5663_/Y (sg13g2_a221oi_1)
                                         i_croc_soc/i_croc/i_core_wrap/_0997_ (net)
                  0.13    0.00    4.10 v i_croc_soc/i_croc/i_core_wrap/_5664_/B (sg13g2_nand2_1)
     1    0.01    0.05    0.08    4.18 ^ i_croc_soc/i_croc/i_core_wrap/_5664_/Y (sg13g2_nand2_1)
                                         i_croc_soc/i_croc/i_core_wrap/_0998_ (net)
                  0.05    0.00    4.18 ^ i_croc_soc/i_croc/i_core_wrap/_5700_/A1 (sg13g2_a22oi_1)
     3    0.01    0.12    0.12    4.30 v i_croc_soc/i_croc/i_core_wrap/_5700_/Y (sg13g2_a22oi_1)
                                         i_croc_soc/i_croc/i_core_wrap/_1032_ (net)
                  0.12    0.00    4.30 v i_croc_soc/i_croc/i_core_wrap/_5859_/A (sg13g2_nor3_2)
     8    0.05    0.32    0.31    4.61 ^ i_croc_soc/i_croc/i_core_wrap/_5859_/Y (sg13g2_nor3_2)
                                         i_croc_soc/i_croc/i_core_wrap/_1186_ (net)
                  0.32    0.00    4.61 ^ i_croc_soc/i_croc/i_core_wrap/_6222_/A1 (sg13g2_o21ai_1)
     1    0.00    0.07    0.12    4.73 v i_croc_soc/i_croc/i_core_wrap/_6222_/Y (sg13g2_o21ai_1)
                                         i_croc_soc/i_croc/i_core_wrap/_1527_ (net)
                  0.07    0.00    4.73 v i_croc_soc/i_croc/i_core_wrap/_6223_/B_N (sg13g2_nor2b_1)
     2    0.01    0.06    0.11    4.84 v i_croc_soc/i_croc/i_core_wrap/_6223_/Y (sg13g2_nor2b_1)
                                         i_croc_soc/i_croc/i_core_wrap/_1528_ (net)
                  0.06    0.00    4.84 v fanout1031/A (sg13g2_buf_2)
     8    0.04    0.07    0.12    4.96 v fanout1031/X (sg13g2_buf_2)
                                         net1031 (net)
                  0.07    0.00    4.96 v i_croc_soc/i_croc/i_core_wrap/_6346_/A (sg13g2_xnor2_1)
     6    0.05    0.30    0.30    5.26 v i_croc_soc/i_croc/i_core_wrap/_6346_/Y (sg13g2_xnor2_1)
                                         i_croc_soc/i_croc/core_data_obi_req_63_ (net)
                  0.30    0.00    5.26 v i_croc_soc/i_croc/i_core_wrap/_7340_/A1 (sg13g2_a221oi_1)
     1    0.01    0.15    0.23    5.49 ^ i_croc_soc/i_croc/i_core_wrap/_7340_/Y (sg13g2_a221oi_1)
                                         i_croc_soc/i_croc/i_core_wrap/_2494_ (net)
                  0.15    0.00    5.49 ^ i_croc_soc/i_croc/i_core_wrap/_7342_/A (sg13g2_nor2_2)
     3    0.01    0.05    0.09    5.58 v i_croc_soc/i_croc/i_core_wrap/_7342_/Y (sg13g2_nor2_2)
                                         i_croc_soc/i_croc/i_core_wrap/_2496_ (net)
                  0.05    0.00    5.58 v i_croc_soc/i_croc/i_core_wrap/_8583_/B1 (sg13g2_a21o_1)
     3    0.01    0.06    0.14    5.72 v i_croc_soc/i_croc/i_core_wrap/_8583_/X (sg13g2_a21o_1)
                                         i_croc_soc/i_croc/i_core_wrap/_3583_ (net)
                  0.06    0.00    5.72 v i_croc_soc/i_croc/i_core_wrap/_8901_/A1 (sg13g2_mux2_2)
     4    0.02    0.06    0.17    5.89 v i_croc_soc/i_croc/i_core_wrap/_8901_/X (sg13g2_mux2_2)
                                         i_croc_soc/i_croc/core_instr_obi_req_63_ (net)
                  0.06    0.00    5.89 v i_croc_soc/i_croc/_05445_/A (sg13g2_nor4_1)
     1    0.00    0.13    0.17    6.05 ^ i_croc_soc/i_croc/_05445_/Y (sg13g2_nor4_1)
                                         i_croc_soc/i_croc/_00761_ (net)
                  0.13    0.00    6.05 ^ i_croc_soc/i_croc/_05446_/C (sg13g2_nand3_1)
     4    0.02    0.17    0.19    6.25 v i_croc_soc/i_croc/_05446_/Y (sg13g2_nand3_1)
                                         i_croc_soc/i_croc/_00762_ (net)
                  0.17    0.00    6.25 v i_croc_soc/i_croc/_05452_/A (sg13g2_nor3_2)
     5    0.02    0.19    0.22    6.46 ^ i_croc_soc/i_croc/_05452_/Y (sg13g2_nor3_2)
                                         i_croc_soc/i_croc/_00768_ (net)
                  0.19    0.00    6.46 ^ i_croc_soc/i_croc/_05453_/A (sg13g2_inv_1)
     3    0.01    0.08    0.11    6.57 v i_croc_soc/i_croc/_05453_/Y (sg13g2_inv_1)
                                         i_croc_soc/i_croc/_00769_ (net)
                  0.08    0.00    6.57 v i_croc_soc/i_croc/_05455_/B (sg13g2_and4_1)
     2    0.01    0.03    0.11    6.68 v i_croc_soc/i_croc/_05455_/X (sg13g2_and4_1)
                                         i_croc_soc/i_croc/_00771_ (net)
                  0.03    0.00    6.68 v i_croc_soc/i_croc/_05456_/B1 (sg13g2_o21ai_1)
     5    0.02    0.26    0.11    6.79 ^ i_croc_soc/i_croc/_05456_/Y (sg13g2_o21ai_1)
                                         i_croc_soc/i_croc/_00772_ (net)
                  0.26    0.00    6.79 ^ i_croc_soc/i_croc/_05457_/C (sg13g2_nor3_2)
     3    0.01    0.07    0.09    6.89 v i_croc_soc/i_croc/_05457_/Y (sg13g2_nor3_2)
                                         i_croc_soc/i_croc/_00773_ (net)
                  0.07    0.00    6.89 v i_croc_soc/i_croc/_05458_/D (sg13g2_nor4_2)
     3    0.01    0.17    0.15    7.04 ^ i_croc_soc/i_croc/_05458_/Y (sg13g2_nor4_2)
                                         i_croc_soc/i_croc/_00774_ (net)
                  0.17    0.00    7.04 ^ i_croc_soc/i_croc/_05587_/A_N (sg13g2_nand2b_1)
     3    0.01    0.07    0.14    7.18 ^ i_croc_soc/i_croc/_05587_/Y (sg13g2_nand2b_1)
                                         i_croc_soc/i_croc/_00903_ (net)
                  0.07    0.00    7.18 ^ i_croc_soc/i_croc/_05643_/A (sg13g2_nand2_2)
     2    0.01    0.04    0.06    7.24 v i_croc_soc/i_croc/_05643_/Y (sg13g2_nand2_2)
                                         i_croc_soc/i_croc/_00958_ (net)
                  0.04    0.00    7.24 v fanout2307/A (sg13g2_buf_2)
     4    0.02    0.04    0.09    7.33 v fanout2307/X (sg13g2_buf_2)
                                         net2307 (net)
                  0.04    0.00    7.33 v fanout2306/A (sg13g2_buf_2)
     7    0.03    0.06    0.11    7.44 v fanout2306/X (sg13g2_buf_2)
                                         net2306 (net)
                  0.06    0.00    7.44 v fanout2305/A (sg13g2_buf_2)
     8    0.03    0.06    0.12    7.56 v fanout2305/X (sg13g2_buf_2)
                                         net2305 (net)
                  0.06    0.00    7.56 v i_croc_soc/i_croc/_05650_/B2 (sg13g2_a221oi_1)
     3    0.01    0.17    0.19    7.75 ^ i_croc_soc/i_croc/_05650_/Y (sg13g2_a221oi_1)
                                         i_croc_soc/i_croc/_00965_ (net)
                  0.17    0.00    7.75 ^ i_croc_soc/i_croc/_05652_/D (sg13g2_nand4_1)
     3    0.01    0.16    0.20    7.95 v i_croc_soc/i_croc/_05652_/Y (sg13g2_nand4_1)
                                         i_croc_soc/i_croc/_00967_ (net)
                  0.16    0.00    7.95 v i_croc_soc/i_croc/_05676_/A2 (sg13g2_a21o_2)
     5    0.02    0.06    0.21    8.17 v i_croc_soc/i_croc/_05676_/X (sg13g2_a21o_2)
                                         i_croc_soc/i_croc/_00991_ (net)
                  0.06    0.00    8.17 v i_croc_soc/i_croc/_05677_/B (sg13g2_xnor2_1)
     1    0.01    0.08    0.09    8.25 ^ i_croc_soc/i_croc/_05677_/Y (sg13g2_xnor2_1)
                                         i_croc_soc/i_croc/_00992_ (net)
                  0.08    0.00    8.25 ^ i_croc_soc/i_croc/_05733_/A1 (sg13g2_o21ai_1)
     4    0.02    0.12    0.13    8.39 v i_croc_soc/i_croc/_05733_/Y (sg13g2_o21ai_1)
                                         i_croc_soc/i_croc/_01047_ (net)
                  0.12    0.00    8.39 v i_croc_soc/i_croc/_05734_/B (sg13g2_nand2_2)
     5    0.03    0.08    0.10    8.49 ^ i_croc_soc/i_croc/_05734_/Y (sg13g2_nand2_2)
                                         i_croc_soc/i_croc/_01048_ (net)
                  0.08    0.00    8.49 ^ i_croc_soc/i_croc/_06356_/B (sg13g2_nor2_1)
     2    0.01    0.04    0.06    8.54 v i_croc_soc/i_croc/_06356_/Y (sg13g2_nor2_1)
                                         i_croc_soc/i_croc/_01558_ (net)
                  0.04    0.00    8.54 v i_croc_soc/i_croc/_06357_/C (sg13g2_nand3_1)
     3    0.03    0.12    0.11    8.66 ^ i_croc_soc/i_croc/_06357_/Y (sg13g2_nand3_1)
                                         i_croc_soc/i_croc/_01559_ (net)
                  0.12    0.00    8.66 ^ fanout2183/A (sg13g2_buf_8)
     5    0.08    0.05    0.13    8.79 ^ fanout2183/X (sg13g2_buf_8)
                                         net2183 (net)
                  0.05    0.00    8.79 ^ fanout2182/A (sg13g2_buf_4)
     8    0.07    0.09    0.15    8.94 ^ fanout2182/X (sg13g2_buf_4)
                                         net2182 (net)
                  0.09    0.00    8.94 ^ fanout2181/A (sg13g2_buf_2)
     5    0.02    0.05    0.11    9.06 ^ fanout2181/X (sg13g2_buf_2)
                                         net2181 (net)
                  0.05    0.00    9.06 ^ fanout2180/A (sg13g2_buf_2)
     7    0.03    0.06    0.11    9.16 ^ fanout2180/X (sg13g2_buf_2)
                                         net2180 (net)
                  0.06    0.00    9.16 ^ i_croc_soc/i_croc/_06360_/B (sg13g2_nor2_2)
     3    0.02    0.06    0.07    9.23 v i_croc_soc/i_croc/_06360_/Y (sg13g2_nor2_2)
                                         i_croc_soc/i_croc/all_periph_obi_rsp_157_ (net)
                  0.06    0.00    9.23 v fanout2141/A (sg13g2_buf_2)
     7    0.02    0.05    0.11    9.34 v fanout2141/X (sg13g2_buf_2)
                                         net2141 (net)
                  0.05    0.00    9.34 v i_croc_soc/i_croc/i_gpio/_1354_/A (sg13g2_nand2_1)
     2    0.01    0.05    0.05    9.39 ^ i_croc_soc/i_croc/i_gpio/_1354_/Y (sg13g2_nand2_1)
                                         i_croc_soc/i_croc/i_gpio/_0150_ (net)
                  0.05    0.00    9.39 ^ i_croc_soc/i_croc/i_gpio/_1355_/B (sg13g2_nand3_1)
     1    0.00    0.06    0.08    9.47 v i_croc_soc/i_croc/i_gpio/_1355_/Y (sg13g2_nand3_1)
                                         i_croc_soc/i_croc/i_gpio/_0151_ (net)
                  0.06    0.00    9.47 v i_croc_soc/i_croc/i_gpio/_1356_/B1 (sg13g2_o21ai_1)
     1    0.00    0.09    0.05    9.52 ^ i_croc_soc/i_croc/i_gpio/_1356_/Y (sg13g2_o21ai_1)
                                         i_croc_soc/i_croc/all_periph_obi_rsp_159_ (net)
                  0.09    0.00    9.52 ^ i_croc_soc/i_croc/_07626_/A (sg13g2_inv_1)
     1    0.01    0.04    0.05    9.58 v i_croc_soc/i_croc/_07626_/Y (sg13g2_inv_1)
                                         i_croc_soc/i_croc/_02530_ (net)
                  0.04    0.00    9.58 v i_croc_soc/i_croc/_07628_/A2 (sg13g2_o21ai_1)
     1    0.00    0.08    0.08    9.66 ^ i_croc_soc/i_croc/_07628_/Y (sg13g2_o21ai_1)
                                         i_croc_soc/i_croc/_02532_ (net)
                  0.08    0.00    9.66 ^ i_croc_soc/i_croc/_07632_/A2 (sg13g2_a22oi_1)
     4    0.05    0.32    0.29    9.95 v i_croc_soc/i_croc/_07632_/Y (sg13g2_a22oi_1)
                                         i_croc_soc/i_croc/_02536_ (net)
                  0.32    0.01    9.96 v i_croc_soc/i_croc/_07912_/B (sg13g2_nor2_1)
     1    0.00    0.09    0.11   10.07 ^ i_croc_soc/i_croc/_07912_/Y (sg13g2_nor2_1)
                                         i_croc_soc/i_croc/_02783_ (net)
                  0.09    0.00   10.07 ^ i_croc_soc/i_croc/_07913_/C (sg13g2_nor3_1)
     1    0.01    0.05    0.07   10.13 v i_croc_soc/i_croc/_07913_/Y (sg13g2_nor3_1)
                                         i_croc_soc/i_croc/_02784_ (net)
                  0.05    0.00   10.13 v i_croc_soc/i_croc/_07914_/C (sg13g2_nor3_2)
     5    0.04    0.26    0.22   10.35 ^ i_croc_soc/i_croc/_07914_/Y (sg13g2_nor3_2)
                                         i_croc_soc/i_croc/core_instr_obi_rsp_3_ (net)
                  0.26    0.00   10.35 ^ i_croc_soc/i_croc/i_core_wrap/_6488_/A1 (sg13g2_a21o_1)
     3    0.01    0.06    0.19   10.54 ^ i_croc_soc/i_croc/i_core_wrap/_6488_/X (sg13g2_a21o_1)
                                         i_croc_soc/i_croc/i_core_wrap/_1734_ (net)
                  0.06    0.00   10.54 ^ i_croc_soc/i_croc/i_core_wrap/_6941_/B (sg13g2_or3_2)
     5    0.05    0.11    0.16   10.71 ^ i_croc_soc/i_croc/i_core_wrap/_6941_/X (sg13g2_or3_2)
                                         i_croc_soc/i_croc/i_core_wrap/_2122_ (net)
                  0.11    0.00   10.71 ^ i_croc_soc/i_croc/i_core_wrap/_7023_/C (sg13g2_nand3_1)
     4    0.01    0.15    0.16   10.88 v i_croc_soc/i_croc/i_core_wrap/_7023_/Y (sg13g2_nand3_1)
                                         i_croc_soc/i_croc/i_core_wrap/_2200_ (net)
                  0.15    0.00   10.88 v i_croc_soc/i_croc/i_core_wrap/_7065_/A (sg13g2_inv_1)
     1    0.01    0.05    0.07   10.94 ^ i_croc_soc/i_croc/i_core_wrap/_7065_/Y (sg13g2_inv_1)
                                         i_croc_soc/i_croc/i_core_wrap/_2238_ (net)
                  0.05    0.00   10.94 ^ i_croc_soc/i_croc/i_core_wrap/_7066_/C (sg13g2_nand3_1)
     2    0.01    0.11    0.12   11.06 v i_croc_soc/i_croc/i_core_wrap/_7066_/Y (sg13g2_nand3_1)
                                         i_croc_soc/i_croc/i_core_wrap/_2239_ (net)
                  0.11    0.00   11.06 v i_croc_soc/i_croc/i_core_wrap/_7078_/B (sg13g2_nor2_2)
     3    0.01    0.07    0.09   11.15 ^ i_croc_soc/i_croc/i_core_wrap/_7078_/Y (sg13g2_nor2_2)
                                         i_croc_soc/i_croc/i_core_wrap/_2249_ (net)
                  0.07    0.00   11.15 ^ i_croc_soc/i_croc/i_core_wrap/_7110_/C (sg13g2_nand3_1)
     2    0.01    0.11    0.13   11.29 v i_croc_soc/i_croc/i_core_wrap/_7110_/Y (sg13g2_nand3_1)
                                         i_croc_soc/i_croc/i_core_wrap/_2279_ (net)
                  0.11    0.00   11.29 v i_croc_soc/i_croc/i_core_wrap/_7133_/B (sg13g2_nor2_1)
     2    0.01    0.09    0.10   11.39 ^ i_croc_soc/i_croc/i_core_wrap/_7133_/Y (sg13g2_nor2_1)
                                         i_croc_soc/i_croc/i_core_wrap/_2301_ (net)
                  0.09    0.00   11.39 ^ i_croc_soc/i_croc/i_core_wrap/_7149_/B (sg13g2_and2_1)
     2    0.01    0.04    0.12   11.51 ^ i_croc_soc/i_croc/i_core_wrap/_7149_/X (sg13g2_and2_1)
                                         i_croc_soc/i_croc/i_core_wrap/_2316_ (net)
                  0.04    0.00   11.51 ^ i_croc_soc/i_croc/i_core_wrap/_7160_/B (sg13g2_and2_1)
     2    0.01    0.04    0.10   11.60 ^ i_croc_soc/i_croc/i_core_wrap/_7160_/X (sg13g2_and2_1)
                                         i_croc_soc/i_croc/i_core_wrap/_2326_ (net)
                  0.04    0.00   11.60 ^ i_croc_soc/i_croc/i_core_wrap/_7171_/B (sg13g2_and2_1)
     2    0.01    0.04    0.10   11.70 ^ i_croc_soc/i_croc/i_core_wrap/_7171_/X (sg13g2_and2_1)
                                         i_croc_soc/i_croc/i_core_wrap/_2336_ (net)
                  0.04    0.00   11.70 ^ i_croc_soc/i_croc/i_core_wrap/_7186_/B (sg13g2_and2_1)
     2    0.01    0.05    0.10   11.81 ^ i_croc_soc/i_croc/i_core_wrap/_7186_/X (sg13g2_and2_1)
                                         i_croc_soc/i_croc/i_core_wrap/_2350_ (net)
                  0.05    0.00   11.81 ^ i_croc_soc/i_croc/i_core_wrap/_7239_/B (sg13g2_and3_1)
     2    0.01    0.05    0.13   11.94 ^ i_croc_soc/i_croc/i_core_wrap/_7239_/X (sg13g2_and3_1)
                                         i_croc_soc/i_croc/i_core_wrap/_2400_ (net)
                  0.05    0.00   11.94 ^ i_croc_soc/i_croc/i_core_wrap/_7241_/B (sg13g2_and2_1)
     3    0.01    0.05    0.11   12.05 ^ i_croc_soc/i_croc/i_core_wrap/_7241_/X (sg13g2_and2_1)
                                         i_croc_soc/i_croc/i_core_wrap/_2402_ (net)
                  0.05    0.00   12.05 ^ i_croc_soc/i_croc/i_core_wrap/_7291_/C (sg13g2_and3_1)
     2    0.01    0.05    0.14   12.18 ^ i_croc_soc/i_croc/i_core_wrap/_7291_/X (sg13g2_and3_1)
                                         i_croc_soc/i_croc/i_core_wrap/_2449_ (net)
                  0.05    0.00   12.18 ^ i_croc_soc/i_croc/i_core_wrap/_7296_/B (sg13g2_and2_1)
     3    0.01    0.06    0.11   12.29 ^ i_croc_soc/i_croc/i_core_wrap/_7296_/X (sg13g2_and2_1)
                                         i_croc_soc/i_croc/i_core_wrap/_2453_ (net)
                  0.06    0.00   12.29 ^ i_croc_soc/i_croc/i_core_wrap/_7344_/D (sg13g2_nand4_1)
     1    0.00    0.09    0.12   12.42 v i_croc_soc/i_croc/i_core_wrap/_7344_/Y (sg13g2_nand4_1)
                                         i_croc_soc/i_croc/i_core_wrap/_2498_ (net)
                  0.09    0.00   12.42 v i_croc_soc/i_croc/i_core_wrap/_7345_/A (sg13g2_inv_1)
     2    0.01    0.05    0.07   12.48 ^ i_croc_soc/i_croc/i_core_wrap/_7345_/Y (sg13g2_inv_1)
                                         i_croc_soc/i_croc/i_core_wrap/_2499_ (net)
                  0.05    0.00   12.48 ^ i_croc_soc/i_croc/i_core_wrap/_7346_/C (sg13g2_nand3_1)
     4    0.01    0.14    0.15   12.63 v i_croc_soc/i_croc/i_core_wrap/_7346_/Y (sg13g2_nand3_1)
                                         i_croc_soc/i_croc/i_core_wrap/_2500_ (net)
                  0.14    0.00   12.63 v fanout1574/A (sg13g2_buf_2)
     8    0.03    0.06    0.15   12.78 v fanout1574/X (sg13g2_buf_2)
                                         net1574 (net)
                  0.06    0.00   12.78 v i_croc_soc/i_croc/i_core_wrap/_7417_/B (sg13g2_nor3_1)
     1    0.01    0.11    0.13   12.91 ^ i_croc_soc/i_croc/i_core_wrap/_7417_/Y (sg13g2_nor3_1)
                                         i_croc_soc/i_croc/i_core_wrap/_2565_ (net)
                  0.11    0.00   12.91 ^ i_croc_soc/i_croc/i_core_wrap/_7418_/B (sg13g2_xor2_1)
     1    0.00    0.06    0.13   13.04 ^ i_croc_soc/i_croc/i_core_wrap/_7418_/X (sg13g2_xor2_1)
                                         i_croc_soc/i_croc/i_core_wrap/_2566_ (net)
                  0.06    0.00   13.04 ^ i_croc_soc/i_croc/i_core_wrap/_7425_/A2 (sg13g2_a21o_1)
     1    0.00    0.03    0.11   13.14 ^ i_croc_soc/i_croc/i_core_wrap/_7425_/X (sg13g2_a21o_1)
                                         i_croc_soc/i_croc/i_core_wrap/_0088_ (net)
                  0.03    0.00   13.14 ^ i_croc_soc/i_croc/i_core_wrap/i_ibex.crash_dump_o_93__reg/D (sg13g2_dfrbp_2)
                                 13.14   data arrival time

                         12.50   12.50   clock clk_sys (rise edge)
                          0.00   12.50   clock source latency
     1    0.20    0.34    0.03   12.53 ^ clk_i (in)
                                         clk_i (net)
                  0.34    0.00   12.53 ^ pad_clk_i/pad (sg13g2_IOPadIn)
     1    0.11    0.20    0.14   12.66 ^ pad_clk_i/p2c (sg13g2_IOPadIn)
                                         soc_clk_i (net)
                  0.16    0.03   12.70 ^ clkbuf_0_soc_clk_i/A (sg13g2_buf_8)
     4    0.14    0.09    0.17   12.86 ^ clkbuf_0_soc_clk_i/X (sg13g2_buf_8)
                                         clknet_0_soc_clk_i (net)
                  0.09    0.01   12.87 ^ clkbuf_2_1_0_soc_clk_i/A (sg13g2_buf_16)
     8    0.23    0.07    0.12   13.00 ^ clkbuf_2_1_0_soc_clk_i/X (sg13g2_buf_16)
                                         clknet_2_1_0_soc_clk_i (net)
                  0.08    0.02   13.02 ^ clkbuf_5_14_0_soc_clk_i/A (sg13g2_buf_16)
     4    0.06    0.03    0.10   13.12 ^ clkbuf_5_14_0_soc_clk_i/X (sg13g2_buf_16)
                                         clknet_5_14_0_soc_clk_i (net)
                  0.03    0.00   13.12 ^ clkbuf_7_56__f_soc_clk_i/A (sg13g2_buf_8)
     6    0.12    0.07    0.11   13.22 ^ clkbuf_7_56__f_soc_clk_i/X (sg13g2_buf_8)
                                         clknet_7_56__leaf_soc_clk_i (net)
                  0.07    0.00   13.23 ^ clkbuf_leaf_465_soc_clk_i/A (sg13g2_buf_16)
     8    0.03    0.02    0.09   13.31 ^ clkbuf_leaf_465_soc_clk_i/X (sg13g2_buf_16)
                                         clknet_leaf_465_soc_clk_i (net)
                  0.02    0.00   13.31 ^ i_croc_soc/i_croc/i_core_wrap/i_ibex.crash_dump_o_93__reg/CLK (sg13g2_dfrbp_2)
                         -0.10   13.21   clock uncertainty
                          0.01   13.22   clock reconvergence pessimism
                         -0.12   13.10   library setup time
                                 13.10   data required time
-----------------------------------------------------------------------------
                                 13.10   data required time
                                -13.14   data arrival time
-----------------------------------------------------------------------------
                                 -0.04   slack (VIOLATED)



==========================================================================
04_croc.cts report_checks -unconstrained
--------------------------------------------------------------------------
Startpoint: i_croc_soc/i_rstgen.i_rstgen_bypass.synch_regs_q_3__reg
            (rising edge-triggered flip-flop clocked by clk_sys)
Endpoint: i_croc_soc/i_croc/i_gpio/i_reg_file.new_reg_94__reg
          (recovery check against rising-edge clock clk_sys)
Path Group: asynchronous
Path Type: max
Corner: tt

Fanout     Cap    Slew   Delay    Time   Description
-----------------------------------------------------------------------------
                          0.00    0.00   clock clk_sys (rise edge)
                          0.00    0.00   clock source latency
     1    0.24    0.35    0.04    0.04 ^ clk_i (in)
                                         clk_i (net)
                  0.35    0.00    0.04 ^ pad_clk_i/pad (sg13g2_IOPadIn)
     1    0.11    0.20    0.14    0.17 ^ pad_clk_i/p2c (sg13g2_IOPadIn)
                                         soc_clk_i (net)
                  0.16    0.03    0.20 ^ clkbuf_0_soc_clk_i/A (sg13g2_buf_8)
     4    0.14    0.09    0.17    0.37 ^ clkbuf_0_soc_clk_i/X (sg13g2_buf_8)
                                         clknet_0_soc_clk_i (net)
                  0.09    0.01    0.38 ^ clkbuf_2_0_0_soc_clk_i/A (sg13g2_buf_16)
     8    0.22    0.07    0.13    0.50 ^ clkbuf_2_0_0_soc_clk_i/X (sg13g2_buf_16)
                                         clknet_2_0_0_soc_clk_i (net)
                  0.07    0.01    0.52 ^ clkbuf_5_5_0_soc_clk_i/A (sg13g2_buf_16)
     4    0.06    0.03    0.09    0.61 ^ clkbuf_5_5_0_soc_clk_i/X (sg13g2_buf_16)
                                         clknet_5_5_0_soc_clk_i (net)
                  0.03    0.00    0.61 ^ clkbuf_7_21__f_soc_clk_i/A (sg13g2_buf_8)
     6    0.14    0.08    0.11    0.73 ^ clkbuf_7_21__f_soc_clk_i/X (sg13g2_buf_8)
                                         clknet_7_21__leaf_soc_clk_i (net)
                  0.08    0.00    0.73 ^ clkbuf_leaf_709_soc_clk_i/A (sg13g2_buf_16)
     5    0.03    0.02    0.09    0.82 ^ clkbuf_leaf_709_soc_clk_i/X (sg13g2_buf_16)
                                         clknet_leaf_709_soc_clk_i (net)
                  0.02    0.00    0.82 ^ i_croc_soc/i_rstgen.i_rstgen_bypass.synch_regs_q_3__reg/CLK (sg13g2_dfrbp_1)
     2    0.01    0.05    0.22    1.04 ^ i_croc_soc/i_rstgen.i_rstgen_bypass.synch_regs_q_3__reg/Q (sg13g2_dfrbp_1)
                                         i_croc_soc/i_rstgen.i_rstgen_bypass.synch_regs_q_3_ (net)
                  0.05    0.00    1.04 ^ i_croc_soc/i_rstgen.i_rstgen_bypass.i_tc_clk_mux2_rst_no/i_mux/A0 (sg13g2_mux2_1)
     1    0.01    0.05    0.11    1.15 ^ i_croc_soc/i_rstgen.i_rstgen_bypass.i_tc_clk_mux2_rst_no/i_mux/X (sg13g2_mux2_1)
                                         i_croc_soc/i_rstgen.i_rstgen_bypass.rst_no (net)
                  0.05    0.00    1.15 ^ fanout4728/A (sg13g2_buf_8)
     4    0.15    0.09    0.11    1.27 ^ fanout4728/X (sg13g2_buf_8)
                                         net4728 (net)
                  0.10    0.03    1.29 ^ fanout4727/A (sg13g2_buf_16)
     5    0.15    0.05    0.12    1.41 ^ fanout4727/X (sg13g2_buf_16)
                                         net4727 (net)
                  0.07    0.02    1.43 ^ fanout4721/A (sg13g2_buf_4)
     7    0.07    0.08    0.15    1.59 ^ fanout4721/X (sg13g2_buf_4)
                                         net4721 (net)
                  0.08    0.00    1.59 ^ fanout4720/A (sg13g2_buf_4)
     5    0.03    0.05    0.13    1.72 ^ fanout4720/X (sg13g2_buf_4)
                                         net4720 (net)
                  0.05    0.00    1.72 ^ fanout4701/A (sg13g2_buf_2)
     4    0.02    0.05    0.10    1.82 ^ fanout4701/X (sg13g2_buf_2)
                                         net4701 (net)
                  0.05    0.00    1.82 ^ fanout4700/A (sg13g2_buf_2)
     5    0.09    0.19    0.20    2.02 ^ fanout4700/X (sg13g2_buf_2)
                                         net4700 (net)
                  0.19    0.00    2.02 ^ fanout4696/A (sg13g2_buf_4)
     8    0.11    0.12    0.23    2.25 ^ fanout4696/X (sg13g2_buf_4)
                                         net4696 (net)
                  0.12    0.00    2.25 ^ fanout4695/A (sg13g2_buf_4)
     8    0.12    0.13    0.21    2.46 ^ fanout4695/X (sg13g2_buf_4)
                                         net4695 (net)
                  0.13    0.02    2.48 ^ i_croc_soc/i_croc/i_gpio/i_reg_file.new_reg_94__reg/RESET_B (sg13g2_dfrbp_1)
                                  2.48   data arrival time

                         12.50   12.50   clock clk_sys (rise edge)
                          0.00   12.50   clock source latency
     1    0.20    0.34    0.03   12.53 ^ clk_i (in)
                                         clk_i (net)
                  0.34    0.00   12.53 ^ pad_clk_i/pad (sg13g2_IOPadIn)
     1    0.11    0.20    0.14   12.66 ^ pad_clk_i/p2c (sg13g2_IOPadIn)
                                         soc_clk_i (net)
                  0.16    0.03   12.70 ^ clkbuf_0_soc_clk_i/A (sg13g2_buf_8)
     4    0.14    0.09    0.17   12.86 ^ clkbuf_0_soc_clk_i/X (sg13g2_buf_8)
                                         clknet_0_soc_clk_i (net)
                  0.09    0.01   12.87 ^ clkbuf_2_1_0_soc_clk_i/A (sg13g2_buf_16)
     8    0.23    0.07    0.12   13.00 ^ clkbuf_2_1_0_soc_clk_i/X (sg13g2_buf_16)
                                         clknet_2_1_0_soc_clk_i (net)
                  0.07    0.01   13.01 ^ clkbuf_5_8_0_soc_clk_i/A (sg13g2_buf_16)
     4    0.06    0.03    0.10   13.10 ^ clkbuf_5_8_0_soc_clk_i/X (sg13g2_buf_16)
                                         clknet_5_8_0_soc_clk_i (net)
                  0.03    0.00   13.10 ^ clkbuf_7_35__f_soc_clk_i/A (sg13g2_buf_8)
     6    0.12    0.07    0.11   13.21 ^ clkbuf_7_35__f_soc_clk_i/X (sg13g2_buf_8)
                                         clknet_7_35__leaf_soc_clk_i (net)
                  0.07    0.00   13.21 ^ clkbuf_leaf_452_soc_clk_i/A (sg13g2_buf_16)
     5    0.02    0.02    0.09   13.30 ^ clkbuf_leaf_452_soc_clk_i/X (sg13g2_buf_16)
                                         clknet_leaf_452_soc_clk_i (net)
                  0.02    0.00   13.30 ^ i_croc_soc/i_croc/i_gpio/i_reg_file.new_reg_94__reg/CLK (sg13g2_dfrbp_1)
                         -0.10   13.20   clock uncertainty
                          0.01   13.20   clock reconvergence pessimism
                         -0.15   13.05   library recovery time
                                 13.05   data required time
-----------------------------------------------------------------------------
                                 13.05   data required time
                                 -2.48   data arrival time
-----------------------------------------------------------------------------
                                 10.58   slack (MET)


Startpoint: i_croc_soc/i_croc/i_dmi_jtag/i_dmi_cdc.i_cdc_req/i_dst/async_ack_o_reg
            (rising edge-triggered flip-flop clocked by clk_sys)
Endpoint: i_croc_soc/i_croc/i_dm_top.i_dm_top/i_dm_csrs.progbuf_o_162__reg
          (rising edge-triggered flip-flop clocked by clk_sys)
Path Group: path delay
Path Type: max
Corner: tt

Fanout     Cap    Slew   Delay    Time   Description
-----------------------------------------------------------------------------
                  0.02    0.00    0.00 ^ i_croc_soc/i_croc/i_dmi_jtag/i_dmi_cdc.i_cdc_req/i_dst/async_ack_o_reg/CLK (sg13g2_dfrbp_2)
     6    0.03    0.07    0.28    0.28 ^ i_croc_soc/i_croc/i_dmi_jtag/i_dmi_cdc.i_cdc_req/i_dst/async_ack_o_reg/Q (sg13g2_dfrbp_2)
                                         i_croc_soc/i_croc/i_dmi_jtag/i_dmi_cdc.i_cdc_req/async_ack (net)
                  0.07    0.00    0.28 ^ i_croc_soc/i_croc/i_dmi_jtag/i_dmi_cdc.i_cdc_req/i_dst/_199_/A (sg13g2_xor2_1)
     1    0.00    0.05    0.11    0.39 ^ i_croc_soc/i_croc/i_dmi_jtag/i_dmi_cdc.i_cdc_req/i_dst/_199_/X (sg13g2_xor2_1)
                                         i_croc_soc/i_croc/i_dmi_jtag/i_dmi_cdc.i_cdc_req/s_dst_valid (net)
                  0.05    0.00    0.39 ^ i_croc_soc/i_croc/i_dmi_jtag/i_dmi_cdc.i_cdc_req/_5_/B_N (sg13g2_nor2b_2)
     5    0.02    0.13    0.16    0.55 ^ i_croc_soc/i_croc/i_dmi_jtag/i_dmi_cdc.i_cdc_req/_5_/Y (sg13g2_nor2b_2)
                                         i_croc_soc/i_croc/dmi_req_valid (net)
                  0.13    0.00    0.55 ^ i_croc_soc/i_croc/i_dm_top.i_dm_top/_4879_/A (sg13g2_nand2_2)
     4    0.03    0.11    0.13    0.68 v i_croc_soc/i_croc/i_dm_top.i_dm_top/_4879_/Y (sg13g2_nand2_2)
                                         i_croc_soc/i_croc/i_dm_top.i_dm_top/_0600_ (net)
                  0.11    0.00    0.68 v i_croc_soc/i_croc/i_dm_top.i_dm_top/_4891_/A (sg13g2_or2_1)
     2    0.01    0.04    0.15    0.83 v i_croc_soc/i_croc/i_dm_top.i_dm_top/_4891_/X (sg13g2_or2_1)
                                         i_croc_soc/i_croc/i_dm_top.i_dm_top/_0611_ (net)
                  0.04    0.00    0.83 v fanout3217/A (sg13g2_buf_4)
     8    0.05    0.05    0.10    0.93 v fanout3217/X (sg13g2_buf_4)
                                         net3217 (net)
                  0.05    0.00    0.93 v i_croc_soc/i_croc/i_dm_top.i_dm_top/_4896_/A (sg13g2_nor2_2)
     7    0.04    0.20    0.18    1.11 ^ i_croc_soc/i_croc/i_dm_top.i_dm_top/_4896_/Y (sg13g2_nor2_2)
                                         i_croc_soc/i_croc/i_dm_top.i_dm_top/_0616_ (net)
                  0.20    0.00    1.11 ^ i_croc_soc/i_croc/i_dm_top.i_dm_top/_6537_/A1 (sg13g2_a21oi_2)
     8    0.04    0.17    0.21    1.32 v i_croc_soc/i_croc/i_dm_top.i_dm_top/_6537_/Y (sg13g2_a21oi_2)
                                         i_croc_soc/i_croc/i_dm_top.i_dm_top/_2038_ (net)
                  0.17    0.00    1.32 v i_croc_soc/i_croc/i_dm_top.i_dm_top/_6771_/A (sg13g2_nor2_1)
     1    0.00    0.07    0.10    1.42 ^ i_croc_soc/i_croc/i_dm_top.i_dm_top/_6771_/Y (sg13g2_nor2_1)
                                         i_croc_soc/i_croc/i_dm_top.i_dm_top/_2205_ (net)
                  0.07    0.00    1.42 ^ fanout2909/A (sg13g2_buf_4)
     6    0.04    0.06    0.13    1.55 ^ fanout2909/X (sg13g2_buf_4)
                                         net2909 (net)
                  0.06    0.00    1.55 ^ fanout2908/A (sg13g2_buf_4)
     8    0.05    0.06    0.13    1.68 ^ fanout2908/X (sg13g2_buf_4)
                                         net2908 (net)
                  0.06    0.00    1.68 ^ fanout2906/A (sg13g2_buf_4)
     8    0.04    0.05    0.12    1.81 ^ fanout2906/X (sg13g2_buf_4)
                                         net2906 (net)
                  0.05    0.00    1.81 ^ fanout2905/A (sg13g2_buf_2)
     8    0.04    0.09    0.13    1.94 ^ fanout2905/X (sg13g2_buf_2)
                                         net2905 (net)
                  0.09    0.00    1.94 ^ i_croc_soc/i_croc/i_dm_top.i_dm_top/_6782_/C (sg13g2_nand3_1)
     1    0.00    0.06    0.10    2.03 v i_croc_soc/i_croc/i_dm_top.i_dm_top/_6782_/Y (sg13g2_nand3_1)
                                         i_croc_soc/i_croc/i_dm_top.i_dm_top/_2214_ (net)
                  0.06    0.00    2.03 v i_croc_soc/i_croc/i_dm_top.i_dm_top/_6783_/B1 (sg13g2_o21ai_1)
     1    0.00    0.07    0.05    2.08 ^ i_croc_soc/i_croc/i_dm_top.i_dm_top/_6783_/Y (sg13g2_o21ai_1)
                                         i_croc_soc/i_croc/i_dm_top.i_dm_top/_0251_ (net)
                  0.07    0.00    2.08 ^ i_croc_soc/i_croc/i_dm_top.i_dm_top/i_dm_csrs.progbuf_o_162__reg/D (sg13g2_dfrbp_1)
                                  2.08   data arrival time

                          4.38    4.38   max_delay
                         -0.13    4.25   library setup time
                                  4.25   data required time
-----------------------------------------------------------------------------
                                  4.25   data required time
                                 -2.08   data arrival time
-----------------------------------------------------------------------------
                                  2.17   slack (MET)


Startpoint: i_croc_soc/i_croc/i_dmi_jtag/td_o_reg
            (rising edge-triggered flip-flop clocked by clk_jtg')
Endpoint: jtag_tdo_o (output port clocked by clk_jtg)
Path Group: clk_jtg
Path Type: max
Corner: tt

Fanout     Cap    Slew   Delay    Time   Description
-----------------------------------------------------------------------------
                         10.00   10.00   clock clk_jtg' (rise edge)
                          0.00   10.00   clock source latency
     1    0.23    0.49    0.03   10.03 v jtag_tck_i (in)
                                         jtag_tck_i (net)
                  0.49    0.00   10.03 v pad_jtag_tck_i/pad (sg13g2_IOPadIn)
     1    0.08    0.20    0.67   10.70 v pad_jtag_tck_i/p2c (sg13g2_IOPadIn)
                                         soc_jtag_tck_i (net)
                  0.16    0.02   10.72 v clkbuf_0_soc_jtag_tck_i/A (sg13g2_buf_8)
     8    0.11    0.06    0.16   10.87 v clkbuf_0_soc_jtag_tck_i/X (sg13g2_buf_8)
                                         clknet_0_soc_jtag_tck_i (net)
                  0.06    0.00   10.87 v clkbuf_3_0__f_soc_jtag_tck_i/A (sg13g2_buf_8)
     7    0.14    0.07    0.13   11.01 v clkbuf_3_0__f_soc_jtag_tck_i/X (sg13g2_buf_8)
                                         clknet_3_0__leaf_soc_jtag_tck_i (net)
                  0.07    0.00   11.01 v clkbuf_leaf_47_soc_jtag_tck_i/A (sg13g2_buf_16)
     4    0.02    0.02    0.09   11.10 v clkbuf_leaf_47_soc_jtag_tck_i/X (sg13g2_buf_16)
                                         clknet_leaf_47_soc_jtag_tck_i (net)
                  0.02    0.00   11.10 v i_croc_soc/i_croc/i_dmi_jtag/i_dmi_jtag_tap.i_tck_inv/i_inv_5298/A (sg13g2_inv_1)
     1    0.00    0.02    0.03   11.13 ^ i_croc_soc/i_croc/i_dmi_jtag/i_dmi_jtag_tap.i_tck_inv/i_inv_5298/Y (sg13g2_inv_1)
                                         net5298 (net)
                  0.02    0.00   11.13 ^ i_croc_soc/i_croc/i_dmi_jtag/i_dmi_jtag_tap.i_dft_tck_mux/i_mux/A0 (sg13g2_mux2_1)
     1    0.01    0.05    0.10   11.23 ^ i_croc_soc/i_croc/i_dmi_jtag/i_dmi_jtag_tap.i_dft_tck_mux/i_mux/X (sg13g2_mux2_1)
                                         i_croc_soc/i_croc/i_dmi_jtag/i_dmi_jtag_tap.tck_n (net)
                  0.05    0.00   11.23 ^ clkbuf_0_i_croc_soc/i_croc/i_dmi_jtag/i_dmi_jtag_tap.tck_n/A (sg13g2_buf_8)
     2    0.02    0.03    0.08   11.31 ^ clkbuf_0_i_croc_soc/i_croc/i_dmi_jtag/i_dmi_jtag_tap.tck_n/X (sg13g2_buf_8)
                                         clknet_0_i_croc_soc/i_croc/i_dmi_jtag/i_dmi_jtag_tap.tck_n (net)
                  0.03    0.00   11.31 ^ clkbuf_1_1__f_i_croc_soc/i_croc/i_dmi_jtag/i_dmi_jtag_tap.tck_n/A (sg13g2_buf_8)
     1    0.01    0.02    0.06   11.37 ^ clkbuf_1_1__f_i_croc_soc/i_croc/i_dmi_jtag/i_dmi_jtag_tap.tck_n/X (sg13g2_buf_8)
                                         clknet_1_1__leaf_i_croc_soc/i_croc/i_dmi_jtag/i_dmi_jtag_tap.tck_n (net)
                  0.02    0.00   11.37 ^ i_croc_soc/i_croc/i_dmi_jtag/td_o_reg/CLK (sg13g2_dfrbp_2)
     1    0.15    0.30    0.41   11.78 ^ i_croc_soc/i_croc/i_dmi_jtag/td_o_reg/Q (sg13g2_dfrbp_2)
                                         soc_jtag_tdo_o (net)
                  0.42    0.05   11.83 ^ pad_jtag_tdo_o/c2p (sg13g2_IOPadOut16mA)
     1   15.00    3.55    3.30   15.13 ^ pad_jtag_tdo_o/pad (sg13g2_IOPadOut16mA)
                                         jtag_tdo_o (net)
                  2.66    0.00   15.13 ^ jtag_tdo_o (out)
                                 15.13   data arrival time

                         20.00   20.00   clock clk_jtg (rise edge)
                          0.00   20.00   clock network delay (propagated)
                         -0.10   19.90   clock uncertainty
                          0.00   19.90   clock reconvergence pessimism
                         -5.00   14.90   output external delay
                                 14.90   data required time
-----------------------------------------------------------------------------
                                 14.90   data required time
                                -15.13   data arrival time
-----------------------------------------------------------------------------
                                 -0.23   slack (VIOLATED)


Startpoint: i_croc_soc/i_croc/i_core_wrap/i_ibex.id_stage_i.controller_i.instr_i_15__reg
            (rising edge-triggered flip-flop clocked by clk_sys)
Endpoint: i_croc_soc/i_croc/i_core_wrap/i_ibex.crash_dump_o_93__reg
          (rising edge-triggered flip-flop clocked by clk_sys)
Path Group: clk_sys
Path Type: max
Corner: tt

Fanout     Cap    Slew   Delay    Time   Description
-----------------------------------------------------------------------------
                          0.00    0.00   clock clk_sys (rise edge)
                          0.00    0.00   clock source latency
     1    0.24    0.35    0.04    0.04 ^ clk_i (in)
                                         clk_i (net)
                  0.35    0.00    0.04 ^ pad_clk_i/pad (sg13g2_IOPadIn)
     1    0.11    0.20    0.14    0.17 ^ pad_clk_i/p2c (sg13g2_IOPadIn)
                                         soc_clk_i (net)
                  0.16    0.03    0.20 ^ clkbuf_0_soc_clk_i/A (sg13g2_buf_8)
     4    0.14    0.09    0.17    0.37 ^ clkbuf_0_soc_clk_i/X (sg13g2_buf_8)
                                         clknet_0_soc_clk_i (net)
                  0.09    0.01    0.38 ^ clkbuf_2_3_0_soc_clk_i/A (sg13g2_buf_16)
     8    0.23    0.06    0.12    0.49 ^ clkbuf_2_3_0_soc_clk_i/X (sg13g2_buf_16)
                                         clknet_2_3_0_soc_clk_i (net)
                  0.10    0.04    0.53 ^ clkbuf_5_25_0_soc_clk_i/A (sg13g2_buf_16)
     4    0.06    0.03    0.11    0.64 ^ clkbuf_5_25_0_soc_clk_i/X (sg13g2_buf_16)
                                         clknet_5_25_0_soc_clk_i (net)
                  0.03    0.00    0.64 ^ clkbuf_7_101__f_soc_clk_i/A (sg13g2_buf_8)
     6    0.13    0.07    0.11    0.75 ^ clkbuf_7_101__f_soc_clk_i/X (sg13g2_buf_8)
                                         clknet_7_101__leaf_soc_clk_i (net)
                  0.07    0.00    0.75 ^ clkbuf_leaf_306_soc_clk_i/A (sg13g2_buf_16)
     8    0.03    0.02    0.09    0.84 ^ clkbuf_leaf_306_soc_clk_i/X (sg13g2_buf_16)
                                         clknet_leaf_306_soc_clk_i (net)
                  0.02    0.00    0.84 ^ i_croc_soc/i_croc/i_core_wrap/i_ibex.id_stage_i.controller_i.instr_i_15__reg/CLK (sg13g2_dfrbp_2)
     2    0.04    0.09    0.29    1.13 ^ i_croc_soc/i_croc/i_core_wrap/i_ibex.id_stage_i.controller_i.instr_i_15__reg/Q (sg13g2_dfrbp_2)
                                         i_croc_soc/i_croc/i_core_wrap/i_ibex.id_stage_i.controller_i.instr_i_15_ (net)
                  0.09    0.00    1.13 ^ fanout5218/A (sg13g2_buf_4)
     4    0.05    0.06    0.14    1.28 ^ fanout5218/X (sg13g2_buf_4)
                                         net5218 (net)
                  0.06    0.00    1.28 ^ fanout5217/A (sg13g2_buf_4)
     4    0.03    0.05    0.12    1.40 ^ fanout5217/X (sg13g2_buf_4)
                                         net5217 (net)
                  0.05    0.00    1.40 ^ fanout5203/A (sg13g2_buf_4)
     5    0.03    0.05    0.11    1.51 ^ fanout5203/X (sg13g2_buf_4)
                                         net5203 (net)
                  0.05    0.00    1.51 ^ fanout5199/A (sg13g2_buf_4)
     6    0.04    0.05    0.11    1.63 ^ fanout5199/X (sg13g2_buf_4)
                                         net5199 (net)
                  0.05    0.00    1.63 ^ fanout5198/A (sg13g2_buf_4)
     8    0.05    0.07    0.13    1.76 ^ fanout5198/X (sg13g2_buf_4)
                                         net5198 (net)
                  0.07    0.00    1.76 ^ i_croc_soc/i_croc/i_core_wrap/i_ibex.register_file_i/_4553_/S (sg13g2_mux2_1)
     1    0.00    0.04    0.17    1.92 v i_croc_soc/i_croc/i_core_wrap/i_ibex.register_file_i/_4553_/X (sg13g2_mux2_1)
                                         i_croc_soc/i_croc/i_core_wrap/i_ibex.register_file_i/_1498_ (net)
                  0.04    0.00    1.92 v i_croc_soc/i_croc/i_core_wrap/i_ibex.register_file_i/_4555_/A2 (sg13g2_a22oi_1)
     1    0.00    0.05    0.07    2.00 ^ i_croc_soc/i_croc/i_core_wrap/i_ibex.register_file_i/_4555_/Y (sg13g2_a22oi_1)
                                         i_croc_soc/i_croc/i_core_wrap/i_ibex.register_file_i/_1500_ (net)
                  0.05    0.00    2.00 ^ i_croc_soc/i_croc/i_core_wrap/i_ibex.register_file_i/_4557_/A2 (sg13g2_a21oi_1)
     1    0.01    0.07    0.09    2.09 v i_croc_soc/i_croc/i_core_wrap/i_ibex.register_file_i/_4557_/Y (sg13g2_a21oi_1)
                                         i_croc_soc/i_croc/i_core_wrap/i_ibex.register_file_i/_1502_ (net)
                  0.07    0.00    2.09 v i_croc_soc/i_croc/i_core_wrap/i_ibex.register_file_i/_4558_/C1 (sg13g2_a221oi_1)
     1    0.02    0.29    0.25    2.33 ^ i_croc_soc/i_croc/i_core_wrap/i_ibex.register_file_i/_4558_/Y (sg13g2_a221oi_1)
                                         i_croc_soc/i_croc/i_core_wrap/i_ibex.register_file_i/_1503_ (net)
                  0.29    0.00    2.34 ^ i_croc_soc/i_croc/i_core_wrap/i_ibex.register_file_i/_4559_/C (sg13g2_nand3_1)
     1    0.06    0.51    0.50    2.84 v i_croc_soc/i_croc/i_core_wrap/i_ibex.register_file_i/_4559_/Y (sg13g2_nand3_1)
                                         i_croc_soc/i_croc/i_core_wrap/i_ibex.ex_block_i.multdiv_operand_a_i_8_ (net)
                  0.51    0.01    2.85 v i_croc_soc/i_croc/i_core_wrap/_5616_/A0 (sg13g2_mux2_1)
     1    0.00    0.05    0.22    3.07 v i_croc_soc/i_croc/i_core_wrap/_5616_/X (sg13g2_mux2_1)
                                         i_croc_soc/i_croc/i_core_wrap/_0954_ (net)
                  0.05    0.00    3.07 v i_croc_soc/i_croc/i_core_wrap/_5617_/B (sg13g2_and2_1)
     1    0.00    0.02    0.08    3.15 v i_croc_soc/i_croc/i_core_wrap/_5617_/X (sg13g2_and2_1)
                                         i_croc_soc/i_croc/i_core_wrap/_0955_ (net)
                  0.02    0.00    3.15 v i_croc_soc/i_croc/i_core_wrap/_5618_/B1 (sg13g2_a21oi_1)
     1    0.00    0.06    0.06    3.21 ^ i_croc_soc/i_croc/i_core_wrap/_5618_/Y (sg13g2_a21oi_1)
                                         i_croc_soc/i_croc/i_core_wrap/_0956_ (net)
                  0.06    0.00    3.21 ^ fanout2961/A (sg13g2_buf_2)
     5    0.03    0.07    0.12    3.34 ^ fanout2961/X (sg13g2_buf_2)
                                         net2961 (net)
                  0.07    0.00    3.34 ^ fanout2960/A (sg13g2_buf_2)
     4    0.01    0.04    0.10    3.44 ^ fanout2960/X (sg13g2_buf_2)
                                         net2960 (net)
                  0.04    0.00    3.44 ^ fanout2959/A (sg13g2_buf_2)
     8    0.03    0.07    0.11    3.55 ^ fanout2959/X (sg13g2_buf_2)
                                         net2959 (net)
                  0.07    0.00    3.55 ^ fanout2958/A (sg13g2_buf_2)
     8    0.03    0.08    0.13    3.68 ^ fanout2958/X (sg13g2_buf_2)
                                         net2958 (net)
                  0.08    0.00    3.68 ^ fanout2957/A (sg13g2_buf_2)
     8    0.03    0.07    0.13    3.80 ^ fanout2957/X (sg13g2_buf_2)
                                         net2957 (net)
                  0.07    0.00    3.80 ^ i_croc_soc/i_croc/i_core_wrap/_5637_/A1 (sg13g2_o21ai_1)
     1    0.00    0.12    0.08    3.88 v i_croc_soc/i_croc/i_core_wrap/_5637_/Y (sg13g2_o21ai_1)
                                         i_croc_soc/i_croc/i_core_wrap/_0973_ (net)
                  0.12    0.00    3.88 v i_croc_soc/i_croc/i_core_wrap/_5638_/B1 (sg13g2_o21ai_1)
     1    0.00    0.09    0.07    3.96 ^ i_croc_soc/i_croc/i_core_wrap/_5638_/Y (sg13g2_o21ai_1)
                                         i_croc_soc/i_croc/i_core_wrap/_0974_ (net)
                  0.09    0.00    3.96 ^ i_croc_soc/i_croc/i_core_wrap/_5663_/A1 (sg13g2_a221oi_1)
     3    0.01    0.13    0.15    4.10 v i_croc_soc/i_croc/i_core_wrap/_5663_/Y (sg13g2_a221oi_1)
                                         i_croc_soc/i_croc/i_core_wrap/_0997_ (net)
                  0.13    0.00    4.10 v i_croc_soc/i_croc/i_core_wrap/_5664_/B (sg13g2_nand2_1)
     1    0.01    0.05    0.08    4.18 ^ i_croc_soc/i_croc/i_core_wrap/_5664_/Y (sg13g2_nand2_1)
                                         i_croc_soc/i_croc/i_core_wrap/_0998_ (net)
                  0.05    0.00    4.18 ^ i_croc_soc/i_croc/i_core_wrap/_5700_/A1 (sg13g2_a22oi_1)
     3    0.01    0.12    0.12    4.30 v i_croc_soc/i_croc/i_core_wrap/_5700_/Y (sg13g2_a22oi_1)
                                         i_croc_soc/i_croc/i_core_wrap/_1032_ (net)
                  0.12    0.00    4.30 v i_croc_soc/i_croc/i_core_wrap/_5859_/A (sg13g2_nor3_2)
     8    0.05    0.32    0.31    4.61 ^ i_croc_soc/i_croc/i_core_wrap/_5859_/Y (sg13g2_nor3_2)
                                         i_croc_soc/i_croc/i_core_wrap/_1186_ (net)
                  0.32    0.00    4.61 ^ i_croc_soc/i_croc/i_core_wrap/_6222_/A1 (sg13g2_o21ai_1)
     1    0.00    0.07    0.12    4.73 v i_croc_soc/i_croc/i_core_wrap/_6222_/Y (sg13g2_o21ai_1)
                                         i_croc_soc/i_croc/i_core_wrap/_1527_ (net)
                  0.07    0.00    4.73 v i_croc_soc/i_croc/i_core_wrap/_6223_/B_N (sg13g2_nor2b_1)
     2    0.01    0.06    0.11    4.84 v i_croc_soc/i_croc/i_core_wrap/_6223_/Y (sg13g2_nor2b_1)
                                         i_croc_soc/i_croc/i_core_wrap/_1528_ (net)
                  0.06    0.00    4.84 v fanout1031/A (sg13g2_buf_2)
     8    0.04    0.07    0.12    4.96 v fanout1031/X (sg13g2_buf_2)
                                         net1031 (net)
                  0.07    0.00    4.96 v i_croc_soc/i_croc/i_core_wrap/_6346_/A (sg13g2_xnor2_1)
     6    0.05    0.30    0.30    5.26 v i_croc_soc/i_croc/i_core_wrap/_6346_/Y (sg13g2_xnor2_1)
                                         i_croc_soc/i_croc/core_data_obi_req_63_ (net)
                  0.30    0.00    5.26 v i_croc_soc/i_croc/i_core_wrap/_7340_/A1 (sg13g2_a221oi_1)
     1    0.01    0.15    0.23    5.49 ^ i_croc_soc/i_croc/i_core_wrap/_7340_/Y (sg13g2_a221oi_1)
                                         i_croc_soc/i_croc/i_core_wrap/_2494_ (net)
                  0.15    0.00    5.49 ^ i_croc_soc/i_croc/i_core_wrap/_7342_/A (sg13g2_nor2_2)
     3    0.01    0.05    0.09    5.58 v i_croc_soc/i_croc/i_core_wrap/_7342_/Y (sg13g2_nor2_2)
                                         i_croc_soc/i_croc/i_core_wrap/_2496_ (net)
                  0.05    0.00    5.58 v i_croc_soc/i_croc/i_core_wrap/_8583_/B1 (sg13g2_a21o_1)
     3    0.01    0.06    0.14    5.72 v i_croc_soc/i_croc/i_core_wrap/_8583_/X (sg13g2_a21o_1)
                                         i_croc_soc/i_croc/i_core_wrap/_3583_ (net)
                  0.06    0.00    5.72 v i_croc_soc/i_croc/i_core_wrap/_8901_/A1 (sg13g2_mux2_2)
     4    0.02    0.06    0.17    5.89 v i_croc_soc/i_croc/i_core_wrap/_8901_/X (sg13g2_mux2_2)
                                         i_croc_soc/i_croc/core_instr_obi_req_63_ (net)
                  0.06    0.00    5.89 v i_croc_soc/i_croc/_05445_/A (sg13g2_nor4_1)
     1    0.00    0.13    0.17    6.05 ^ i_croc_soc/i_croc/_05445_/Y (sg13g2_nor4_1)
                                         i_croc_soc/i_croc/_00761_ (net)
                  0.13    0.00    6.05 ^ i_croc_soc/i_croc/_05446_/C (sg13g2_nand3_1)
     4    0.02    0.17    0.19    6.25 v i_croc_soc/i_croc/_05446_/Y (sg13g2_nand3_1)
                                         i_croc_soc/i_croc/_00762_ (net)
                  0.17    0.00    6.25 v i_croc_soc/i_croc/_05452_/A (sg13g2_nor3_2)
     5    0.02    0.19    0.22    6.46 ^ i_croc_soc/i_croc/_05452_/Y (sg13g2_nor3_2)
                                         i_croc_soc/i_croc/_00768_ (net)
                  0.19    0.00    6.46 ^ i_croc_soc/i_croc/_05453_/A (sg13g2_inv_1)
     3    0.01    0.08    0.11    6.57 v i_croc_soc/i_croc/_05453_/Y (sg13g2_inv_1)
                                         i_croc_soc/i_croc/_00769_ (net)
                  0.08    0.00    6.57 v i_croc_soc/i_croc/_05455_/B (sg13g2_and4_1)
     2    0.01    0.03    0.11    6.68 v i_croc_soc/i_croc/_05455_/X (sg13g2_and4_1)
                                         i_croc_soc/i_croc/_00771_ (net)
                  0.03    0.00    6.68 v i_croc_soc/i_croc/_05456_/B1 (sg13g2_o21ai_1)
     5    0.02    0.26    0.11    6.79 ^ i_croc_soc/i_croc/_05456_/Y (sg13g2_o21ai_1)
                                         i_croc_soc/i_croc/_00772_ (net)
                  0.26    0.00    6.79 ^ i_croc_soc/i_croc/_05457_/C (sg13g2_nor3_2)
     3    0.01    0.07    0.09    6.89 v i_croc_soc/i_croc/_05457_/Y (sg13g2_nor3_2)
                                         i_croc_soc/i_croc/_00773_ (net)
                  0.07    0.00    6.89 v i_croc_soc/i_croc/_05458_/D (sg13g2_nor4_2)
     3    0.01    0.17    0.15    7.04 ^ i_croc_soc/i_croc/_05458_/Y (sg13g2_nor4_2)
                                         i_croc_soc/i_croc/_00774_ (net)
                  0.17    0.00    7.04 ^ i_croc_soc/i_croc/_05587_/A_N (sg13g2_nand2b_1)
     3    0.01    0.07    0.14    7.18 ^ i_croc_soc/i_croc/_05587_/Y (sg13g2_nand2b_1)
                                         i_croc_soc/i_croc/_00903_ (net)
                  0.07    0.00    7.18 ^ i_croc_soc/i_croc/_05643_/A (sg13g2_nand2_2)
     2    0.01    0.04    0.06    7.24 v i_croc_soc/i_croc/_05643_/Y (sg13g2_nand2_2)
                                         i_croc_soc/i_croc/_00958_ (net)
                  0.04    0.00    7.24 v fanout2307/A (sg13g2_buf_2)
     4    0.02    0.04    0.09    7.33 v fanout2307/X (sg13g2_buf_2)
                                         net2307 (net)
                  0.04    0.00    7.33 v fanout2306/A (sg13g2_buf_2)
     7    0.03    0.06    0.11    7.44 v fanout2306/X (sg13g2_buf_2)
                                         net2306 (net)
                  0.06    0.00    7.44 v fanout2305/A (sg13g2_buf_2)
     8    0.03    0.06    0.12    7.56 v fanout2305/X (sg13g2_buf_2)
                                         net2305 (net)
                  0.06    0.00    7.56 v i_croc_soc/i_croc/_05650_/B2 (sg13g2_a221oi_1)
     3    0.01    0.17    0.19    7.75 ^ i_croc_soc/i_croc/_05650_/Y (sg13g2_a221oi_1)
                                         i_croc_soc/i_croc/_00965_ (net)
                  0.17    0.00    7.75 ^ i_croc_soc/i_croc/_05652_/D (sg13g2_nand4_1)
     3    0.01    0.16    0.20    7.95 v i_croc_soc/i_croc/_05652_/Y (sg13g2_nand4_1)
                                         i_croc_soc/i_croc/_00967_ (net)
                  0.16    0.00    7.95 v i_croc_soc/i_croc/_05676_/A2 (sg13g2_a21o_2)
     5    0.02    0.06    0.21    8.17 v i_croc_soc/i_croc/_05676_/X (sg13g2_a21o_2)
                                         i_croc_soc/i_croc/_00991_ (net)
                  0.06    0.00    8.17 v i_croc_soc/i_croc/_05677_/B (sg13g2_xnor2_1)
     1    0.01    0.08    0.09    8.25 ^ i_croc_soc/i_croc/_05677_/Y (sg13g2_xnor2_1)
                                         i_croc_soc/i_croc/_00992_ (net)
                  0.08    0.00    8.25 ^ i_croc_soc/i_croc/_05733_/A1 (sg13g2_o21ai_1)
     4    0.02    0.12    0.13    8.39 v i_croc_soc/i_croc/_05733_/Y (sg13g2_o21ai_1)
                                         i_croc_soc/i_croc/_01047_ (net)
                  0.12    0.00    8.39 v i_croc_soc/i_croc/_05734_/B (sg13g2_nand2_2)
     5    0.03    0.08    0.10    8.49 ^ i_croc_soc/i_croc/_05734_/Y (sg13g2_nand2_2)
                                         i_croc_soc/i_croc/_01048_ (net)
                  0.08    0.00    8.49 ^ i_croc_soc/i_croc/_06356_/B (sg13g2_nor2_1)
     2    0.01    0.04    0.06    8.54 v i_croc_soc/i_croc/_06356_/Y (sg13g2_nor2_1)
                                         i_croc_soc/i_croc/_01558_ (net)
                  0.04    0.00    8.54 v i_croc_soc/i_croc/_06357_/C (sg13g2_nand3_1)
     3    0.03    0.12    0.11    8.66 ^ i_croc_soc/i_croc/_06357_/Y (sg13g2_nand3_1)
                                         i_croc_soc/i_croc/_01559_ (net)
                  0.12    0.00    8.66 ^ fanout2183/A (sg13g2_buf_8)
     5    0.08    0.05    0.13    8.79 ^ fanout2183/X (sg13g2_buf_8)
                                         net2183 (net)
                  0.05    0.00    8.79 ^ fanout2182/A (sg13g2_buf_4)
     8    0.07    0.09    0.15    8.94 ^ fanout2182/X (sg13g2_buf_4)
                                         net2182 (net)
                  0.09    0.00    8.94 ^ fanout2181/A (sg13g2_buf_2)
     5    0.02    0.05    0.11    9.06 ^ fanout2181/X (sg13g2_buf_2)
                                         net2181 (net)
                  0.05    0.00    9.06 ^ fanout2180/A (sg13g2_buf_2)
     7    0.03    0.06    0.11    9.16 ^ fanout2180/X (sg13g2_buf_2)
                                         net2180 (net)
                  0.06    0.00    9.16 ^ i_croc_soc/i_croc/_06360_/B (sg13g2_nor2_2)
     3    0.02    0.06    0.07    9.23 v i_croc_soc/i_croc/_06360_/Y (sg13g2_nor2_2)
                                         i_croc_soc/i_croc/all_periph_obi_rsp_157_ (net)
                  0.06    0.00    9.23 v fanout2141/A (sg13g2_buf_2)
     7    0.02    0.05    0.11    9.34 v fanout2141/X (sg13g2_buf_2)
                                         net2141 (net)
                  0.05    0.00    9.34 v i_croc_soc/i_croc/i_gpio/_1354_/A (sg13g2_nand2_1)
     2    0.01    0.05    0.05    9.39 ^ i_croc_soc/i_croc/i_gpio/_1354_/Y (sg13g2_nand2_1)
                                         i_croc_soc/i_croc/i_gpio/_0150_ (net)
                  0.05    0.00    9.39 ^ i_croc_soc/i_croc/i_gpio/_1355_/B (sg13g2_nand3_1)
     1    0.00    0.06    0.08    9.47 v i_croc_soc/i_croc/i_gpio/_1355_/Y (sg13g2_nand3_1)
                                         i_croc_soc/i_croc/i_gpio/_0151_ (net)
                  0.06    0.00    9.47 v i_croc_soc/i_croc/i_gpio/_1356_/B1 (sg13g2_o21ai_1)
     1    0.00    0.09    0.05    9.52 ^ i_croc_soc/i_croc/i_gpio/_1356_/Y (sg13g2_o21ai_1)
                                         i_croc_soc/i_croc/all_periph_obi_rsp_159_ (net)
                  0.09    0.00    9.52 ^ i_croc_soc/i_croc/_07626_/A (sg13g2_inv_1)
     1    0.01    0.04    0.05    9.58 v i_croc_soc/i_croc/_07626_/Y (sg13g2_inv_1)
                                         i_croc_soc/i_croc/_02530_ (net)
                  0.04    0.00    9.58 v i_croc_soc/i_croc/_07628_/A2 (sg13g2_o21ai_1)
     1    0.00    0.08    0.08    9.66 ^ i_croc_soc/i_croc/_07628_/Y (sg13g2_o21ai_1)
                                         i_croc_soc/i_croc/_02532_ (net)
                  0.08    0.00    9.66 ^ i_croc_soc/i_croc/_07632_/A2 (sg13g2_a22oi_1)
     4    0.05    0.32    0.29    9.95 v i_croc_soc/i_croc/_07632_/Y (sg13g2_a22oi_1)
                                         i_croc_soc/i_croc/_02536_ (net)
                  0.32    0.01    9.96 v i_croc_soc/i_croc/_07912_/B (sg13g2_nor2_1)
     1    0.00    0.09    0.11   10.07 ^ i_croc_soc/i_croc/_07912_/Y (sg13g2_nor2_1)
                                         i_croc_soc/i_croc/_02783_ (net)
                  0.09    0.00   10.07 ^ i_croc_soc/i_croc/_07913_/C (sg13g2_nor3_1)
     1    0.01    0.05    0.07   10.13 v i_croc_soc/i_croc/_07913_/Y (sg13g2_nor3_1)
                                         i_croc_soc/i_croc/_02784_ (net)
                  0.05    0.00   10.13 v i_croc_soc/i_croc/_07914_/C (sg13g2_nor3_2)
     5    0.04    0.26    0.22   10.35 ^ i_croc_soc/i_croc/_07914_/Y (sg13g2_nor3_2)
                                         i_croc_soc/i_croc/core_instr_obi_rsp_3_ (net)
                  0.26    0.00   10.35 ^ i_croc_soc/i_croc/i_core_wrap/_6488_/A1 (sg13g2_a21o_1)
     3    0.01    0.06    0.19   10.54 ^ i_croc_soc/i_croc/i_core_wrap/_6488_/X (sg13g2_a21o_1)
                                         i_croc_soc/i_croc/i_core_wrap/_1734_ (net)
                  0.06    0.00   10.54 ^ i_croc_soc/i_croc/i_core_wrap/_6941_/B (sg13g2_or3_2)
     5    0.05    0.11    0.16   10.71 ^ i_croc_soc/i_croc/i_core_wrap/_6941_/X (sg13g2_or3_2)
                                         i_croc_soc/i_croc/i_core_wrap/_2122_ (net)
                  0.11    0.00   10.71 ^ i_croc_soc/i_croc/i_core_wrap/_7023_/C (sg13g2_nand3_1)
     4    0.01    0.15    0.16   10.88 v i_croc_soc/i_croc/i_core_wrap/_7023_/Y (sg13g2_nand3_1)
                                         i_croc_soc/i_croc/i_core_wrap/_2200_ (net)
                  0.15    0.00   10.88 v i_croc_soc/i_croc/i_core_wrap/_7065_/A (sg13g2_inv_1)
     1    0.01    0.05    0.07   10.94 ^ i_croc_soc/i_croc/i_core_wrap/_7065_/Y (sg13g2_inv_1)
                                         i_croc_soc/i_croc/i_core_wrap/_2238_ (net)
                  0.05    0.00   10.94 ^ i_croc_soc/i_croc/i_core_wrap/_7066_/C (sg13g2_nand3_1)
     2    0.01    0.11    0.12   11.06 v i_croc_soc/i_croc/i_core_wrap/_7066_/Y (sg13g2_nand3_1)
                                         i_croc_soc/i_croc/i_core_wrap/_2239_ (net)
                  0.11    0.00   11.06 v i_croc_soc/i_croc/i_core_wrap/_7078_/B (sg13g2_nor2_2)
     3    0.01    0.07    0.09   11.15 ^ i_croc_soc/i_croc/i_core_wrap/_7078_/Y (sg13g2_nor2_2)
                                         i_croc_soc/i_croc/i_core_wrap/_2249_ (net)
                  0.07    0.00   11.15 ^ i_croc_soc/i_croc/i_core_wrap/_7110_/C (sg13g2_nand3_1)
     2    0.01    0.11    0.13   11.29 v i_croc_soc/i_croc/i_core_wrap/_7110_/Y (sg13g2_nand3_1)
                                         i_croc_soc/i_croc/i_core_wrap/_2279_ (net)
                  0.11    0.00   11.29 v i_croc_soc/i_croc/i_core_wrap/_7133_/B (sg13g2_nor2_1)
     2    0.01    0.09    0.10   11.39 ^ i_croc_soc/i_croc/i_core_wrap/_7133_/Y (sg13g2_nor2_1)
                                         i_croc_soc/i_croc/i_core_wrap/_2301_ (net)
                  0.09    0.00   11.39 ^ i_croc_soc/i_croc/i_core_wrap/_7149_/B (sg13g2_and2_1)
     2    0.01    0.04    0.12   11.51 ^ i_croc_soc/i_croc/i_core_wrap/_7149_/X (sg13g2_and2_1)
                                         i_croc_soc/i_croc/i_core_wrap/_2316_ (net)
                  0.04    0.00   11.51 ^ i_croc_soc/i_croc/i_core_wrap/_7160_/B (sg13g2_and2_1)
     2    0.01    0.04    0.10   11.60 ^ i_croc_soc/i_croc/i_core_wrap/_7160_/X (sg13g2_and2_1)
                                         i_croc_soc/i_croc/i_core_wrap/_2326_ (net)
                  0.04    0.00   11.60 ^ i_croc_soc/i_croc/i_core_wrap/_7171_/B (sg13g2_and2_1)
     2    0.01    0.04    0.10   11.70 ^ i_croc_soc/i_croc/i_core_wrap/_7171_/X (sg13g2_and2_1)
                                         i_croc_soc/i_croc/i_core_wrap/_2336_ (net)
                  0.04    0.00   11.70 ^ i_croc_soc/i_croc/i_core_wrap/_7186_/B (sg13g2_and2_1)
     2    0.01    0.05    0.10   11.81 ^ i_croc_soc/i_croc/i_core_wrap/_7186_/X (sg13g2_and2_1)
                                         i_croc_soc/i_croc/i_core_wrap/_2350_ (net)
                  0.05    0.00   11.81 ^ i_croc_soc/i_croc/i_core_wrap/_7239_/B (sg13g2_and3_1)
     2    0.01    0.05    0.13   11.94 ^ i_croc_soc/i_croc/i_core_wrap/_7239_/X (sg13g2_and3_1)
                                         i_croc_soc/i_croc/i_core_wrap/_2400_ (net)
                  0.05    0.00   11.94 ^ i_croc_soc/i_croc/i_core_wrap/_7241_/B (sg13g2_and2_1)
     3    0.01    0.05    0.11   12.05 ^ i_croc_soc/i_croc/i_core_wrap/_7241_/X (sg13g2_and2_1)
                                         i_croc_soc/i_croc/i_core_wrap/_2402_ (net)
                  0.05    0.00   12.05 ^ i_croc_soc/i_croc/i_core_wrap/_7291_/C (sg13g2_and3_1)
     2    0.01    0.05    0.14   12.18 ^ i_croc_soc/i_croc/i_core_wrap/_7291_/X (sg13g2_and3_1)
                                         i_croc_soc/i_croc/i_core_wrap/_2449_ (net)
                  0.05    0.00   12.18 ^ i_croc_soc/i_croc/i_core_wrap/_7296_/B (sg13g2_and2_1)
     3    0.01    0.06    0.11   12.29 ^ i_croc_soc/i_croc/i_core_wrap/_7296_/X (sg13g2_and2_1)
                                         i_croc_soc/i_croc/i_core_wrap/_2453_ (net)
                  0.06    0.00   12.29 ^ i_croc_soc/i_croc/i_core_wrap/_7344_/D (sg13g2_nand4_1)
     1    0.00    0.09    0.12   12.42 v i_croc_soc/i_croc/i_core_wrap/_7344_/Y (sg13g2_nand4_1)
                                         i_croc_soc/i_croc/i_core_wrap/_2498_ (net)
                  0.09    0.00   12.42 v i_croc_soc/i_croc/i_core_wrap/_7345_/A (sg13g2_inv_1)
     2    0.01    0.05    0.07   12.48 ^ i_croc_soc/i_croc/i_core_wrap/_7345_/Y (sg13g2_inv_1)
                                         i_croc_soc/i_croc/i_core_wrap/_2499_ (net)
                  0.05    0.00   12.48 ^ i_croc_soc/i_croc/i_core_wrap/_7346_/C (sg13g2_nand3_1)
     4    0.01    0.14    0.15   12.63 v i_croc_soc/i_croc/i_core_wrap/_7346_/Y (sg13g2_nand3_1)
                                         i_croc_soc/i_croc/i_core_wrap/_2500_ (net)
                  0.14    0.00   12.63 v fanout1574/A (sg13g2_buf_2)
     8    0.03    0.06    0.15   12.78 v fanout1574/X (sg13g2_buf_2)
                                         net1574 (net)
                  0.06    0.00   12.78 v i_croc_soc/i_croc/i_core_wrap/_7417_/B (sg13g2_nor3_1)
     1    0.01    0.11    0.13   12.91 ^ i_croc_soc/i_croc/i_core_wrap/_7417_/Y (sg13g2_nor3_1)
                                         i_croc_soc/i_croc/i_core_wrap/_2565_ (net)
                  0.11    0.00   12.91 ^ i_croc_soc/i_croc/i_core_wrap/_7418_/B (sg13g2_xor2_1)
     1    0.00    0.06    0.13   13.04 ^ i_croc_soc/i_croc/i_core_wrap/_7418_/X (sg13g2_xor2_1)
                                         i_croc_soc/i_croc/i_core_wrap/_2566_ (net)
                  0.06    0.00   13.04 ^ i_croc_soc/i_croc/i_core_wrap/_7425_/A2 (sg13g2_a21o_1)
     1    0.00    0.03    0.11   13.14 ^ i_croc_soc/i_croc/i_core_wrap/_7425_/X (sg13g2_a21o_1)
                                         i_croc_soc/i_croc/i_core_wrap/_0088_ (net)
                  0.03    0.00   13.14 ^ i_croc_soc/i_croc/i_core_wrap/i_ibex.crash_dump_o_93__reg/D (sg13g2_dfrbp_2)
                                 13.14   data arrival time

                         12.50   12.50   clock clk_sys (rise edge)
                          0.00   12.50   clock source latency
     1    0.20    0.34    0.03   12.53 ^ clk_i (in)
                                         clk_i (net)
                  0.34    0.00   12.53 ^ pad_clk_i/pad (sg13g2_IOPadIn)
     1    0.11    0.20    0.14   12.66 ^ pad_clk_i/p2c (sg13g2_IOPadIn)
                                         soc_clk_i (net)
                  0.16    0.03   12.70 ^ clkbuf_0_soc_clk_i/A (sg13g2_buf_8)
     4    0.14    0.09    0.17   12.86 ^ clkbuf_0_soc_clk_i/X (sg13g2_buf_8)
                                         clknet_0_soc_clk_i (net)
                  0.09    0.01   12.87 ^ clkbuf_2_1_0_soc_clk_i/A (sg13g2_buf_16)
     8    0.23    0.07    0.12   13.00 ^ clkbuf_2_1_0_soc_clk_i/X (sg13g2_buf_16)
                                         clknet_2_1_0_soc_clk_i (net)
                  0.08    0.02   13.02 ^ clkbuf_5_14_0_soc_clk_i/A (sg13g2_buf_16)
     4    0.06    0.03    0.10   13.12 ^ clkbuf_5_14_0_soc_clk_i/X (sg13g2_buf_16)
                                         clknet_5_14_0_soc_clk_i (net)
                  0.03    0.00   13.12 ^ clkbuf_7_56__f_soc_clk_i/A (sg13g2_buf_8)
     6    0.12    0.07    0.11   13.22 ^ clkbuf_7_56__f_soc_clk_i/X (sg13g2_buf_8)
                                         clknet_7_56__leaf_soc_clk_i (net)
                  0.07    0.00   13.23 ^ clkbuf_leaf_465_soc_clk_i/A (sg13g2_buf_16)
     8    0.03    0.02    0.09   13.31 ^ clkbuf_leaf_465_soc_clk_i/X (sg13g2_buf_16)
                                         clknet_leaf_465_soc_clk_i (net)
                  0.02    0.00   13.31 ^ i_croc_soc/i_croc/i_core_wrap/i_ibex.crash_dump_o_93__reg/CLK (sg13g2_dfrbp_2)
                         -0.10   13.21   clock uncertainty
                          0.01   13.22   clock reconvergence pessimism
                         -0.12   13.10   library setup time
                                 13.10   data required time
-----------------------------------------------------------------------------
                                 13.10   data required time
                                -13.14   data arrival time
-----------------------------------------------------------------------------
                                 -0.04   slack (VIOLATED)



==========================================================================
04_croc.cts report_check_types -max_slew -max_cap -max_fanout -violators
--------------------------------------------------------------------------

==========================================================================
04_croc.cts max_slew_check_slack
--------------------------------------------------------------------------
-2.4305672645568848

==========================================================================
04_croc.cts max_slew_check_limit
--------------------------------------------------------------------------
1.2000000476837158

==========================================================================
04_croc.cts max_slew_check_slack_limit
--------------------------------------------------------------------------
-2.0255

==========================================================================
04_croc.cts max_fanout_check_slack
--------------------------------------------------------------------------
-1.0

==========================================================================
04_croc.cts max_fanout_check_limit
--------------------------------------------------------------------------
8.0

==========================================================================
04_croc.cts max_fanout_check_slack_limit
--------------------------------------------------------------------------
-0.1250

==========================================================================
04_croc.cts max_capacitance_check_slack
--------------------------------------------------------------------------
-11.160959243774414

==========================================================================
04_croc.cts max_capacitance_check_limit
--------------------------------------------------------------------------
4.21304988861084

==========================================================================
04_croc.cts max_capacitance_check_slack_limit
--------------------------------------------------------------------------
-2.6491

==========================================================================
04_croc.cts max_slew_violation_count
--------------------------------------------------------------------------
max slew violation count 71

==========================================================================
04_croc.cts max_fanout_violation_count
--------------------------------------------------------------------------
max fanout violation count 44

==========================================================================
04_croc.cts max_cap_violation_count
--------------------------------------------------------------------------
max cap violation count 71

==========================================================================
04_croc.cts setup_violation_count
--------------------------------------------------------------------------
setup violation count 3

==========================================================================
04_croc.cts hold_violation_count
--------------------------------------------------------------------------
hold violation count 3

==========================================================================
04_croc.cts critical path delay
--------------------------------------------------------------------------
15.1292

==========================================================================
04_croc.cts critical path slack
--------------------------------------------------------------------------
-0.2292

==========================================================================
04_croc.cts slack div critical path delay
--------------------------------------------------------------------------
-1.514951

==========================================================================
04_croc.cts report_power tt
--------------------------------------------------------------------------
Group                  Internal  Switching    Leakage      Total
                          Power      Power      Power      Power (Watts)
----------------------------------------------------------------
Sequential             2.00e-02   4.13e-04   2.13e-06   2.04e-02  43.9%
Combinational          4.64e-03   4.32e-03   4.98e-06   8.96e-03  19.3%
Clock                  1.18e-02   4.61e-03   1.46e-06   1.64e-02  35.3%
Macro                  0.00e+00   0.00e+00   0.00e+00   0.00e+00   0.0%
Pad                    6.17e-05   6.59e-04   1.08e-07   7.21e-04   1.5%
----------------------------------------------------------------
Total                  3.65e-02   1.00e-02   8.69e-06   4.65e-02 100.0%
                          78.5%      21.5%       0.0%

==========================================================================
04_croc.cts report_design_area
--------------------------------------------------------------------------

==========================================================================
04_croc.cts area by hierarchy
--------------------------------------------------------------------------

--------------------------------------------------------------------------------
Design Area Summary
--------------------------------------------------------------------------------
Die Area:              4995225.0 um2
Core Area:             3254162.688 um2
Total Area:            2564398.4352 um2
Total Active Area:     771198.4352000001 um2

Core Utilization:      0.23698828520278334
Std Cell Utilization:  0.1906372833040325

--------------------------------------------------------------------------------
Hierarchical Area Report
--------------------------------------------------------------------------------
                                                                                Global Area (um^2)                                                              Global Instances                                                                Local Area (um^2)                                                               Local Instances
                                                                                ------------------------------------------------------------------------------- ------------------------------------------------------------------------------- ------------------------------------------------------------------------------- ----------------------------------------------------------------------------
Hierarchy Name                                                                  Total           StdCell         Macro           Cover           Pad             Total           StdCell         Macro           Cover           Pad             Total           StdCell         Macro           Cover           Pad             Total           StdCell         Macro           Cover           Pad             
-----------------------------------------------------------------------------------------------------------------------------------------------------------------------------------------------------------------------------------------------------------------------------------------------------------------------------------------------------------------------------------------------------------
<top>                                                                           2564398.435     584837.366      186361.069      313600.000      1479600.000     34590           34208           2               64              316             1892877.693     99677.693       0.000           313600.000      1479600.000     6350            5970            0               64              316             
  i_croc_soc                                                                    671520.742      485159.674      186361.069      0.000           0.000           28240           28238           2               0               0               195.955         195.955         0.000           0.000           0.000           5               5               0               0               0               
    i_croc                                                                      665899.731      479538.662      186361.069      0.000           0.000           27939           27937           2               0               0               87238.166       87238.166       0.000           0.000           0.000           5789            5789            0               0               0               
      gen_sram_bank\[0\].i_sram                                                 95016.707       1836.173        93180.534       0.000           0.000           186             185             1               0               0               95016.707       1836.173        93180.534       0.000           0.000           186             185             1               0               0               
      gen_sram_bank\[1\].i_sram                                                 95022.150       1841.616        93180.534       0.000           0.000           186             185             1               0               0               95022.150       1841.616        93180.534       0.000           0.000           186             185             1               0               0               
      i_core_wrap                                                               214198.992      214198.992      0.000           0.000           0.000           11715           11715           0               0               0               68802.048       68802.048       0.000           0.000           0.000           4927            4927            0               0               0               
        i_ibex.cs_registers_i                                                   53873.165       53873.165       0.000           0.000           0.000           3114            3114            0               0               0               53873.165       53873.165       0.000           0.000           0.000           3114            3114            0               0               0               
        i_ibex.register_file_i                                                  91523.779       91523.779       0.000           0.000           0.000           3674            3674            0               0               0               91523.779       91523.779       0.000           0.000           0.000           3674            3674            0               0               0               
      i_dm_top.i_dm_top                                                         73940.429       73940.429       0.000           0.000           0.000           4686            4686            0               0               0               73940.429       73940.429       0.000           0.000           0.000           4686            4686            0               0               0               
      i_dmi_jtag                                                                38964.240       38964.240       0.000           0.000           0.000           2185            2185            0               0               0               15262.733       15262.733       0.000           0.000           0.000           998             998             0               0               0               
        i_dmi_cdc.i_cdc_req                                                     12628.224       12628.224       0.000           0.000           0.000           621             621             0               0               0               235.872         235.872         0.000           0.000           0.000           8               8               0               0               0               
          i_cdc_reset_ctrlr                                                     4046.112        4046.112        0.000           0.000           0.000           258             258             0               0               0               0.000           0.000           0.000           0.000           0.000           0               0               0               0               0               
            i_cdc_reset_ctrlr_half_a                                            2035.757        2035.757        0.000           0.000           0.000           131             131             0               0               0               1046.909        1046.909        0.000           0.000           0.000           83              83              0               0               0               
              i_state_transition_cdc_dst                                        373.766         373.766         0.000           0.000           0.000           19              19              0               0               0               279.418         279.418         0.000           0.000           0.000           17              17              0               0               0               
                i_sync                                                          94.349          94.349          0.000           0.000           0.000           2               2               0               0               0               94.349          94.349          0.000           0.000           0.000           2               2               0               0               0               
              i_state_transition_cdc_src                                        615.082         615.082         0.000           0.000           0.000           29              29              0               0               0               513.475         513.475         0.000           0.000           0.000           27              27              0               0               0               
                i_sync                                                          101.606         101.606         0.000           0.000           0.000           2               2               0               0               0               101.606         101.606         0.000           0.000           0.000           2               2               0               0               0               
            i_cdc_reset_ctrlr_half_b                                            2010.355        2010.355        0.000           0.000           0.000           127             127             0               0               0               1028.765        1028.765        0.000           0.000           0.000           79              79              0               0               0               
              i_state_transition_cdc_dst                                        373.766         373.766         0.000           0.000           0.000           19              19              0               0               0               279.418         279.418         0.000           0.000           0.000           17              17              0               0               0               
                i_sync                                                          94.349          94.349          0.000           0.000           0.000           2               2               0               0               0               94.349          94.349          0.000           0.000           0.000           2               2               0               0               0               
              i_state_transition_cdc_src                                        607.824         607.824         0.000           0.000           0.000           29              29              0               0               0               513.475         513.475         0.000           0.000           0.000           27              27              0               0               0               
                i_sync                                                          94.349          94.349          0.000           0.000           0.000           2               2               0               0               0               94.349          94.349          0.000           0.000           0.000           2               2               0               0               0               
          i_dst                                                                 4267.469        4267.469        0.000           0.000           0.000           178             178             0               0               0               4125.946        4125.946        0.000           0.000           0.000           175             175             0               0               0               
            i_sync                                                              141.523         141.523         0.000           0.000           0.000           3               3               0               0               0               141.523         141.523         0.000           0.000           0.000           3               3               0               0               0               
          i_src                                                                 4078.771        4078.771        0.000           0.000           0.000           177             177             0               0               0               3937.248        3937.248        0.000           0.000           0.000           174             174             0               0               0               
            i_sync                                                              141.523         141.523         0.000           0.000           0.000           3               3               0               0               0               141.523         141.523         0.000           0.000           0.000           3               3               0               0               0               
        i_dmi_cdc.i_cdc_resp                                                    11042.438       11042.438       0.000           0.000           0.000           563             563             0               0               0               243.130         243.130         0.000           0.000           0.000           9               9               0               0               0               
          i_cdc_reset_ctrlr                                                     4020.710        4020.710        0.000           0.000           0.000           255             255             0               0               0               0.000           0.000           0.000           0.000           0.000           0               0               0               0               0               
            i_cdc_reset_ctrlr_half_a                                            2033.942        2033.942        0.000           0.000           0.000           133             133             0               0               0               1045.094        1045.094        0.000           0.000           0.000           85              85              0               0               0               
              i_state_transition_cdc_dst                                        373.766         373.766         0.000           0.000           0.000           19              19              0               0               0               279.418         279.418         0.000           0.000           0.000           17              17              0               0               0               
                i_sync                                                          94.349          94.349          0.000           0.000           0.000           2               2               0               0               0               94.349          94.349          0.000           0.000           0.000           2               2               0               0               0               
              i_state_transition_cdc_src                                        615.082         615.082         0.000           0.000           0.000           29              29              0               0               0               513.475         513.475         0.000           0.000           0.000           27              27              0               0               0               
                i_sync                                                          101.606         101.606         0.000           0.000           0.000           2               2               0               0               0               101.606         101.606         0.000           0.000           0.000           2               2               0               0               0               
            i_cdc_reset_ctrlr_half_b                                            1986.768        1986.768        0.000           0.000           0.000           122             122             0               0               0               997.920         997.920         0.000           0.000           0.000           74              74              0               0               0               
              i_state_transition_cdc_dst                                        373.766         373.766         0.000           0.000           0.000           19              19              0               0               0               279.418         279.418         0.000           0.000           0.000           17              17              0               0               0               
                i_sync                                                          94.349          94.349          0.000           0.000           0.000           2               2               0               0               0               94.349          94.349          0.000           0.000           0.000           2               2               0               0               0               
              i_state_transition_cdc_src                                        615.082         615.082         0.000           0.000           0.000           29              29              0               0               0               513.475         513.475         0.000           0.000           0.000           27              27              0               0               0               
                i_sync                                                          101.606         101.606         0.000           0.000           0.000           2               2               0               0               0               101.606         101.606         0.000           0.000           0.000           2               2               0               0               0               
          i_dst                                                                 3421.958        3421.958        0.000           0.000           0.000           150             150             0               0               0               3280.435        3280.435        0.000           0.000           0.000           147             147             0               0               0               
            i_sync                                                              141.523         141.523         0.000           0.000           0.000           3               3               0               0               0               141.523         141.523         0.000           0.000           0.000           3               3               0               0               0               
          i_src                                                                 3356.640        3356.640        0.000           0.000           0.000           149             149             0               0               0               3215.117        3215.117        0.000           0.000           0.000           146             146             0               0               0               
            i_sync                                                              141.523         141.523         0.000           0.000           0.000           3               3               0               0               0               141.523         141.523         0.000           0.000           0.000           3               3               0               0               0               
        i_dmi_jtag_tap.i_dft_tck_mux                                            25.402          25.402          0.000           0.000           0.000           2               2               0               0               0               25.402          25.402          0.000           0.000           0.000           2               2               0               0               0               
        i_dmi_jtag_tap.i_tck_inv                                                5.443           5.443           0.000           0.000           0.000           1               1               0               0               0               5.443           5.443           0.000           0.000           0.000           1               1               0               0               0               
      i_gpio                                                                    27471.830       27471.830       0.000           0.000           0.000           1347            1347            0               0               0               24314.774       24314.774       0.000           0.000           0.000           1283            1283            0               0               0               
        gen_gpios\[0\].i_sync                                                   101.606         101.606         0.000           0.000           0.000           2               2               0               0               0               101.606         101.606         0.000           0.000           0.000           2               2               0               0               0               
        gen_gpios\[10\].i_sync                                                  94.349          94.349          0.000           0.000           0.000           2               2               0               0               0               94.349          94.349          0.000           0.000           0.000           2               2               0               0               0               
        gen_gpios\[11\].i_sync                                                  94.349          94.349          0.000           0.000           0.000           2               2               0               0               0               94.349          94.349          0.000           0.000           0.000           2               2               0               0               0               
        gen_gpios\[12\].i_sync                                                  94.349          94.349          0.000           0.000           0.000           2               2               0               0               0               94.349          94.349          0.000           0.000           0.000           2               2               0               0               0               
        gen_gpios\[13\].i_sync                                                  94.349          94.349          0.000           0.000           0.000           2               2               0               0               0               94.349          94.349          0.000           0.000           0.000           2               2               0               0               0               
        gen_gpios\[14\].i_sync                                                  94.349          94.349          0.000           0.000           0.000           2               2               0               0               0               94.349          94.349          0.000           0.000           0.000           2               2               0               0               0               
        gen_gpios\[15\].i_sync                                                  94.349          94.349          0.000           0.000           0.000           2               2               0               0               0               94.349          94.349          0.000           0.000           0.000           2               2               0               0               0               
        gen_gpios\[16\].i_sync                                                  101.606         101.606         0.000           0.000           0.000           2               2               0               0               0               101.606         101.606         0.000           0.000           0.000           2               2               0               0               0               
        gen_gpios\[17\].i_sync                                                  94.349          94.349          0.000           0.000           0.000           2               2               0               0               0               94.349          94.349          0.000           0.000           0.000           2               2               0               0               0               
        gen_gpios\[18\].i_sync                                                  101.606         101.606         0.000           0.000           0.000           2               2               0               0               0               101.606         101.606         0.000           0.000           0.000           2               2               0               0               0               
        gen_gpios\[19\].i_sync                                                  101.606         101.606         0.000           0.000           0.000           2               2               0               0               0               101.606         101.606         0.000           0.000           0.000           2               2               0               0               0               
        gen_gpios\[1\].i_sync                                                   101.606         101.606         0.000           0.000           0.000           2               2               0               0               0               101.606         101.606         0.000           0.000           0.000           2               2               0               0               0               
        gen_gpios\[20\].i_sync                                                  101.606         101.606         0.000           0.000           0.000           2               2               0               0               0               101.606         101.606         0.000           0.000           0.000           2               2               0               0               0               
        gen_gpios\[21\].i_sync                                                  101.606         101.606         0.000           0.000           0.000           2               2               0               0               0               101.606         101.606         0.000           0.000           0.000           2               2               0               0               0               
        gen_gpios\[22\].i_sync                                                  101.606         101.606         0.000           0.000           0.000           2               2               0               0               0               101.606         101.606         0.000           0.000           0.000           2               2               0               0               0               
        gen_gpios\[23\].i_sync                                                  101.606         101.606         0.000           0.000           0.000           2               2               0               0               0               101.606         101.606         0.000           0.000           0.000           2               2               0               0               0               
        gen_gpios\[24\].i_sync                                                  101.606         101.606         0.000           0.000           0.000           2               2               0               0               0               101.606         101.606         0.000           0.000           0.000           2               2               0               0               0               
        gen_gpios\[25\].i_sync                                                  101.606         101.606         0.000           0.000           0.000           2               2               0               0               0               101.606         101.606         0.000           0.000           0.000           2               2               0               0               0               
        gen_gpios\[26\].i_sync                                                  101.606         101.606         0.000           0.000           0.000           2               2               0               0               0               101.606         101.606         0.000           0.000           0.000           2               2               0               0               0               
        gen_gpios\[27\].i_sync                                                  94.349          94.349          0.000           0.000           0.000           2               2               0               0               0               94.349          94.349          0.000           0.000           0.000           2               2               0               0               0               
        gen_gpios\[28\].i_sync                                                  94.349          94.349          0.000           0.000           0.000           2               2               0               0               0               94.349          94.349          0.000           0.000           0.000           2               2               0               0               0               
        gen_gpios\[29\].i_sync                                                  94.349          94.349          0.000           0.000           0.000           2               2               0               0               0               94.349          94.349          0.000           0.000           0.000           2               2               0               0               0               
        gen_gpios\[2\].i_sync                                                   101.606         101.606         0.000           0.000           0.000           2               2               0               0               0               101.606         101.606         0.000           0.000           0.000           2               2               0               0               0               
        gen_gpios\[30\].i_sync                                                  94.349          94.349          0.000           0.000           0.000           2               2               0               0               0               94.349          94.349          0.000           0.000           0.000           2               2               0               0               0               
        gen_gpios\[31\].i_sync                                                  101.606         101.606         0.000           0.000           0.000           2               2               0               0               0               101.606         101.606         0.000           0.000           0.000           2               2               0               0               0               
        gen_gpios\[3\].i_sync                                                   101.606         101.606         0.000           0.000           0.000           2               2               0               0               0               101.606         101.606         0.000           0.000           0.000           2               2               0               0               0               
        gen_gpios\[4\].i_sync                                                   108.864         108.864         0.000           0.000           0.000           2               2               0               0               0               108.864         108.864         0.000           0.000           0.000           2               2               0               0               0               
        gen_gpios\[5\].i_sync                                                   94.349          94.349          0.000           0.000           0.000           2               2               0               0               0               94.349          94.349          0.000           0.000           0.000           2               2               0               0               0               
        gen_gpios\[6\].i_sync                                                   94.349          94.349          0.000           0.000           0.000           2               2               0               0               0               94.349          94.349          0.000           0.000           0.000           2               2               0               0               0               
        gen_gpios\[7\].i_sync                                                   94.349          94.349          0.000           0.000           0.000           2               2               0               0               0               94.349          94.349          0.000           0.000           0.000           2               2               0               0               0               
        gen_gpios\[8\].i_sync                                                   101.606         101.606         0.000           0.000           0.000           2               2               0               0               0               101.606         101.606         0.000           0.000           0.000           2               2               0               0               0               
        gen_gpios\[9\].i_sync                                                   101.606         101.606         0.000           0.000           0.000           2               2               0               0               0               101.606         101.606         0.000           0.000           0.000           2               2               0               0               0               
      i_soc_ctrl                                                                5604.682        5604.682        0.000           0.000           0.000           239             239             0               0               0               5604.682        5604.682        0.000           0.000           0.000           239             239             0               0               0               
      i_timer                                                                   27941.760       27941.760       0.000           0.000           0.000           1592            1592            0               0               0               27941.760       27941.760       0.000           0.000           0.000           1592            1592            0               0               0               
      i_uart.i_uart_modem.i_sync_cd                                             101.606         101.606         0.000           0.000           0.000           3               3               0               0               0               101.606         101.606         0.000           0.000           0.000           3               3               0               0               0               
      i_uart.i_uart_modem.i_sync_cts                                            101.606         101.606         0.000           0.000           0.000           3               3               0               0               0               101.606         101.606         0.000           0.000           0.000           3               3               0               0               0               
      i_uart.i_uart_modem.i_sync_dsr                                            101.606         101.606         0.000           0.000           0.000           3               3               0               0               0               101.606         101.606         0.000           0.000           0.000           3               3               0               0               0               
      i_uart.i_uart_modem.i_sync_ri                                             101.606         101.606         0.000           0.000           0.000           3               3               0               0               0               101.606         101.606         0.000           0.000           0.000           3               3               0               0               0               
      i_uart.i_uart_rx.i_sync                                                   94.349          94.349          0.000           0.000           0.000           2               2               0               0               0               94.349          94.349          0.000           0.000           0.000           2               2               0               0               0               
    i_ext_intr_sync                                                             101.606         101.606         0.000           0.000           0.000           2               2               0               0               0               101.606         101.606         0.000           0.000           0.000           2               2               0               0               0               
    i_rstgen.i_rstgen_bypass.i_tc_clk_mux2_init_no                              32.659          32.659          0.000           0.000           0.000           3               3               0               0               0               32.659          32.659          0.000           0.000           0.000           3               3               0               0               0               
    i_rstgen.i_rstgen_bypass.i_tc_clk_mux2_rst_n                                27.216          27.216          0.000           0.000           0.000           2               2               0               0               0               27.216          27.216          0.000           0.000           0.000           2               2               0               0               0               
    i_rstgen.i_rstgen_bypass.i_tc_clk_mux2_rst_no                               25.402          25.402          0.000           0.000           0.000           2               2               0               0               0               25.402          25.402          0.000           0.000           0.000           2               2               0               0               0               
    i_user                                                                      5238.173        5238.173        0.000           0.000           0.000           287             287             0               0               0               5238.173        5238.173        0.000           0.000           0.000           287             287             0               0               0               
