
==========================================================================
04_croc.cts_unrepaired check_setup
--------------------------------------------------------------------------
0

==========================================================================
04_croc.cts_unrepaired report_tns
--------------------------------------------------------------------------
tns -12.15

==========================================================================
04_croc.cts_unrepaired report_wns
--------------------------------------------------------------------------
wns -0.55

==========================================================================
04_croc.cts_unrepaired report_worst_slack
--------------------------------------------------------------------------
worst slack -0.55

==========================================================================
04_croc.cts_unrepaired report_checks -path_delay min
--------------------------------------------------------------------------
Startpoint: i_croc_soc/i_rstgen.i_rstgen_bypass.synch_regs_q_3__reg
            (rising edge-triggered flip-flop clocked by clk_sys)
Endpoint: i_croc_soc/i_user/i_user_err.i_id_fifo.usage_o_reg
          (removal check against rising-edge clock clk_sys)
Path Group: asynchronous
Path Type: min
Corner: ff

Fanout     Cap    Slew   Delay    Time   Description
-----------------------------------------------------------------------------
                          0.00    0.00   clock clk_sys (rise edge)
                          0.00    0.00   clock source latency
     1    0.20    0.25    0.02    0.02 ^ clk_i (in)
                                         clk_i (net)
                  0.25    0.00    0.02 ^ pad_clk_i/pad (sg13g2_IOPadIn)
     1    0.01    0.03    0.04    0.07 ^ pad_clk_i/p2c (sg13g2_IOPadIn)
                                         soc_clk_i (net)
                  0.02    0.00    0.07 ^ clkbuf_0_soc_clk_i/A (sg13g2_buf_8)
     4    0.07    0.03    0.06    0.13 ^ clkbuf_0_soc_clk_i/X (sg13g2_buf_8)
                                         clknet_0_soc_clk_i (net)
                  0.03    0.00    0.13 ^ clkbuf_2_3_0_soc_clk_i/A (sg13g2_buf_16)
     2    0.04    0.02    0.05    0.18 ^ clkbuf_2_3_0_soc_clk_i/X (sg13g2_buf_16)
                                         clknet_2_3_0_soc_clk_i (net)
                  0.02    0.00    0.18 ^ clkbuf_3_6_0_soc_clk_i/A (sg13g2_buf_16)
    16    0.30    0.06    0.08    0.26 ^ clkbuf_3_6_0_soc_clk_i/X (sg13g2_buf_16)
                                         clknet_3_6_0_soc_clk_i (net)
                  0.06    0.00    0.26 ^ clkbuf_7_98_0_soc_clk_i/A (sg13g2_buf_16)
     6    0.11    0.03    0.07    0.33 ^ clkbuf_7_98_0_soc_clk_i/X (sg13g2_buf_16)
                                         clknet_7_98_0_soc_clk_i (net)
                  0.03    0.00    0.33 ^ clkbuf_leaf_717_soc_clk_i/A (sg13g2_buf_16)
     5    0.02    0.01    0.05    0.38 ^ clkbuf_leaf_717_soc_clk_i/X (sg13g2_buf_16)
                                         clknet_leaf_717_soc_clk_i (net)
                  0.01    0.00    0.38 ^ i_croc_soc/i_rstgen.i_rstgen_bypass.synch_regs_q_3__reg/CLK (sg13g2_dfrbp_1)
     2    0.01    0.03    0.14    0.52 ^ i_croc_soc/i_rstgen.i_rstgen_bypass.synch_regs_q_3__reg/Q (sg13g2_dfrbp_1)
                                         i_croc_soc/i_rstgen.i_rstgen_bypass.synch_regs_q_3_ (net)
                  0.03    0.00    0.52 ^ i_croc_soc/i_rstgen.i_rstgen_bypass.i_tc_clk_mux2_rst_no/i_mux/A0 (sg13g2_mux2_2)
     3    0.16    0.21    0.19    0.71 ^ i_croc_soc/i_rstgen.i_rstgen_bypass.i_tc_clk_mux2_rst_no/i_mux/X (sg13g2_mux2_2)
                                         i_croc_soc/i_rstgen.i_rstgen_bypass.rst_no (net)
                  0.24    0.06    0.77 ^ fanout4563/A (sg13g2_buf_8)
     4    0.07    0.04    0.12    0.88 ^ fanout4563/X (sg13g2_buf_8)
                                         net4563 (net)
                  0.04    0.00    0.89 ^ fanout4562/A (sg13g2_buf_4)
     4    0.03    0.03    0.08    0.96 ^ fanout4562/X (sg13g2_buf_4)
                                         net4562 (net)
                  0.03    0.00    0.96 ^ i_croc_soc/i_user/i_user_err.i_id_fifo.usage_o_reg/RESET_B (sg13g2_dfrbp_1)
                                  0.96   data arrival time

                          0.00    0.00   clock clk_sys (rise edge)
                          0.00    0.00   clock source latency
     1    0.24    0.26    0.03    0.03 ^ clk_i (in)
                                         clk_i (net)
                  0.26    0.00    0.03 ^ pad_clk_i/pad (sg13g2_IOPadIn)
     1    0.01    0.03    0.04    0.07 ^ pad_clk_i/p2c (sg13g2_IOPadIn)
                                         soc_clk_i (net)
                  0.02    0.00    0.07 ^ clkbuf_0_soc_clk_i/A (sg13g2_buf_8)
     4    0.07    0.03    0.06    0.13 ^ clkbuf_0_soc_clk_i/X (sg13g2_buf_8)
                                         clknet_0_soc_clk_i (net)
                  0.03    0.00    0.13 ^ clkbuf_2_1_0_soc_clk_i/A (sg13g2_buf_16)
     2    0.04    0.02    0.05    0.18 ^ clkbuf_2_1_0_soc_clk_i/X (sg13g2_buf_16)
                                         clknet_2_1_0_soc_clk_i (net)
                  0.02    0.00    0.18 ^ clkbuf_3_3_0_soc_clk_i/A (sg13g2_buf_16)
    16    0.30    0.06    0.08    0.26 ^ clkbuf_3_3_0_soc_clk_i/X (sg13g2_buf_16)
                                         clknet_3_3_0_soc_clk_i (net)
                  0.06    0.00    0.26 ^ clkbuf_7_58_0_soc_clk_i/A (sg13g2_buf_16)
     7    0.11    0.03    0.07    0.33 ^ clkbuf_7_58_0_soc_clk_i/X (sg13g2_buf_16)
                                         clknet_7_58_0_soc_clk_i (net)
                  0.05    0.00    0.33 ^ clkbuf_leaf_235_soc_clk_i/A (sg13g2_buf_16)
     6    0.02    0.01    0.06    0.39 ^ clkbuf_leaf_235_soc_clk_i/X (sg13g2_buf_16)
                                         clknet_leaf_235_soc_clk_i (net)
                  0.01    0.00    0.39 ^ i_croc_soc/i_user/i_user_err.i_id_fifo.usage_o_reg/CLK (sg13g2_dfrbp_1)
                          0.10    0.49   clock uncertainty
                          0.00    0.48   clock reconvergence pessimism
                         -0.07    0.41   library removal time
                                  0.41   data required time
-----------------------------------------------------------------------------
                                  0.41   data required time
                                 -0.96   data arrival time
-----------------------------------------------------------------------------
                                  0.55   slack (MET)


Startpoint: i_croc_soc/i_croc/i_dmi_jtag/i_dmi_cdc.i_cdc_resp/i_cdc_reset_ctrlr/i_cdc_reset_ctrlr_half_b/i_state_transition_cdc_dst/i_sync/reg_q_0__reg
            (rising edge-triggered flip-flop clocked by clk_jtg)
Endpoint: i_croc_soc/i_croc/i_dmi_jtag/i_dmi_cdc.i_cdc_resp/i_cdc_reset_ctrlr/i_cdc_reset_ctrlr_half_b/i_state_transition_cdc_dst/i_sync/serial_o_reg
          (rising edge-triggered flip-flop clocked by clk_jtg)
Path Group: clk_jtg
Path Type: min
Corner: ff

Fanout     Cap    Slew   Delay    Time   Description
-----------------------------------------------------------------------------
                          0.00    0.00   clock clk_jtg (rise edge)
                          0.00    0.00   clock source latency
     1    0.20    0.25    0.02    0.02 ^ jtag_tck_i (in)
                                         jtag_tck_i (net)
                  0.25    0.00    0.02 ^ pad_jtag_tck_i/pad (sg13g2_IOPadIn)
     1    0.01    0.03    0.04    0.07 ^ pad_jtag_tck_i/p2c (sg13g2_IOPadIn)
                                         soc_jtag_tck_i (net)
                  0.02    0.00    0.07 ^ clkbuf_0_soc_jtag_tck_i/A (sg13g2_buf_8)
     8    0.08    0.03    0.06    0.13 ^ clkbuf_0_soc_jtag_tck_i/X (sg13g2_buf_8)
                                         clknet_0_soc_jtag_tck_i (net)
                  0.03    0.00    0.13 ^ clkbuf_3_5__f_soc_jtag_tck_i/A (sg13g2_buf_8)
     5    0.09    0.04    0.07    0.20 ^ clkbuf_3_5__f_soc_jtag_tck_i/X (sg13g2_buf_8)
                                         clknet_3_5__leaf_soc_jtag_tck_i (net)
                  0.04    0.00    0.20 ^ clkbuf_leaf_12_soc_jtag_tck_i/A (sg13g2_buf_16)
     8    0.03    0.02    0.05    0.25 ^ clkbuf_leaf_12_soc_jtag_tck_i/X (sg13g2_buf_16)
                                         clknet_leaf_12_soc_jtag_tck_i (net)
                  0.02    0.00    0.25 ^ i_croc_soc/i_croc/i_dmi_jtag/i_dmi_cdc.i_cdc_resp/i_cdc_reset_ctrlr/i_cdc_reset_ctrlr_half_b/i_state_transition_cdc_dst/i_sync/reg_q_0__reg/CLK (sg13g2_dfrbp_1)
     1    0.00    0.01    0.13    0.38 v i_croc_soc/i_croc/i_dmi_jtag/i_dmi_cdc.i_cdc_resp/i_cdc_reset_ctrlr/i_cdc_reset_ctrlr_half_b/i_state_transition_cdc_dst/i_sync/reg_q_0__reg/Q (sg13g2_dfrbp_1)
                                         i_croc_soc/i_croc/i_dmi_jtag/i_dmi_cdc.i_cdc_resp/i_cdc_reset_ctrlr/i_cdc_reset_ctrlr_half_b/i_state_transition_cdc_dst/i_sync/reg_q_0_ (net)
                  0.01    0.00    0.38 v i_croc_soc/i_croc/i_dmi_jtag/i_dmi_cdc.i_cdc_resp/i_cdc_reset_ctrlr/i_cdc_reset_ctrlr_half_b/i_state_transition_cdc_dst/i_sync/serial_o_reg/D (sg13g2_dfrbp_1)
                                  0.38   data arrival time

                          0.00    0.00   clock clk_jtg (rise edge)
                          0.00    0.00   clock source latency
     1    0.24    0.26    0.03    0.03 ^ jtag_tck_i (in)
                                         jtag_tck_i (net)
                  0.26    0.00    0.03 ^ pad_jtag_tck_i/pad (sg13g2_IOPadIn)
     1    0.01    0.03    0.04    0.07 ^ pad_jtag_tck_i/p2c (sg13g2_IOPadIn)
                                         soc_jtag_tck_i (net)
                  0.02    0.00    0.07 ^ clkbuf_0_soc_jtag_tck_i/A (sg13g2_buf_8)
     8    0.08    0.03    0.06    0.13 ^ clkbuf_0_soc_jtag_tck_i/X (sg13g2_buf_8)
                                         clknet_0_soc_jtag_tck_i (net)
                  0.03    0.00    0.13 ^ clkbuf_3_5__f_soc_jtag_tck_i/A (sg13g2_buf_8)
     5    0.09    0.04    0.07    0.20 ^ clkbuf_3_5__f_soc_jtag_tck_i/X (sg13g2_buf_8)
                                         clknet_3_5__leaf_soc_jtag_tck_i (net)
                  0.04    0.00    0.20 ^ clkbuf_leaf_12_soc_jtag_tck_i/A (sg13g2_buf_16)
     8    0.03    0.02    0.05    0.25 ^ clkbuf_leaf_12_soc_jtag_tck_i/X (sg13g2_buf_16)
                                         clknet_leaf_12_soc_jtag_tck_i (net)
                  0.02    0.00    0.25 ^ i_croc_soc/i_croc/i_dmi_jtag/i_dmi_cdc.i_cdc_resp/i_cdc_reset_ctrlr/i_cdc_reset_ctrlr_half_b/i_state_transition_cdc_dst/i_sync/serial_o_reg/CLK (sg13g2_dfrbp_1)
                          0.10    0.35   clock uncertainty
                          0.00    0.35   clock reconvergence pessimism
                         -0.02    0.33   library hold time
                                  0.33   data required time
-----------------------------------------------------------------------------
                                  0.33   data required time
                                 -0.38   data arrival time
-----------------------------------------------------------------------------
                                  0.05   slack (MET)


Startpoint: i_croc_soc/i_croc/i_dmi_jtag/i_dmi_cdc.i_cdc_resp/i_cdc_reset_ctrlr/i_cdc_reset_ctrlr_half_a/i_state_transition_cdc_dst/i_sync/reg_q_0__reg
            (rising edge-triggered flip-flop clocked by clk_sys)
Endpoint: i_croc_soc/i_croc/i_dmi_jtag/i_dmi_cdc.i_cdc_resp/i_cdc_reset_ctrlr/i_cdc_reset_ctrlr_half_a/i_state_transition_cdc_dst/i_sync/serial_o_reg
          (rising edge-triggered flip-flop clocked by clk_sys)
Path Group: clk_sys
Path Type: min
Corner: ff

Fanout     Cap    Slew   Delay    Time   Description
-----------------------------------------------------------------------------
                          0.00    0.00   clock clk_sys (rise edge)
                          0.00    0.00   clock source latency
     1    0.20    0.25    0.02    0.02 ^ clk_i (in)
                                         clk_i (net)
                  0.25    0.00    0.02 ^ pad_clk_i/pad (sg13g2_IOPadIn)
     1    0.01    0.03    0.04    0.07 ^ pad_clk_i/p2c (sg13g2_IOPadIn)
                                         soc_clk_i (net)
                  0.02    0.00    0.07 ^ clkbuf_0_soc_clk_i/A (sg13g2_buf_8)
     4    0.07    0.03    0.06    0.13 ^ clkbuf_0_soc_clk_i/X (sg13g2_buf_8)
                                         clknet_0_soc_clk_i (net)
                  0.03    0.00    0.13 ^ clkbuf_2_3_0_soc_clk_i/A (sg13g2_buf_16)
     2    0.04    0.02    0.05    0.18 ^ clkbuf_2_3_0_soc_clk_i/X (sg13g2_buf_16)
                                         clknet_2_3_0_soc_clk_i (net)
                  0.02    0.00    0.18 ^ clkbuf_3_6_0_soc_clk_i/A (sg13g2_buf_16)
    16    0.30    0.06    0.08    0.26 ^ clkbuf_3_6_0_soc_clk_i/X (sg13g2_buf_16)
                                         clknet_3_6_0_soc_clk_i (net)
                  0.06    0.00    0.26 ^ clkbuf_7_99_0_soc_clk_i/A (sg13g2_buf_16)
     6    0.10    0.03    0.07    0.33 ^ clkbuf_7_99_0_soc_clk_i/X (sg13g2_buf_16)
                                         clknet_7_99_0_soc_clk_i (net)
                  0.03    0.00    0.33 ^ i_croc_soc/i_croc/i_dmi_jtag/i_dmi_cdc.i_cdc_resp/i_cdc_reset_ctrlr/i_cdc_reset_ctrlr_half_a/i_state_transition_cdc_dst/i_sync/reg_q_0__reg/CLK (sg13g2_dfrbp_1)
     1    0.00    0.01    0.13    0.46 v i_croc_soc/i_croc/i_dmi_jtag/i_dmi_cdc.i_cdc_resp/i_cdc_reset_ctrlr/i_cdc_reset_ctrlr_half_a/i_state_transition_cdc_dst/i_sync/reg_q_0__reg/Q (sg13g2_dfrbp_1)
                                         i_croc_soc/i_croc/i_dmi_jtag/i_dmi_cdc.i_cdc_resp/i_cdc_reset_ctrlr/i_cdc_reset_ctrlr_half_a/i_state_transition_cdc_dst/i_sync/reg_q_0_ (net)
                  0.01    0.00    0.46 v i_croc_soc/i_croc/i_dmi_jtag/i_dmi_cdc.i_cdc_resp/i_cdc_reset_ctrlr/i_cdc_reset_ctrlr_half_a/i_state_transition_cdc_dst/i_sync/serial_o_reg/D (sg13g2_dfrbp_1)
                                  0.46   data arrival time

                          0.00    0.00   clock clk_sys (rise edge)
                          0.00    0.00   clock source latency
     1    0.24    0.26    0.03    0.03 ^ clk_i (in)
                                         clk_i (net)
                  0.26    0.00    0.03 ^ pad_clk_i/pad (sg13g2_IOPadIn)
     1    0.01    0.03    0.04    0.07 ^ pad_clk_i/p2c (sg13g2_IOPadIn)
                                         soc_clk_i (net)
                  0.02    0.00    0.07 ^ clkbuf_0_soc_clk_i/A (sg13g2_buf_8)
     4    0.07    0.03    0.06    0.13 ^ clkbuf_0_soc_clk_i/X (sg13g2_buf_8)
                                         clknet_0_soc_clk_i (net)
                  0.03    0.00    0.13 ^ clkbuf_2_3_0_soc_clk_i/A (sg13g2_buf_16)
     2    0.04    0.02    0.05    0.18 ^ clkbuf_2_3_0_soc_clk_i/X (sg13g2_buf_16)
                                         clknet_2_3_0_soc_clk_i (net)
                  0.02    0.00    0.18 ^ clkbuf_3_6_0_soc_clk_i/A (sg13g2_buf_16)
    16    0.30    0.06    0.08    0.26 ^ clkbuf_3_6_0_soc_clk_i/X (sg13g2_buf_16)
                                         clknet_3_6_0_soc_clk_i (net)
                  0.06    0.00    0.26 ^ clkbuf_7_98_0_soc_clk_i/A (sg13g2_buf_16)
     6    0.11    0.03    0.07    0.33 ^ clkbuf_7_98_0_soc_clk_i/X (sg13g2_buf_16)
                                         clknet_7_98_0_soc_clk_i (net)
                  0.03    0.00    0.33 ^ clkbuf_leaf_8_soc_clk_i/A (sg13g2_buf_16)
     3    0.02    0.01    0.05    0.38 ^ clkbuf_leaf_8_soc_clk_i/X (sg13g2_buf_16)
                                         clknet_leaf_8_soc_clk_i (net)
                  0.01    0.00    0.38 ^ i_croc_soc/i_croc/i_dmi_jtag/i_dmi_cdc.i_cdc_resp/i_cdc_reset_ctrlr/i_cdc_reset_ctrlr_half_a/i_state_transition_cdc_dst/i_sync/serial_o_reg/CLK (sg13g2_dfrbp_1)
                          0.10    0.48   clock uncertainty
                          0.00    0.48   clock reconvergence pessimism
                         -0.02    0.46   library hold time
                                  0.46   data required time
-----------------------------------------------------------------------------
                                  0.46   data required time
                                 -0.46   data arrival time
-----------------------------------------------------------------------------
                                  0.00   slack (MET)



==========================================================================
04_croc.cts_unrepaired report_checks -path_delay max
--------------------------------------------------------------------------
Startpoint: i_croc_soc/i_rstgen.i_rstgen_bypass.synch_regs_q_3__reg
            (rising edge-triggered flip-flop clocked by clk_sys)
Endpoint: i_croc_soc/i_croc/i_dm_top.i_dm_top/i_dm_csrs.i_fifo.mem_q_24__reg
          (recovery check against rising-edge clock clk_sys)
Path Group: asynchronous
Path Type: max
Corner: tt

Fanout     Cap    Slew   Delay    Time   Description
-----------------------------------------------------------------------------
                          0.00    0.00   clock clk_sys (rise edge)
                          0.00    0.00   clock source latency
     1    0.24    0.35    0.04    0.04 ^ clk_i (in)
                                         clk_i (net)
                  0.35    0.00    0.04 ^ pad_clk_i/pad (sg13g2_IOPadIn)
     1    0.01    0.05    0.07    0.11 ^ pad_clk_i/p2c (sg13g2_IOPadIn)
                                         soc_clk_i (net)
                  0.04    0.00    0.11 ^ clkbuf_0_soc_clk_i/A (sg13g2_buf_8)
     4    0.07    0.05    0.09    0.20 ^ clkbuf_0_soc_clk_i/X (sg13g2_buf_8)
                                         clknet_0_soc_clk_i (net)
                  0.05    0.00    0.20 ^ clkbuf_2_3_0_soc_clk_i/A (sg13g2_buf_16)
     2    0.03    0.02    0.08    0.27 ^ clkbuf_2_3_0_soc_clk_i/X (sg13g2_buf_16)
                                         clknet_2_3_0_soc_clk_i (net)
                  0.02    0.00    0.27 ^ clkbuf_3_6_0_soc_clk_i/A (sg13g2_buf_16)
    16    0.28    0.08    0.11    0.39 ^ clkbuf_3_6_0_soc_clk_i/X (sg13g2_buf_16)
                                         clknet_3_6_0_soc_clk_i (net)
                  0.08    0.00    0.39 ^ clkbuf_7_98_0_soc_clk_i/A (sg13g2_buf_16)
     6    0.10    0.04    0.11    0.50 ^ clkbuf_7_98_0_soc_clk_i/X (sg13g2_buf_16)
                                         clknet_7_98_0_soc_clk_i (net)
                  0.04    0.00    0.50 ^ clkbuf_leaf_717_soc_clk_i/A (sg13g2_buf_16)
     5    0.02    0.02    0.07    0.57 ^ clkbuf_leaf_717_soc_clk_i/X (sg13g2_buf_16)
                                         clknet_leaf_717_soc_clk_i (net)
                  0.02    0.00    0.57 ^ i_croc_soc/i_rstgen.i_rstgen_bypass.synch_regs_q_3__reg/CLK (sg13g2_dfrbp_1)
     2    0.01    0.05    0.22    0.78 ^ i_croc_soc/i_rstgen.i_rstgen_bypass.synch_regs_q_3__reg/Q (sg13g2_dfrbp_1)
                                         i_croc_soc/i_rstgen.i_rstgen_bypass.synch_regs_q_3_ (net)
                  0.05    0.00    0.78 ^ i_croc_soc/i_rstgen.i_rstgen_bypass.i_tc_clk_mux2_rst_no/i_mux/A0 (sg13g2_mux2_2)
     3    0.16    0.33    0.31    1.09 ^ i_croc_soc/i_rstgen.i_rstgen_bypass.i_tc_clk_mux2_rst_no/i_mux/X (sg13g2_mux2_2)
                                         i_croc_soc/i_rstgen.i_rstgen_bypass.rst_no (net)
                  0.34    0.05    1.14 ^ fanout4347/A (sg13g2_buf_8)
     4    0.11    0.08    0.20    1.34 ^ fanout4347/X (sg13g2_buf_8)
                                         net4347 (net)
                  0.08    0.01    1.35 ^ fanout4132/A (sg13g2_buf_4)
     4    0.07    0.09    0.15    1.50 ^ fanout4132/X (sg13g2_buf_4)
                                         net4132 (net)
                  0.09    0.00    1.50 ^ fanout4062/A (sg13g2_buf_4)
     4    0.03    0.04    0.13    1.63 ^ fanout4062/X (sg13g2_buf_4)
                                         net4062 (net)
                  0.04    0.00    1.63 ^ fanout4061/A (sg13g2_buf_4)
     5    0.05    0.07    0.12    1.75 ^ fanout4061/X (sg13g2_buf_4)
                                         net4061 (net)
                  0.07    0.00    1.75 ^ fanout4046/A (sg13g2_buf_2)
     5    0.04    0.08    0.13    1.89 ^ fanout4046/X (sg13g2_buf_2)
                                         net4046 (net)
                  0.08    0.00    1.89 ^ fanout4045/A (sg13g2_buf_2)
     4    0.02    0.05    0.12    2.00 ^ fanout4045/X (sg13g2_buf_2)
                                         net4045 (net)
                  0.05    0.00    2.00 ^ fanout4044/A (sg13g2_buf_4)
     8    0.06    0.08    0.14    2.14 ^ fanout4044/X (sg13g2_buf_4)
                                         net4044 (net)
                  0.08    0.00    2.14 ^ fanout4043/A (sg13g2_buf_4)
     8    0.06    0.08    0.15    2.30 ^ fanout4043/X (sg13g2_buf_4)
                                         net4043 (net)
                  0.08    0.00    2.30 ^ i_croc_soc/i_croc/i_dm_top.i_dm_top/i_dm_csrs.i_fifo.mem_q_24__reg/RESET_B (sg13g2_dfrbp_1)
                                  2.30   data arrival time

                         12.50   12.50   clock clk_sys (rise edge)
                          0.00   12.50   clock source latency
     1    0.20    0.34    0.03   12.53 ^ clk_i (in)
                                         clk_i (net)
                  0.34    0.00   12.53 ^ pad_clk_i/pad (sg13g2_IOPadIn)
     1    0.01    0.05    0.07   12.60 ^ pad_clk_i/p2c (sg13g2_IOPadIn)
                                         soc_clk_i (net)
                  0.03    0.00   12.60 ^ clkbuf_0_soc_clk_i/A (sg13g2_buf_8)
     4    0.07    0.05    0.09   12.69 ^ clkbuf_0_soc_clk_i/X (sg13g2_buf_8)
                                         clknet_0_soc_clk_i (net)
                  0.05    0.00   12.69 ^ clkbuf_2_2_0_soc_clk_i/A (sg13g2_buf_16)
     2    0.03    0.02    0.08   12.77 ^ clkbuf_2_2_0_soc_clk_i/X (sg13g2_buf_16)
                                         clknet_2_2_0_soc_clk_i (net)
                  0.02    0.00   12.77 ^ clkbuf_3_4_0_soc_clk_i/A (sg13g2_buf_16)
    16    0.28    0.08    0.11   12.88 ^ clkbuf_3_4_0_soc_clk_i/X (sg13g2_buf_16)
                                         clknet_3_4_0_soc_clk_i (net)
                  0.08    0.00   12.88 ^ clkbuf_7_72_0_soc_clk_i/A (sg13g2_buf_16)
     6    0.10    0.04    0.11   12.99 ^ clkbuf_7_72_0_soc_clk_i/X (sg13g2_buf_16)
                                         clknet_7_72_0_soc_clk_i (net)
                  0.04    0.00   12.99 ^ clkbuf_leaf_709_soc_clk_i/A (sg13g2_buf_16)
     7    0.02    0.02    0.07   13.06 ^ clkbuf_leaf_709_soc_clk_i/X (sg13g2_buf_16)
                                         clknet_leaf_709_soc_clk_i (net)
                  0.02    0.00   13.06 ^ i_croc_soc/i_croc/i_dm_top.i_dm_top/i_dm_csrs.i_fifo.mem_q_24__reg/CLK (sg13g2_dfrbp_1)
                         -0.10   12.96   clock uncertainty
                          0.01   12.97   clock reconvergence pessimism
                         -0.13   12.84   library recovery time
                                 12.84   data required time
-----------------------------------------------------------------------------
                                 12.84   data required time
                                 -2.30   data arrival time
-----------------------------------------------------------------------------
                                 10.54   slack (MET)


Startpoint: i_croc_soc/i_croc/i_dmi_jtag/i_dmi_cdc.i_cdc_req/i_dst/async_ack_o_reg
            (rising edge-triggered flip-flop clocked by clk_sys)
Endpoint: i_croc_soc/i_croc/i_dm_top.i_dm_top/i_dm_csrs.progbuf_o_84__reg
          (rising edge-triggered flip-flop clocked by clk_sys)
Path Group: path delay
Path Type: max
Corner: tt

Fanout     Cap    Slew   Delay    Time   Description
-----------------------------------------------------------------------------
                  0.02    0.00    0.00 ^ i_croc_soc/i_croc/i_dmi_jtag/i_dmi_cdc.i_cdc_req/i_dst/async_ack_o_reg/CLK (sg13g2_dfrbp_2)
     6    0.03    0.07    0.28    0.28 ^ i_croc_soc/i_croc/i_dmi_jtag/i_dmi_cdc.i_cdc_req/i_dst/async_ack_o_reg/Q (sg13g2_dfrbp_2)
                                         i_croc_soc/i_croc/i_dmi_jtag/i_dmi_cdc.i_cdc_req/async_ack (net)
                  0.07    0.00    0.28 ^ i_croc_soc/i_croc/i_dmi_jtag/i_dmi_cdc.i_cdc_req/i_dst/_199_/A (sg13g2_xor2_1)
     1    0.00    0.06    0.11    0.39 ^ i_croc_soc/i_croc/i_dmi_jtag/i_dmi_cdc.i_cdc_req/i_dst/_199_/X (sg13g2_xor2_1)
                                         i_croc_soc/i_croc/i_dmi_jtag/i_dmi_cdc.i_cdc_req/s_dst_valid (net)
                  0.06    0.00    0.39 ^ i_croc_soc/i_croc/i_dmi_jtag/i_dmi_cdc.i_cdc_req/_5_/B_N (sg13g2_nor2b_2)
     5    0.02    0.14    0.17    0.55 ^ i_croc_soc/i_croc/i_dmi_jtag/i_dmi_cdc.i_cdc_req/_5_/Y (sg13g2_nor2b_2)
                                         i_croc_soc/i_croc/dmi_req_valid (net)
                  0.14    0.00    0.55 ^ i_croc_soc/i_croc/i_dm_top.i_dm_top/_4879_/A (sg13g2_nand2_2)
     4    0.03    0.12    0.14    0.70 v i_croc_soc/i_croc/i_dm_top.i_dm_top/_4879_/Y (sg13g2_nand2_2)
                                         i_croc_soc/i_croc/i_dm_top.i_dm_top/_0600_ (net)
                  0.12    0.00    0.70 v i_croc_soc/i_croc/i_dm_top.i_dm_top/_4891_/A (sg13g2_or2_1)
     2    0.01    0.05    0.16    0.85 v i_croc_soc/i_croc/i_dm_top.i_dm_top/_4891_/X (sg13g2_or2_1)
                                         i_croc_soc/i_croc/i_dm_top.i_dm_top/_0611_ (net)
                  0.05    0.00    0.85 v fanout3198/A (sg13g2_buf_4)
     8    0.05    0.05    0.11    0.97 v fanout3198/X (sg13g2_buf_4)
                                         net3198 (net)
                  0.05    0.00    0.97 v i_croc_soc/i_croc/i_dm_top.i_dm_top/_4896_/A (sg13g2_nor2_2)
     7    0.03    0.16    0.15    1.12 ^ i_croc_soc/i_croc/i_dm_top.i_dm_top/_4896_/Y (sg13g2_nor2_2)
                                         i_croc_soc/i_croc/i_dm_top.i_dm_top/_0616_ (net)
                  0.16    0.00    1.12 ^ i_croc_soc/i_croc/i_dm_top.i_dm_top/_6537_/A1 (sg13g2_a21oi_2)
     8    0.04    0.15    0.18    1.30 v i_croc_soc/i_croc/i_dm_top.i_dm_top/_6537_/Y (sg13g2_a21oi_2)
                                         i_croc_soc/i_croc/i_dm_top.i_dm_top/_2038_ (net)
                  0.15    0.00    1.30 v i_croc_soc/i_croc/i_dm_top.i_dm_top/_7273_/A (sg13g2_nor2_1)
     1    0.00    0.07    0.10    1.40 ^ i_croc_soc/i_croc/i_dm_top.i_dm_top/_7273_/Y (sg13g2_nor2_1)
                                         i_croc_soc/i_croc/i_dm_top.i_dm_top/_2558_ (net)
                  0.07    0.00    1.40 ^ fanout2868/A (sg13g2_buf_4)
     4    0.04    0.05    0.13    1.53 ^ fanout2868/X (sg13g2_buf_4)
                                         net2868 (net)
                  0.05    0.00    1.53 ^ fanout2865/A (sg13g2_buf_2)
     4    0.03    0.07    0.12    1.64 ^ fanout2865/X (sg13g2_buf_2)
                                         net2865 (net)
                  0.07    0.00    1.64 ^ fanout2864/A (sg13g2_buf_4)
     8    0.04    0.05    0.13    1.77 ^ fanout2864/X (sg13g2_buf_4)
                                         net2864 (net)
                  0.05    0.00    1.77 ^ fanout2863/A (sg13g2_buf_2)
     8    0.04    0.09    0.13    1.91 ^ fanout2863/X (sg13g2_buf_2)
                                         net2863 (net)
                  0.09    0.00    1.91 ^ fanout2862/A (sg13g2_buf_2)
     8    0.04    0.09    0.15    2.06 ^ fanout2862/X (sg13g2_buf_2)
                                         net2862 (net)
                  0.09    0.00    2.06 ^ i_croc_soc/i_croc/i_dm_top.i_dm_top/_7350_/C (sg13g2_nand3_1)
     1    0.00    0.06    0.09    2.15 v i_croc_soc/i_croc/i_dm_top.i_dm_top/_7350_/Y (sg13g2_nand3_1)
                                         i_croc_soc/i_croc/i_dm_top.i_dm_top/_2613_ (net)
                  0.06    0.00    2.15 v i_croc_soc/i_croc/i_dm_top.i_dm_top/_7351_/B1 (sg13g2_o21ai_1)
     1    0.00    0.08    0.05    2.20 ^ i_croc_soc/i_croc/i_dm_top.i_dm_top/_7351_/Y (sg13g2_o21ai_1)
                                         i_croc_soc/i_croc/i_dm_top.i_dm_top/_0420_ (net)
                  0.08    0.00    2.20 ^ i_croc_soc/i_croc/i_dm_top.i_dm_top/i_dm_csrs.progbuf_o_84__reg/D (sg13g2_dfrbp_1)
                                  2.20   data arrival time

                          4.38    4.38   max_delay
                         -0.13    4.25   library setup time
                                  4.25   data required time
-----------------------------------------------------------------------------
                                  4.25   data required time
                                 -2.20   data arrival time
-----------------------------------------------------------------------------
                                  2.05   slack (MET)


Startpoint: i_croc_soc/i_croc/i_dmi_jtag/td_o_reg
            (rising edge-triggered flip-flop clocked by clk_jtg')
Endpoint: jtag_tdo_o (output port clocked by clk_jtg)
Path Group: clk_jtg
Path Type: max
Corner: tt

Fanout     Cap    Slew   Delay    Time   Description
-----------------------------------------------------------------------------
                         10.00   10.00   clock clk_jtg' (rise edge)
                          0.00   10.00   clock source latency
     1    0.23    0.49    0.03   10.03 v jtag_tck_i (in)
                                         jtag_tck_i (net)
                  0.49    0.00   10.03 v pad_jtag_tck_i/pad (sg13g2_IOPadIn)
     1    0.01    0.12    0.60   10.63 v pad_jtag_tck_i/p2c (sg13g2_IOPadIn)
                                         soc_jtag_tck_i (net)
                  0.09    0.00   10.63 v clkbuf_0_soc_jtag_tck_i/A (sg13g2_buf_8)
     8    0.07    0.04    0.12   10.75 v clkbuf_0_soc_jtag_tck_i/X (sg13g2_buf_8)
                                         clknet_0_soc_jtag_tck_i (net)
                  0.04    0.00   10.75 v clkbuf_3_0__f_soc_jtag_tck_i/A (sg13g2_buf_8)
     5    0.08    0.05    0.10   10.85 v clkbuf_3_0__f_soc_jtag_tck_i/X (sg13g2_buf_8)
                                         clknet_3_0__leaf_soc_jtag_tck_i (net)
                  0.05    0.00   10.85 v clkbuf_leaf_35_soc_jtag_tck_i/A (sg13g2_buf_16)
     9    0.02    0.02    0.08   10.93 v clkbuf_leaf_35_soc_jtag_tck_i/X (sg13g2_buf_16)
                                         clknet_leaf_35_soc_jtag_tck_i (net)
                  0.02    0.00   10.93 v i_croc_soc/i_croc/i_dmi_jtag/i_dmi_jtag_tap.i_tck_inv/i_inv_5299/A (sg13g2_inv_1)
     1    0.00    0.02    0.03   10.96 ^ i_croc_soc/i_croc/i_dmi_jtag/i_dmi_jtag_tap.i_tck_inv/i_inv_5299/Y (sg13g2_inv_1)
                                         net5299 (net)
                  0.02    0.00   10.96 ^ i_croc_soc/i_croc/i_dmi_jtag/i_dmi_jtag_tap.i_dft_tck_mux/i_mux/A0 (sg13g2_mux2_1)
     1    0.01    0.05    0.10   11.06 ^ i_croc_soc/i_croc/i_dmi_jtag/i_dmi_jtag_tap.i_dft_tck_mux/i_mux/X (sg13g2_mux2_1)
                                         i_croc_soc/i_croc/i_dmi_jtag/i_dmi_jtag_tap.tck_n (net)
                  0.05    0.00   11.06 ^ clkbuf_0_i_croc_soc/i_croc/i_dmi_jtag/i_dmi_jtag_tap.tck_n/A (sg13g2_buf_8)
     2    0.02    0.02    0.08   11.14 ^ clkbuf_0_i_croc_soc/i_croc/i_dmi_jtag/i_dmi_jtag_tap.tck_n/X (sg13g2_buf_8)
                                         clknet_0_i_croc_soc/i_croc/i_dmi_jtag/i_dmi_jtag_tap.tck_n (net)
                  0.02    0.00   11.14 ^ clkbuf_1_0__f_i_croc_soc/i_croc/i_dmi_jtag/i_dmi_jtag_tap.tck_n/A (sg13g2_buf_8)
     1    0.00    0.02    0.06   11.20 ^ clkbuf_1_0__f_i_croc_soc/i_croc/i_dmi_jtag/i_dmi_jtag_tap.tck_n/X (sg13g2_buf_8)
                                         clknet_1_0__leaf_i_croc_soc/i_croc/i_dmi_jtag/i_dmi_jtag_tap.tck_n (net)
                  0.02    0.00   11.20 ^ i_croc_soc/i_croc/i_dmi_jtag/td_o_reg/CLK (sg13g2_dfrbp_2)
     1    0.14    0.29    0.40   11.60 ^ i_croc_soc/i_croc/i_dmi_jtag/td_o_reg/Q (sg13g2_dfrbp_2)
                                         soc_jtag_tdo_o (net)
                  0.40    0.05   11.65 ^ pad_jtag_tdo_o/c2p (sg13g2_IOPadOut16mA)
     1   15.00    3.55    3.28   14.93 ^ pad_jtag_tdo_o/pad (sg13g2_IOPadOut16mA)
                                         jtag_tdo_o (net)
                  2.66    0.00   14.93 ^ jtag_tdo_o (out)
                                 14.93   data arrival time

                         20.00   20.00   clock clk_jtg (rise edge)
                          0.00   20.00   clock network delay (propagated)
                         -0.10   19.90   clock uncertainty
                          0.00   19.90   clock reconvergence pessimism
                         -5.00   14.90   output external delay
                                 14.90   data required time
-----------------------------------------------------------------------------
                                 14.90   data required time
                                -14.93   data arrival time
-----------------------------------------------------------------------------
                                 -0.03   slack (VIOLATED)


Startpoint: i_croc_soc/i_croc/i_core_wrap/i_ibex.id_stage_i.controller_i.instr_i_15__reg
            (rising edge-triggered flip-flop clocked by clk_sys)
Endpoint: i_croc_soc/i_croc/i_core_wrap/i_ibex.crash_dump_o_93__reg
          (rising edge-triggered flip-flop clocked by clk_sys)
Path Group: clk_sys
Path Type: max
Corner: tt

Fanout     Cap    Slew   Delay    Time   Description
-----------------------------------------------------------------------------
                          0.00    0.00   clock clk_sys (rise edge)
                          0.00    0.00   clock source latency
     1    0.24    0.35    0.04    0.04 ^ clk_i (in)
                                         clk_i (net)
                  0.35    0.00    0.04 ^ pad_clk_i/pad (sg13g2_IOPadIn)
     1    0.01    0.05    0.07    0.11 ^ pad_clk_i/p2c (sg13g2_IOPadIn)
                                         soc_clk_i (net)
                  0.04    0.00    0.11 ^ clkbuf_0_soc_clk_i/A (sg13g2_buf_8)
     4    0.07    0.05    0.09    0.20 ^ clkbuf_0_soc_clk_i/X (sg13g2_buf_8)
                                         clknet_0_soc_clk_i (net)
                  0.05    0.00    0.20 ^ clkbuf_2_0_0_soc_clk_i/A (sg13g2_buf_16)
     2    0.03    0.02    0.08    0.27 ^ clkbuf_2_0_0_soc_clk_i/X (sg13g2_buf_16)
                                         clknet_2_0_0_soc_clk_i (net)
                  0.02    0.00    0.27 ^ clkbuf_3_1_0_soc_clk_i/A (sg13g2_buf_16)
    16    0.28    0.08    0.11    0.39 ^ clkbuf_3_1_0_soc_clk_i/X (sg13g2_buf_16)
                                         clknet_3_1_0_soc_clk_i (net)
                  0.08    0.00    0.39 ^ clkbuf_7_26_0_soc_clk_i/A (sg13g2_buf_16)
     7    0.10    0.04    0.11    0.50 ^ clkbuf_7_26_0_soc_clk_i/X (sg13g2_buf_16)
                                         clknet_7_26_0_soc_clk_i (net)
                  0.04    0.00    0.50 ^ clkbuf_leaf_251_soc_clk_i/A (sg13g2_buf_16)
     8    0.02    0.02    0.07    0.57 ^ clkbuf_leaf_251_soc_clk_i/X (sg13g2_buf_16)
                                         clknet_leaf_251_soc_clk_i (net)
                  0.02    0.00    0.57 ^ i_croc_soc/i_croc/i_core_wrap/i_ibex.id_stage_i.controller_i.instr_i_15__reg/CLK (sg13g2_dfrbp_2)
     3    0.06    0.13    0.32    0.88 ^ i_croc_soc/i_croc/i_core_wrap/i_ibex.id_stage_i.controller_i.instr_i_15__reg/Q (sg13g2_dfrbp_2)
                                         i_croc_soc/i_croc/i_core_wrap/i_ibex.id_stage_i.controller_i.instr_i_15_ (net)
                  0.13    0.01    0.89 ^ fanout5230/A (sg13g2_buf_8)
     8    0.09    0.06    0.14    1.03 ^ fanout5230/X (sg13g2_buf_8)
                                         net5230 (net)
                  0.06    0.00    1.04 ^ fanout5229/A (sg13g2_buf_2)
     4    0.03    0.07    0.12    1.15 ^ fanout5229/X (sg13g2_buf_2)
                                         net5229 (net)
                  0.07    0.00    1.15 ^ fanout5208/A (sg13g2_buf_2)
     4    0.03    0.07    0.12    1.27 ^ fanout5208/X (sg13g2_buf_2)
                                         net5208 (net)
                  0.07    0.00    1.28 ^ fanout5206/A (sg13g2_buf_2)
     6    0.03    0.08    0.13    1.41 ^ fanout5206/X (sg13g2_buf_2)
                                         net5206 (net)
                  0.08    0.00    1.41 ^ fanout5205/A (sg13g2_buf_4)
     8    0.05    0.06    0.14    1.55 ^ fanout5205/X (sg13g2_buf_4)
                                         net5205 (net)
                  0.06    0.00    1.55 ^ i_croc_soc/i_croc/i_core_wrap/i_ibex.register_file_i/_4582_/S (sg13g2_mux2_1)
     1    0.00    0.04    0.17    1.72 v i_croc_soc/i_croc/i_core_wrap/i_ibex.register_file_i/_4582_/X (sg13g2_mux2_1)
                                         i_croc_soc/i_croc/i_core_wrap/i_ibex.register_file_i/_1526_ (net)
                  0.04    0.00    1.72 v i_croc_soc/i_croc/i_core_wrap/i_ibex.register_file_i/_4584_/A2 (sg13g2_a22oi_1)
     1    0.00    0.06    0.08    1.80 ^ i_croc_soc/i_croc/i_core_wrap/i_ibex.register_file_i/_4584_/Y (sg13g2_a22oi_1)
                                         i_croc_soc/i_croc/i_core_wrap/i_ibex.register_file_i/_1528_ (net)
                  0.06    0.00    1.80 ^ i_croc_soc/i_croc/i_core_wrap/i_ibex.register_file_i/_4585_/A2 (sg13g2_a21oi_1)
     1    0.01    0.07    0.09    1.88 v i_croc_soc/i_croc/i_core_wrap/i_ibex.register_file_i/_4585_/Y (sg13g2_a21oi_1)
                                         i_croc_soc/i_croc/i_core_wrap/i_ibex.register_file_i/_1529_ (net)
                  0.07    0.00    1.88 v i_croc_soc/i_croc/i_core_wrap/i_ibex.register_file_i/_4586_/C1 (sg13g2_a221oi_1)
     1    0.02    0.26    0.22    2.10 ^ i_croc_soc/i_croc/i_core_wrap/i_ibex.register_file_i/_4586_/Y (sg13g2_a221oi_1)
                                         i_croc_soc/i_croc/i_core_wrap/i_ibex.register_file_i/_1530_ (net)
                  0.26    0.00    2.10 ^ i_croc_soc/i_croc/i_core_wrap/i_ibex.register_file_i/_4587_/C (sg13g2_nand3_1)
     1    0.05    0.41    0.42    2.53 v i_croc_soc/i_croc/i_core_wrap/i_ibex.register_file_i/_4587_/Y (sg13g2_nand3_1)
                                         i_croc_soc/i_croc/i_core_wrap/i_ibex.ex_block_i.multdiv_operand_a_i_7_ (net)
                  0.41    0.01    2.53 v i_croc_soc/i_croc/i_core_wrap/_5621_/A0 (sg13g2_mux2_1)
     1    0.00    0.05    0.21    2.74 v i_croc_soc/i_croc/i_core_wrap/_5621_/X (sg13g2_mux2_1)
                                         i_croc_soc/i_croc/i_core_wrap/_0958_ (net)
                  0.05    0.00    2.74 v i_croc_soc/i_croc/i_core_wrap/_5622_/B2 (sg13g2_a22oi_1)
     1    0.00    0.05    0.05    2.79 ^ i_croc_soc/i_croc/i_core_wrap/_5622_/Y (sg13g2_a22oi_1)
                                         i_croc_soc/i_croc/i_core_wrap/_0959_ (net)
                  0.05    0.00    2.79 ^ fanout3105/A (sg13g2_buf_2)
     5    0.03    0.07    0.12    2.91 ^ fanout3105/X (sg13g2_buf_2)
                                         net3105 (net)
                  0.07    0.00    2.91 ^ fanout3104/A (sg13g2_buf_1)
     5    0.02    0.09    0.13    3.04 ^ fanout3104/X (sg13g2_buf_1)
                                         net3104 (net)
                  0.09    0.00    3.04 ^ fanout3102/A (sg13g2_buf_2)
     8    0.03    0.07    0.13    3.17 ^ fanout3102/X (sg13g2_buf_2)
                                         net3102 (net)
                  0.07    0.00    3.17 ^ i_croc_soc/i_croc/i_core_wrap/_5678_/A_N (sg13g2_nand2b_1)
     2    0.01    0.08    0.09    3.26 ^ i_croc_soc/i_croc/i_core_wrap/_5678_/Y (sg13g2_nand2b_1)
                                         i_croc_soc/i_croc/i_core_wrap/_1010_ (net)
                  0.08    0.00    3.26 ^ fanout2955/A (sg13g2_buf_2)
     8    0.03    0.08    0.14    3.40 ^ fanout2955/X (sg13g2_buf_2)
                                         net2955 (net)
                  0.08    0.00    3.40 ^ i_croc_soc/i_croc/i_core_wrap/_5681_/A2 (sg13g2_a21oi_1)
     1    0.00    0.05    0.08    3.48 v i_croc_soc/i_croc/i_core_wrap/_5681_/Y (sg13g2_a21oi_1)
                                         i_croc_soc/i_croc/i_core_wrap/_1013_ (net)
                  0.05    0.00    3.48 v i_croc_soc/i_croc/i_core_wrap/_5684_/A1 (sg13g2_o21ai_1)
     4    0.02    0.19    0.19    3.67 ^ i_croc_soc/i_croc/i_core_wrap/_5684_/Y (sg13g2_o21ai_1)
                                         i_croc_soc/i_croc/i_core_wrap/_1016_ (net)
                  0.19    0.00    3.67 ^ i_croc_soc/i_croc/i_core_wrap/_5686_/B (sg13g2_nand3_1)
     1    0.00    0.08    0.12    3.79 v i_croc_soc/i_croc/i_core_wrap/_5686_/Y (sg13g2_nand3_1)
                                         i_croc_soc/i_croc/i_core_wrap/_1018_ (net)
                  0.08    0.00    3.79 v i_croc_soc/i_croc/i_core_wrap/_5688_/A2 (sg13g2_a21oi_1)
     1    0.00    0.07    0.10    3.89 ^ i_croc_soc/i_croc/i_core_wrap/_5688_/Y (sg13g2_a21oi_1)
                                         i_croc_soc/i_croc/i_core_wrap/_1020_ (net)
                  0.07    0.00    3.89 ^ i_croc_soc/i_croc/i_core_wrap/_5691_/A (sg13g2_or3_1)
     1    0.01    0.04    0.11    3.99 ^ i_croc_soc/i_croc/i_core_wrap/_5691_/X (sg13g2_or3_1)
                                         i_croc_soc/i_croc/i_core_wrap/_1023_ (net)
                  0.04    0.00    3.99 ^ i_croc_soc/i_croc/i_core_wrap/_5700_/B1 (sg13g2_a22oi_1)
     3    0.02    0.13    0.11    4.11 v i_croc_soc/i_croc/i_core_wrap/_5700_/Y (sg13g2_a22oi_1)
                                         i_croc_soc/i_croc/i_core_wrap/_1032_ (net)
                  0.13    0.00    4.11 v i_croc_soc/i_croc/i_core_wrap/_5859_/A (sg13g2_nor3_2)
     8    0.05    0.33    0.32    4.43 ^ i_croc_soc/i_croc/i_core_wrap/_5859_/Y (sg13g2_nor3_2)
                                         i_croc_soc/i_croc/i_core_wrap/_1186_ (net)
                  0.33    0.00    4.43 ^ i_croc_soc/i_croc/i_core_wrap/_6222_/A1 (sg13g2_o21ai_1)
     1    0.00    0.08    0.13    4.56 v i_croc_soc/i_croc/i_core_wrap/_6222_/Y (sg13g2_o21ai_1)
                                         i_croc_soc/i_croc/i_core_wrap/_1527_ (net)
                  0.08    0.00    4.56 v i_croc_soc/i_croc/i_core_wrap/_6223_/B_N (sg13g2_nor2b_1)
     2    0.01    0.05    0.10    4.66 v i_croc_soc/i_croc/i_core_wrap/_6223_/Y (sg13g2_nor2b_1)
                                         i_croc_soc/i_croc/i_core_wrap/_1528_ (net)
                  0.05    0.00    4.66 v fanout1031/A (sg13g2_buf_2)
     8    0.03    0.06    0.12    4.78 v fanout1031/X (sg13g2_buf_2)
                                         net1031 (net)
                  0.06    0.00    4.78 v i_croc_soc/i_croc/i_core_wrap/_6346_/A (sg13g2_xnor2_1)
     6    0.05    0.30    0.30    5.08 v i_croc_soc/i_croc/i_core_wrap/_6346_/Y (sg13g2_xnor2_1)
                                         i_croc_soc/i_croc/core_data_obi_req_63_ (net)
                  0.30    0.00    5.08 v i_croc_soc/i_croc/i_core_wrap/_7340_/A1 (sg13g2_a221oi_1)
     1    0.01    0.15    0.23    5.31 ^ i_croc_soc/i_croc/i_core_wrap/_7340_/Y (sg13g2_a221oi_1)
                                         i_croc_soc/i_croc/i_core_wrap/_2494_ (net)
                  0.15    0.00    5.31 ^ i_croc_soc/i_croc/i_core_wrap/_7342_/A (sg13g2_nor2_2)
     3    0.02    0.06    0.09    5.40 v i_croc_soc/i_croc/i_core_wrap/_7342_/Y (sg13g2_nor2_2)
                                         i_croc_soc/i_croc/i_core_wrap/_2496_ (net)
                  0.06    0.00    5.40 v i_croc_soc/i_croc/i_core_wrap/_8583_/B1 (sg13g2_a21o_1)
     3    0.01    0.06    0.14    5.54 v i_croc_soc/i_croc/i_core_wrap/_8583_/X (sg13g2_a21o_1)
                                         i_croc_soc/i_croc/i_core_wrap/_3583_ (net)
                  0.06    0.00    5.54 v i_croc_soc/i_croc/i_core_wrap/_8901_/A1 (sg13g2_mux2_2)
     4    0.02    0.05    0.16    5.71 v i_croc_soc/i_croc/i_core_wrap/_8901_/X (sg13g2_mux2_2)
                                         i_croc_soc/i_croc/core_instr_obi_req_63_ (net)
                  0.05    0.00    5.71 v i_croc_soc/i_croc/_05445_/A (sg13g2_nor4_1)
     1    0.00    0.13    0.16    5.87 ^ i_croc_soc/i_croc/_05445_/Y (sg13g2_nor4_1)
                                         i_croc_soc/i_croc/_00761_ (net)
                  0.13    0.00    5.87 ^ i_croc_soc/i_croc/_05446_/C (sg13g2_nand3_1)
     4    0.02    0.22    0.24    6.10 v i_croc_soc/i_croc/_05446_/Y (sg13g2_nand3_1)
                                         i_croc_soc/i_croc/_00762_ (net)
                  0.22    0.00    6.10 v i_croc_soc/i_croc/_05452_/A (sg13g2_nor3_2)
     5    0.03    0.24    0.26    6.37 ^ i_croc_soc/i_croc/_05452_/Y (sg13g2_nor3_2)
                                         i_croc_soc/i_croc/_00768_ (net)
                  0.24    0.00    6.37 ^ i_croc_soc/i_croc/_05453_/A (sg13g2_inv_1)
     3    0.01    0.08    0.11    6.49 v i_croc_soc/i_croc/_05453_/Y (sg13g2_inv_1)
                                         i_croc_soc/i_croc/_00769_ (net)
                  0.08    0.00    6.49 v i_croc_soc/i_croc/_05455_/B (sg13g2_and4_1)
     2    0.01    0.03    0.11    6.60 v i_croc_soc/i_croc/_05455_/X (sg13g2_and4_1)
                                         i_croc_soc/i_croc/_00771_ (net)
                  0.03    0.00    6.60 v i_croc_soc/i_croc/_05456_/B1 (sg13g2_o21ai_1)
     5    0.03    0.32    0.13    6.73 ^ i_croc_soc/i_croc/_05456_/Y (sg13g2_o21ai_1)
                                         i_croc_soc/i_croc/_00772_ (net)
                  0.32    0.00    6.73 ^ i_croc_soc/i_croc/_05457_/C (sg13g2_nor3_2)
     3    0.01    0.08    0.10    6.83 v i_croc_soc/i_croc/_05457_/Y (sg13g2_nor3_2)
                                         i_croc_soc/i_croc/_00773_ (net)
                  0.08    0.00    6.83 v i_croc_soc/i_croc/_05618_/A2 (sg13g2_o21ai_1)
     5    0.02    0.25    0.24    7.07 ^ i_croc_soc/i_croc/_05618_/Y (sg13g2_o21ai_1)
                                         i_croc_soc/i_croc/_00933_ (net)
                  0.25    0.00    7.07 ^ i_croc_soc/i_croc/_05641_/B (sg13g2_nand2_2)
     2    0.01    0.06    0.11    7.18 v i_croc_soc/i_croc/_05641_/Y (sg13g2_nand2_2)
                                         i_croc_soc/i_croc/_00956_ (net)
                  0.06    0.00    7.18 v fanout2370/A (sg13g2_buf_4)
     8    0.04    0.05    0.11    7.29 v fanout2370/X (sg13g2_buf_4)
                                         net2370 (net)
                  0.05    0.00    7.29 v i_croc_soc/i_croc/_05648_/S (sg13g2_mux2_1)
     1    0.00    0.04    0.13    7.42 v i_croc_soc/i_croc/_05648_/X (sg13g2_mux2_1)
                                         i_croc_soc/i_croc/_00963_ (net)
                  0.04    0.00    7.42 v i_croc_soc/i_croc/_05650_/B1 (sg13g2_a221oi_1)
     7    0.03    0.39    0.33    7.75 ^ i_croc_soc/i_croc/_05650_/Y (sg13g2_a221oi_1)
                                         i_croc_soc/i_croc/_00965_ (net)
                  0.39    0.00    7.75 ^ i_croc_soc/i_croc/_05652_/D (sg13g2_nand4_1)
     3    0.01    0.18    0.24    7.99 v i_croc_soc/i_croc/_05652_/Y (sg13g2_nand4_1)
                                         i_croc_soc/i_croc/_00967_ (net)
                  0.18    0.00    7.99 v i_croc_soc/i_croc/_05676_/A2 (sg13g2_a21o_2)
     5    0.03    0.07    0.23    8.22 v i_croc_soc/i_croc/_05676_/X (sg13g2_a21o_2)
                                         i_croc_soc/i_croc/_00991_ (net)
                  0.07    0.00    8.22 v i_croc_soc/i_croc/_05677_/B (sg13g2_xnor2_1)
     1    0.00    0.07    0.08    8.30 ^ i_croc_soc/i_croc/_05677_/Y (sg13g2_xnor2_1)
                                         i_croc_soc/i_croc/_00992_ (net)
                  0.07    0.00    8.30 ^ i_croc_soc/i_croc/_05733_/A1 (sg13g2_o21ai_1)
     4    0.02    0.12    0.14    8.44 v i_croc_soc/i_croc/_05733_/Y (sg13g2_o21ai_1)
                                         i_croc_soc/i_croc/_01047_ (net)
                  0.12    0.00    8.44 v i_croc_soc/i_croc/_05734_/B (sg13g2_nand2_2)
     5    0.02    0.08    0.10    8.54 ^ i_croc_soc/i_croc/_05734_/Y (sg13g2_nand2_2)
                                         i_croc_soc/i_croc/_01048_ (net)
                  0.08    0.00    8.54 ^ i_croc_soc/i_croc/_06356_/B (sg13g2_nor2_1)
     2    0.01    0.04    0.06    8.60 v i_croc_soc/i_croc/_06356_/Y (sg13g2_nor2_1)
                                         i_croc_soc/i_croc/_01558_ (net)
                  0.04    0.00    8.60 v i_croc_soc/i_croc/_06357_/C (sg13g2_nand3_1)
     3    0.05    0.20    0.17    8.77 ^ i_croc_soc/i_croc/_06357_/Y (sg13g2_nand3_1)
                                         i_croc_soc/i_croc/_01559_ (net)
                  0.20    0.00    8.77 ^ fanout2178/A (sg13g2_buf_4)
     5    0.03    0.06    0.18    8.95 ^ fanout2178/X (sg13g2_buf_4)
                                         net2178 (net)
                  0.06    0.00    8.95 ^ fanout2177/A (sg13g2_buf_4)
     8    0.06    0.08    0.14    9.09 ^ fanout2177/X (sg13g2_buf_4)
                                         net2177 (net)
                  0.08    0.00    9.09 ^ fanout2176/A (sg13g2_buf_2)
     6    0.03    0.07    0.13    9.22 ^ fanout2176/X (sg13g2_buf_2)
                                         net2176 (net)
                  0.07    0.00    9.22 ^ fanout2175/A (sg13g2_buf_1)
     4    0.02    0.08    0.12    9.34 ^ fanout2175/X (sg13g2_buf_1)
                                         net2175 (net)
                  0.08    0.00    9.34 ^ i_croc_soc/i_croc/_06412_/B (sg13g2_nor2_1)
     1    0.00    0.05    0.05    9.39 v i_croc_soc/i_croc/_06412_/Y (sg13g2_nor2_1)
                                         i_croc_soc/i_croc/all_periph_obi_req_337_ (net)
                  0.05    0.00    9.39 v fanout2135/A (sg13g2_buf_1)
     4    0.01    0.05    0.10    9.49 v fanout2135/X (sg13g2_buf_1)
                                         net2135 (net)
                  0.05    0.00    9.49 v i_croc_soc/i_croc/i_gpio/_1354_/B (sg13g2_nand2_1)
     2    0.01    0.05    0.06    9.55 ^ i_croc_soc/i_croc/i_gpio/_1354_/Y (sg13g2_nand2_1)
                                         i_croc_soc/i_croc/i_gpio/_0150_ (net)
                  0.05    0.00    9.55 ^ i_croc_soc/i_croc/i_gpio/_1355_/B (sg13g2_nand3_1)
     1    0.00    0.06    0.08    9.63 v i_croc_soc/i_croc/i_gpio/_1355_/Y (sg13g2_nand3_1)
                                         i_croc_soc/i_croc/i_gpio/_0151_ (net)
                  0.06    0.00    9.63 v i_croc_soc/i_croc/i_gpio/_1356_/B1 (sg13g2_o21ai_1)
     1    0.00    0.09    0.06    9.69 ^ i_croc_soc/i_croc/i_gpio/_1356_/Y (sg13g2_o21ai_1)
                                         i_croc_soc/i_croc/all_periph_obi_rsp_159_ (net)
                  0.09    0.00    9.69 ^ i_croc_soc/i_croc/_07626_/A (sg13g2_inv_1)
     1    0.01    0.05    0.07    9.76 v i_croc_soc/i_croc/_07626_/Y (sg13g2_inv_1)
                                         i_croc_soc/i_croc/_02530_ (net)
                  0.05    0.00    9.76 v i_croc_soc/i_croc/_07628_/A2 (sg13g2_o21ai_1)
     1    0.00    0.08    0.09    9.85 ^ i_croc_soc/i_croc/_07628_/Y (sg13g2_o21ai_1)
                                         i_croc_soc/i_croc/_02532_ (net)
                  0.08    0.00    9.85 ^ i_croc_soc/i_croc/_07632_/A2 (sg13g2_a22oi_1)
     4    0.06    0.36    0.32   10.17 v i_croc_soc/i_croc/_07632_/Y (sg13g2_a22oi_1)
                                         i_croc_soc/i_croc/_02536_ (net)
                  0.36    0.01   10.18 v i_croc_soc/i_croc/_07912_/B (sg13g2_nor2_1)
     1    0.00    0.10    0.12   10.29 ^ i_croc_soc/i_croc/_07912_/Y (sg13g2_nor2_1)
                                         i_croc_soc/i_croc/_02783_ (net)
                  0.10    0.00   10.29 ^ i_croc_soc/i_croc/_07913_/C (sg13g2_nor3_1)
     1    0.01    0.04    0.06   10.36 v i_croc_soc/i_croc/_07913_/Y (sg13g2_nor3_1)
                                         i_croc_soc/i_croc/_02784_ (net)
                  0.04    0.00   10.36 v i_croc_soc/i_croc/_07914_/C (sg13g2_nor3_2)
     5    0.03    0.23    0.19   10.55 ^ i_croc_soc/i_croc/_07914_/Y (sg13g2_nor3_2)
                                         i_croc_soc/i_croc/core_instr_obi_rsp_3_ (net)
                  0.23    0.00   10.55 ^ i_croc_soc/i_croc/i_core_wrap/_6488_/A1 (sg13g2_a21o_1)
     3    0.01    0.05    0.18   10.73 ^ i_croc_soc/i_croc/i_core_wrap/_6488_/X (sg13g2_a21o_1)
                                         i_croc_soc/i_croc/i_core_wrap/_1734_ (net)
                  0.05    0.00   10.73 ^ i_croc_soc/i_croc/i_core_wrap/_6941_/B (sg13g2_or3_2)
     5    0.04    0.10    0.15   10.89 ^ i_croc_soc/i_croc/i_core_wrap/_6941_/X (sg13g2_or3_2)
                                         i_croc_soc/i_croc/i_core_wrap/_2122_ (net)
                  0.10    0.00   10.89 ^ i_croc_soc/i_croc/i_core_wrap/_7023_/C (sg13g2_nand3_1)
     4    0.02    0.16    0.18   11.07 v i_croc_soc/i_croc/i_core_wrap/_7023_/Y (sg13g2_nand3_1)
                                         i_croc_soc/i_croc/i_core_wrap/_2200_ (net)
                  0.16    0.00   11.07 v i_croc_soc/i_croc/i_core_wrap/_7065_/A (sg13g2_inv_1)
     1    0.00    0.05    0.07   11.13 ^ i_croc_soc/i_croc/i_core_wrap/_7065_/Y (sg13g2_inv_1)
                                         i_croc_soc/i_croc/i_core_wrap/_2238_ (net)
                  0.05    0.00   11.13 ^ i_croc_soc/i_croc/i_core_wrap/_7066_/C (sg13g2_nand3_1)
     2    0.01    0.09    0.11   11.24 v i_croc_soc/i_croc/i_core_wrap/_7066_/Y (sg13g2_nand3_1)
                                         i_croc_soc/i_croc/i_core_wrap/_2239_ (net)
                  0.09    0.00   11.24 v i_croc_soc/i_croc/i_core_wrap/_7078_/B (sg13g2_nor2_1)
     3    0.01    0.11    0.12   11.35 ^ i_croc_soc/i_croc/i_core_wrap/_7078_/Y (sg13g2_nor2_1)
                                         i_croc_soc/i_croc/i_core_wrap/_2249_ (net)
                  0.11    0.00   11.35 ^ i_croc_soc/i_croc/i_core_wrap/_7110_/C (sg13g2_nand3_1)
     2    0.01    0.14    0.16   11.52 v i_croc_soc/i_croc/i_core_wrap/_7110_/Y (sg13g2_nand3_1)
                                         i_croc_soc/i_croc/i_core_wrap/_2279_ (net)
                  0.14    0.00   11.52 v i_croc_soc/i_croc/i_core_wrap/_7133_/B (sg13g2_nor2_1)
     2    0.01    0.10    0.11   11.63 ^ i_croc_soc/i_croc/i_core_wrap/_7133_/Y (sg13g2_nor2_1)
                                         i_croc_soc/i_croc/i_core_wrap/_2301_ (net)
                  0.10    0.00   11.63 ^ i_croc_soc/i_croc/i_core_wrap/_7149_/B (sg13g2_and2_1)
     2    0.01    0.04    0.12   11.75 ^ i_croc_soc/i_croc/i_core_wrap/_7149_/X (sg13g2_and2_1)
                                         i_croc_soc/i_croc/i_core_wrap/_2316_ (net)
                  0.04    0.00   11.75 ^ i_croc_soc/i_croc/i_core_wrap/_7160_/B (sg13g2_and2_1)
     2    0.01    0.04    0.10   11.85 ^ i_croc_soc/i_croc/i_core_wrap/_7160_/X (sg13g2_and2_1)
                                         i_croc_soc/i_croc/i_core_wrap/_2326_ (net)
                  0.04    0.00   11.85 ^ i_croc_soc/i_croc/i_core_wrap/_7171_/B (sg13g2_and2_1)
     2    0.01    0.05    0.10   11.95 ^ i_croc_soc/i_croc/i_core_wrap/_7171_/X (sg13g2_and2_1)
                                         i_croc_soc/i_croc/i_core_wrap/_2336_ (net)
                  0.05    0.00   11.95 ^ i_croc_soc/i_croc/i_core_wrap/_7186_/B (sg13g2_and2_1)
     2    0.01    0.04    0.10   12.05 ^ i_croc_soc/i_croc/i_core_wrap/_7186_/X (sg13g2_and2_1)
                                         i_croc_soc/i_croc/i_core_wrap/_2350_ (net)
                  0.04    0.00   12.05 ^ i_croc_soc/i_croc/i_core_wrap/_7239_/B (sg13g2_and3_1)
     2    0.01    0.05    0.13   12.19 ^ i_croc_soc/i_croc/i_core_wrap/_7239_/X (sg13g2_and3_1)
                                         i_croc_soc/i_croc/i_core_wrap/_2400_ (net)
                  0.05    0.00   12.19 ^ i_croc_soc/i_croc/i_core_wrap/_7241_/B (sg13g2_and2_1)
     3    0.01    0.05    0.11   12.30 ^ i_croc_soc/i_croc/i_core_wrap/_7241_/X (sg13g2_and2_1)
                                         i_croc_soc/i_croc/i_core_wrap/_2402_ (net)
                  0.05    0.00   12.30 ^ i_croc_soc/i_croc/i_core_wrap/_7291_/C (sg13g2_and3_1)
     2    0.01    0.05    0.13   12.43 ^ i_croc_soc/i_croc/i_core_wrap/_7291_/X (sg13g2_and3_1)
                                         i_croc_soc/i_croc/i_core_wrap/_2449_ (net)
                  0.05    0.00   12.43 ^ i_croc_soc/i_croc/i_core_wrap/_7296_/B (sg13g2_and2_1)
     3    0.01    0.06    0.11   12.55 ^ i_croc_soc/i_croc/i_core_wrap/_7296_/X (sg13g2_and2_1)
                                         i_croc_soc/i_croc/i_core_wrap/_2453_ (net)
                  0.06    0.00   12.55 ^ i_croc_soc/i_croc/i_core_wrap/_7344_/D (sg13g2_nand4_1)
     1    0.00    0.10    0.12   12.67 v i_croc_soc/i_croc/i_core_wrap/_7344_/Y (sg13g2_nand4_1)
                                         i_croc_soc/i_croc/i_core_wrap/_2498_ (net)
                  0.10    0.00   12.67 v i_croc_soc/i_croc/i_core_wrap/_7345_/A (sg13g2_inv_1)
     2    0.01    0.05    0.07   12.74 ^ i_croc_soc/i_croc/i_core_wrap/_7345_/Y (sg13g2_inv_1)
                                         i_croc_soc/i_croc/i_core_wrap/_2499_ (net)
                  0.05    0.00   12.74 ^ i_croc_soc/i_croc/i_core_wrap/_7346_/C (sg13g2_nand3_1)
     4    0.01    0.14    0.15   12.89 v i_croc_soc/i_croc/i_core_wrap/_7346_/Y (sg13g2_nand3_1)
                                         i_croc_soc/i_croc/i_core_wrap/_2500_ (net)
                  0.14    0.00   12.89 v fanout1590/A (sg13g2_buf_2)
     8    0.03    0.06    0.15   13.04 v fanout1590/X (sg13g2_buf_2)
                                         net1590 (net)
                  0.06    0.00   13.04 v i_croc_soc/i_croc/i_core_wrap/_7417_/B (sg13g2_nor3_1)
     1    0.01    0.12    0.13   13.17 ^ i_croc_soc/i_croc/i_core_wrap/_7417_/Y (sg13g2_nor3_1)
                                         i_croc_soc/i_croc/i_core_wrap/_2565_ (net)
                  0.12    0.00   13.17 ^ i_croc_soc/i_croc/i_core_wrap/_7418_/B (sg13g2_xor2_1)
     1    0.00    0.06    0.13   13.30 ^ i_croc_soc/i_croc/i_core_wrap/_7418_/X (sg13g2_xor2_1)
                                         i_croc_soc/i_croc/i_core_wrap/_2566_ (net)
                  0.06    0.00   13.30 ^ i_croc_soc/i_croc/i_core_wrap/_7425_/A2 (sg13g2_a21o_1)
     1    0.00    0.03    0.11   13.40 ^ i_croc_soc/i_croc/i_core_wrap/_7425_/X (sg13g2_a21o_1)
                                         i_croc_soc/i_croc/i_core_wrap/_0088_ (net)
                  0.03    0.00   13.40 ^ i_croc_soc/i_croc/i_core_wrap/i_ibex.crash_dump_o_93__reg/D (sg13g2_dfrbp_2)
                                 13.40   data arrival time

                         12.50   12.50   clock clk_sys (rise edge)
                          0.00   12.50   clock source latency
     1    0.20    0.34    0.03   12.53 ^ clk_i (in)
                                         clk_i (net)
                  0.34    0.00   12.53 ^ pad_clk_i/pad (sg13g2_IOPadIn)
     1    0.01    0.05    0.07   12.60 ^ pad_clk_i/p2c (sg13g2_IOPadIn)
                                         soc_clk_i (net)
                  0.03    0.00   12.60 ^ clkbuf_0_soc_clk_i/A (sg13g2_buf_8)
     4    0.07    0.05    0.09   12.69 ^ clkbuf_0_soc_clk_i/X (sg13g2_buf_8)
                                         clknet_0_soc_clk_i (net)
                  0.05    0.00   12.69 ^ clkbuf_2_3_0_soc_clk_i/A (sg13g2_buf_16)
     2    0.03    0.02    0.08   12.77 ^ clkbuf_2_3_0_soc_clk_i/X (sg13g2_buf_16)
                                         clknet_2_3_0_soc_clk_i (net)
                  0.02    0.00   12.77 ^ clkbuf_3_6_0_soc_clk_i/A (sg13g2_buf_16)
    16    0.28    0.08    0.11   12.88 ^ clkbuf_3_6_0_soc_clk_i/X (sg13g2_buf_16)
                                         clknet_3_6_0_soc_clk_i (net)
                  0.08    0.00   12.88 ^ clkbuf_7_110_0_soc_clk_i/A (sg13g2_buf_16)
     6    0.10    0.04    0.11   12.99 ^ clkbuf_7_110_0_soc_clk_i/X (sg13g2_buf_16)
                                         clknet_7_110_0_soc_clk_i (net)
                  0.04    0.00   12.99 ^ clkbuf_leaf_458_soc_clk_i/A (sg13g2_buf_16)
     6    0.02    0.02    0.07   13.06 ^ clkbuf_leaf_458_soc_clk_i/X (sg13g2_buf_16)
                                         clknet_leaf_458_soc_clk_i (net)
                  0.02    0.00   13.06 ^ i_croc_soc/i_croc/i_core_wrap/i_ibex.crash_dump_o_93__reg/CLK (sg13g2_dfrbp_2)
                         -0.10   12.96   clock uncertainty
                          0.01   12.97   clock reconvergence pessimism
                         -0.12   12.85   library setup time
                                 12.85   data required time
-----------------------------------------------------------------------------
                                 12.85   data required time
                                -13.40   data arrival time
-----------------------------------------------------------------------------
                                 -0.55   slack (VIOLATED)



==========================================================================
04_croc.cts_unrepaired report_checks -unconstrained
--------------------------------------------------------------------------
Startpoint: i_croc_soc/i_rstgen.i_rstgen_bypass.synch_regs_q_3__reg
            (rising edge-triggered flip-flop clocked by clk_sys)
Endpoint: i_croc_soc/i_croc/i_dm_top.i_dm_top/i_dm_csrs.i_fifo.mem_q_24__reg
          (recovery check against rising-edge clock clk_sys)
Path Group: asynchronous
Path Type: max
Corner: tt

Fanout     Cap    Slew   Delay    Time   Description
-----------------------------------------------------------------------------
                          0.00    0.00   clock clk_sys (rise edge)
                          0.00    0.00   clock source latency
     1    0.24    0.35    0.04    0.04 ^ clk_i (in)
                                         clk_i (net)
                  0.35    0.00    0.04 ^ pad_clk_i/pad (sg13g2_IOPadIn)
     1    0.01    0.05    0.07    0.11 ^ pad_clk_i/p2c (sg13g2_IOPadIn)
                                         soc_clk_i (net)
                  0.04    0.00    0.11 ^ clkbuf_0_soc_clk_i/A (sg13g2_buf_8)
     4    0.07    0.05    0.09    0.20 ^ clkbuf_0_soc_clk_i/X (sg13g2_buf_8)
                                         clknet_0_soc_clk_i (net)
                  0.05    0.00    0.20 ^ clkbuf_2_3_0_soc_clk_i/A (sg13g2_buf_16)
     2    0.03    0.02    0.08    0.27 ^ clkbuf_2_3_0_soc_clk_i/X (sg13g2_buf_16)
                                         clknet_2_3_0_soc_clk_i (net)
                  0.02    0.00    0.27 ^ clkbuf_3_6_0_soc_clk_i/A (sg13g2_buf_16)
    16    0.28    0.08    0.11    0.39 ^ clkbuf_3_6_0_soc_clk_i/X (sg13g2_buf_16)
                                         clknet_3_6_0_soc_clk_i (net)
                  0.08    0.00    0.39 ^ clkbuf_7_98_0_soc_clk_i/A (sg13g2_buf_16)
     6    0.10    0.04    0.11    0.50 ^ clkbuf_7_98_0_soc_clk_i/X (sg13g2_buf_16)
                                         clknet_7_98_0_soc_clk_i (net)
                  0.04    0.00    0.50 ^ clkbuf_leaf_717_soc_clk_i/A (sg13g2_buf_16)
     5    0.02    0.02    0.07    0.57 ^ clkbuf_leaf_717_soc_clk_i/X (sg13g2_buf_16)
                                         clknet_leaf_717_soc_clk_i (net)
                  0.02    0.00    0.57 ^ i_croc_soc/i_rstgen.i_rstgen_bypass.synch_regs_q_3__reg/CLK (sg13g2_dfrbp_1)
     2    0.01    0.05    0.22    0.78 ^ i_croc_soc/i_rstgen.i_rstgen_bypass.synch_regs_q_3__reg/Q (sg13g2_dfrbp_1)
                                         i_croc_soc/i_rstgen.i_rstgen_bypass.synch_regs_q_3_ (net)
                  0.05    0.00    0.78 ^ i_croc_soc/i_rstgen.i_rstgen_bypass.i_tc_clk_mux2_rst_no/i_mux/A0 (sg13g2_mux2_2)
     3    0.16    0.33    0.31    1.09 ^ i_croc_soc/i_rstgen.i_rstgen_bypass.i_tc_clk_mux2_rst_no/i_mux/X (sg13g2_mux2_2)
                                         i_croc_soc/i_rstgen.i_rstgen_bypass.rst_no (net)
                  0.34    0.05    1.14 ^ fanout4347/A (sg13g2_buf_8)
     4    0.11    0.08    0.20    1.34 ^ fanout4347/X (sg13g2_buf_8)
                                         net4347 (net)
                  0.08    0.01    1.35 ^ fanout4132/A (sg13g2_buf_4)
     4    0.07    0.09    0.15    1.50 ^ fanout4132/X (sg13g2_buf_4)
                                         net4132 (net)
                  0.09    0.00    1.50 ^ fanout4062/A (sg13g2_buf_4)
     4    0.03    0.04    0.13    1.63 ^ fanout4062/X (sg13g2_buf_4)
                                         net4062 (net)
                  0.04    0.00    1.63 ^ fanout4061/A (sg13g2_buf_4)
     5    0.05    0.07    0.12    1.75 ^ fanout4061/X (sg13g2_buf_4)
                                         net4061 (net)
                  0.07    0.00    1.75 ^ fanout4046/A (sg13g2_buf_2)
     5    0.04    0.08    0.13    1.89 ^ fanout4046/X (sg13g2_buf_2)
                                         net4046 (net)
                  0.08    0.00    1.89 ^ fanout4045/A (sg13g2_buf_2)
     4    0.02    0.05    0.12    2.00 ^ fanout4045/X (sg13g2_buf_2)
                                         net4045 (net)
                  0.05    0.00    2.00 ^ fanout4044/A (sg13g2_buf_4)
     8    0.06    0.08    0.14    2.14 ^ fanout4044/X (sg13g2_buf_4)
                                         net4044 (net)
                  0.08    0.00    2.14 ^ fanout4043/A (sg13g2_buf_4)
     8    0.06    0.08    0.15    2.30 ^ fanout4043/X (sg13g2_buf_4)
                                         net4043 (net)
                  0.08    0.00    2.30 ^ i_croc_soc/i_croc/i_dm_top.i_dm_top/i_dm_csrs.i_fifo.mem_q_24__reg/RESET_B (sg13g2_dfrbp_1)
                                  2.30   data arrival time

                         12.50   12.50   clock clk_sys (rise edge)
                          0.00   12.50   clock source latency
     1    0.20    0.34    0.03   12.53 ^ clk_i (in)
                                         clk_i (net)
                  0.34    0.00   12.53 ^ pad_clk_i/pad (sg13g2_IOPadIn)
     1    0.01    0.05    0.07   12.60 ^ pad_clk_i/p2c (sg13g2_IOPadIn)
                                         soc_clk_i (net)
                  0.03    0.00   12.60 ^ clkbuf_0_soc_clk_i/A (sg13g2_buf_8)
     4    0.07    0.05    0.09   12.69 ^ clkbuf_0_soc_clk_i/X (sg13g2_buf_8)
                                         clknet_0_soc_clk_i (net)
                  0.05    0.00   12.69 ^ clkbuf_2_2_0_soc_clk_i/A (sg13g2_buf_16)
     2    0.03    0.02    0.08   12.77 ^ clkbuf_2_2_0_soc_clk_i/X (sg13g2_buf_16)
                                         clknet_2_2_0_soc_clk_i (net)
                  0.02    0.00   12.77 ^ clkbuf_3_4_0_soc_clk_i/A (sg13g2_buf_16)
    16    0.28    0.08    0.11   12.88 ^ clkbuf_3_4_0_soc_clk_i/X (sg13g2_buf_16)
                                         clknet_3_4_0_soc_clk_i (net)
                  0.08    0.00   12.88 ^ clkbuf_7_72_0_soc_clk_i/A (sg13g2_buf_16)
     6    0.10    0.04    0.11   12.99 ^ clkbuf_7_72_0_soc_clk_i/X (sg13g2_buf_16)
                                         clknet_7_72_0_soc_clk_i (net)
                  0.04    0.00   12.99 ^ clkbuf_leaf_709_soc_clk_i/A (sg13g2_buf_16)
     7    0.02    0.02    0.07   13.06 ^ clkbuf_leaf_709_soc_clk_i/X (sg13g2_buf_16)
                                         clknet_leaf_709_soc_clk_i (net)
                  0.02    0.00   13.06 ^ i_croc_soc/i_croc/i_dm_top.i_dm_top/i_dm_csrs.i_fifo.mem_q_24__reg/CLK (sg13g2_dfrbp_1)
                         -0.10   12.96   clock uncertainty
                          0.01   12.97   clock reconvergence pessimism
                         -0.13   12.84   library recovery time
                                 12.84   data required time
-----------------------------------------------------------------------------
                                 12.84   data required time
                                 -2.30   data arrival time
-----------------------------------------------------------------------------
                                 10.54   slack (MET)


Startpoint: i_croc_soc/i_croc/i_dmi_jtag/i_dmi_cdc.i_cdc_req/i_dst/async_ack_o_reg
            (rising edge-triggered flip-flop clocked by clk_sys)
Endpoint: i_croc_soc/i_croc/i_dm_top.i_dm_top/i_dm_csrs.progbuf_o_84__reg
          (rising edge-triggered flip-flop clocked by clk_sys)
Path Group: path delay
Path Type: max
Corner: tt

Fanout     Cap    Slew   Delay    Time   Description
-----------------------------------------------------------------------------
                  0.02    0.00    0.00 ^ i_croc_soc/i_croc/i_dmi_jtag/i_dmi_cdc.i_cdc_req/i_dst/async_ack_o_reg/CLK (sg13g2_dfrbp_2)
     6    0.03    0.07    0.28    0.28 ^ i_croc_soc/i_croc/i_dmi_jtag/i_dmi_cdc.i_cdc_req/i_dst/async_ack_o_reg/Q (sg13g2_dfrbp_2)
                                         i_croc_soc/i_croc/i_dmi_jtag/i_dmi_cdc.i_cdc_req/async_ack (net)
                  0.07    0.00    0.28 ^ i_croc_soc/i_croc/i_dmi_jtag/i_dmi_cdc.i_cdc_req/i_dst/_199_/A (sg13g2_xor2_1)
     1    0.00    0.06    0.11    0.39 ^ i_croc_soc/i_croc/i_dmi_jtag/i_dmi_cdc.i_cdc_req/i_dst/_199_/X (sg13g2_xor2_1)
                                         i_croc_soc/i_croc/i_dmi_jtag/i_dmi_cdc.i_cdc_req/s_dst_valid (net)
                  0.06    0.00    0.39 ^ i_croc_soc/i_croc/i_dmi_jtag/i_dmi_cdc.i_cdc_req/_5_/B_N (sg13g2_nor2b_2)
     5    0.02    0.14    0.17    0.55 ^ i_croc_soc/i_croc/i_dmi_jtag/i_dmi_cdc.i_cdc_req/_5_/Y (sg13g2_nor2b_2)
                                         i_croc_soc/i_croc/dmi_req_valid (net)
                  0.14    0.00    0.55 ^ i_croc_soc/i_croc/i_dm_top.i_dm_top/_4879_/A (sg13g2_nand2_2)
     4    0.03    0.12    0.14    0.70 v i_croc_soc/i_croc/i_dm_top.i_dm_top/_4879_/Y (sg13g2_nand2_2)
                                         i_croc_soc/i_croc/i_dm_top.i_dm_top/_0600_ (net)
                  0.12    0.00    0.70 v i_croc_soc/i_croc/i_dm_top.i_dm_top/_4891_/A (sg13g2_or2_1)
     2    0.01    0.05    0.16    0.85 v i_croc_soc/i_croc/i_dm_top.i_dm_top/_4891_/X (sg13g2_or2_1)
                                         i_croc_soc/i_croc/i_dm_top.i_dm_top/_0611_ (net)
                  0.05    0.00    0.85 v fanout3198/A (sg13g2_buf_4)
     8    0.05    0.05    0.11    0.97 v fanout3198/X (sg13g2_buf_4)
                                         net3198 (net)
                  0.05    0.00    0.97 v i_croc_soc/i_croc/i_dm_top.i_dm_top/_4896_/A (sg13g2_nor2_2)
     7    0.03    0.16    0.15    1.12 ^ i_croc_soc/i_croc/i_dm_top.i_dm_top/_4896_/Y (sg13g2_nor2_2)
                                         i_croc_soc/i_croc/i_dm_top.i_dm_top/_0616_ (net)
                  0.16    0.00    1.12 ^ i_croc_soc/i_croc/i_dm_top.i_dm_top/_6537_/A1 (sg13g2_a21oi_2)
     8    0.04    0.15    0.18    1.30 v i_croc_soc/i_croc/i_dm_top.i_dm_top/_6537_/Y (sg13g2_a21oi_2)
                                         i_croc_soc/i_croc/i_dm_top.i_dm_top/_2038_ (net)
                  0.15    0.00    1.30 v i_croc_soc/i_croc/i_dm_top.i_dm_top/_7273_/A (sg13g2_nor2_1)
     1    0.00    0.07    0.10    1.40 ^ i_croc_soc/i_croc/i_dm_top.i_dm_top/_7273_/Y (sg13g2_nor2_1)
                                         i_croc_soc/i_croc/i_dm_top.i_dm_top/_2558_ (net)
                  0.07    0.00    1.40 ^ fanout2868/A (sg13g2_buf_4)
     4    0.04    0.05    0.13    1.53 ^ fanout2868/X (sg13g2_buf_4)
                                         net2868 (net)
                  0.05    0.00    1.53 ^ fanout2865/A (sg13g2_buf_2)
     4    0.03    0.07    0.12    1.64 ^ fanout2865/X (sg13g2_buf_2)
                                         net2865 (net)
                  0.07    0.00    1.64 ^ fanout2864/A (sg13g2_buf_4)
     8    0.04    0.05    0.13    1.77 ^ fanout2864/X (sg13g2_buf_4)
                                         net2864 (net)
                  0.05    0.00    1.77 ^ fanout2863/A (sg13g2_buf_2)
     8    0.04    0.09    0.13    1.91 ^ fanout2863/X (sg13g2_buf_2)
                                         net2863 (net)
                  0.09    0.00    1.91 ^ fanout2862/A (sg13g2_buf_2)
     8    0.04    0.09    0.15    2.06 ^ fanout2862/X (sg13g2_buf_2)
                                         net2862 (net)
                  0.09    0.00    2.06 ^ i_croc_soc/i_croc/i_dm_top.i_dm_top/_7350_/C (sg13g2_nand3_1)
     1    0.00    0.06    0.09    2.15 v i_croc_soc/i_croc/i_dm_top.i_dm_top/_7350_/Y (sg13g2_nand3_1)
                                         i_croc_soc/i_croc/i_dm_top.i_dm_top/_2613_ (net)
                  0.06    0.00    2.15 v i_croc_soc/i_croc/i_dm_top.i_dm_top/_7351_/B1 (sg13g2_o21ai_1)
     1    0.00    0.08    0.05    2.20 ^ i_croc_soc/i_croc/i_dm_top.i_dm_top/_7351_/Y (sg13g2_o21ai_1)
                                         i_croc_soc/i_croc/i_dm_top.i_dm_top/_0420_ (net)
                  0.08    0.00    2.20 ^ i_croc_soc/i_croc/i_dm_top.i_dm_top/i_dm_csrs.progbuf_o_84__reg/D (sg13g2_dfrbp_1)
                                  2.20   data arrival time

                          4.38    4.38   max_delay
                         -0.13    4.25   library setup time
                                  4.25   data required time
-----------------------------------------------------------------------------
                                  4.25   data required time
                                 -2.20   data arrival time
-----------------------------------------------------------------------------
                                  2.05   slack (MET)


Startpoint: i_croc_soc/i_croc/i_dmi_jtag/td_o_reg
            (rising edge-triggered flip-flop clocked by clk_jtg')
Endpoint: jtag_tdo_o (output port clocked by clk_jtg)
Path Group: clk_jtg
Path Type: max
Corner: tt

Fanout     Cap    Slew   Delay    Time   Description
-----------------------------------------------------------------------------
                         10.00   10.00   clock clk_jtg' (rise edge)
                          0.00   10.00   clock source latency
     1    0.23    0.49    0.03   10.03 v jtag_tck_i (in)
                                         jtag_tck_i (net)
                  0.49    0.00   10.03 v pad_jtag_tck_i/pad (sg13g2_IOPadIn)
     1    0.01    0.12    0.60   10.63 v pad_jtag_tck_i/p2c (sg13g2_IOPadIn)
                                         soc_jtag_tck_i (net)
                  0.09    0.00   10.63 v clkbuf_0_soc_jtag_tck_i/A (sg13g2_buf_8)
     8    0.07    0.04    0.12   10.75 v clkbuf_0_soc_jtag_tck_i/X (sg13g2_buf_8)
                                         clknet_0_soc_jtag_tck_i (net)
                  0.04    0.00   10.75 v clkbuf_3_0__f_soc_jtag_tck_i/A (sg13g2_buf_8)
     5    0.08    0.05    0.10   10.85 v clkbuf_3_0__f_soc_jtag_tck_i/X (sg13g2_buf_8)
                                         clknet_3_0__leaf_soc_jtag_tck_i (net)
                  0.05    0.00   10.85 v clkbuf_leaf_35_soc_jtag_tck_i/A (sg13g2_buf_16)
     9    0.02    0.02    0.08   10.93 v clkbuf_leaf_35_soc_jtag_tck_i/X (sg13g2_buf_16)
                                         clknet_leaf_35_soc_jtag_tck_i (net)
                  0.02    0.00   10.93 v i_croc_soc/i_croc/i_dmi_jtag/i_dmi_jtag_tap.i_tck_inv/i_inv_5299/A (sg13g2_inv_1)
     1    0.00    0.02    0.03   10.96 ^ i_croc_soc/i_croc/i_dmi_jtag/i_dmi_jtag_tap.i_tck_inv/i_inv_5299/Y (sg13g2_inv_1)
                                         net5299 (net)
                  0.02    0.00   10.96 ^ i_croc_soc/i_croc/i_dmi_jtag/i_dmi_jtag_tap.i_dft_tck_mux/i_mux/A0 (sg13g2_mux2_1)
     1    0.01    0.05    0.10   11.06 ^ i_croc_soc/i_croc/i_dmi_jtag/i_dmi_jtag_tap.i_dft_tck_mux/i_mux/X (sg13g2_mux2_1)
                                         i_croc_soc/i_croc/i_dmi_jtag/i_dmi_jtag_tap.tck_n (net)
                  0.05    0.00   11.06 ^ clkbuf_0_i_croc_soc/i_croc/i_dmi_jtag/i_dmi_jtag_tap.tck_n/A (sg13g2_buf_8)
     2    0.02    0.02    0.08   11.14 ^ clkbuf_0_i_croc_soc/i_croc/i_dmi_jtag/i_dmi_jtag_tap.tck_n/X (sg13g2_buf_8)
                                         clknet_0_i_croc_soc/i_croc/i_dmi_jtag/i_dmi_jtag_tap.tck_n (net)
                  0.02    0.00   11.14 ^ clkbuf_1_0__f_i_croc_soc/i_croc/i_dmi_jtag/i_dmi_jtag_tap.tck_n/A (sg13g2_buf_8)
     1    0.00    0.02    0.06   11.20 ^ clkbuf_1_0__f_i_croc_soc/i_croc/i_dmi_jtag/i_dmi_jtag_tap.tck_n/X (sg13g2_buf_8)
                                         clknet_1_0__leaf_i_croc_soc/i_croc/i_dmi_jtag/i_dmi_jtag_tap.tck_n (net)
                  0.02    0.00   11.20 ^ i_croc_soc/i_croc/i_dmi_jtag/td_o_reg/CLK (sg13g2_dfrbp_2)
     1    0.14    0.29    0.40   11.60 ^ i_croc_soc/i_croc/i_dmi_jtag/td_o_reg/Q (sg13g2_dfrbp_2)
                                         soc_jtag_tdo_o (net)
                  0.40    0.05   11.65 ^ pad_jtag_tdo_o/c2p (sg13g2_IOPadOut16mA)
     1   15.00    3.55    3.28   14.93 ^ pad_jtag_tdo_o/pad (sg13g2_IOPadOut16mA)
                                         jtag_tdo_o (net)
                  2.66    0.00   14.93 ^ jtag_tdo_o (out)
                                 14.93   data arrival time

                         20.00   20.00   clock clk_jtg (rise edge)
                          0.00   20.00   clock network delay (propagated)
                         -0.10   19.90   clock uncertainty
                          0.00   19.90   clock reconvergence pessimism
                         -5.00   14.90   output external delay
                                 14.90   data required time
-----------------------------------------------------------------------------
                                 14.90   data required time
                                -14.93   data arrival time
-----------------------------------------------------------------------------
                                 -0.03   slack (VIOLATED)


Startpoint: i_croc_soc/i_croc/i_core_wrap/i_ibex.id_stage_i.controller_i.instr_i_15__reg
            (rising edge-triggered flip-flop clocked by clk_sys)
Endpoint: i_croc_soc/i_croc/i_core_wrap/i_ibex.crash_dump_o_93__reg
          (rising edge-triggered flip-flop clocked by clk_sys)
Path Group: clk_sys
Path Type: max
Corner: tt

Fanout     Cap    Slew   Delay    Time   Description
-----------------------------------------------------------------------------
                          0.00    0.00   clock clk_sys (rise edge)
                          0.00    0.00   clock source latency
     1    0.24    0.35    0.04    0.04 ^ clk_i (in)
                                         clk_i (net)
                  0.35    0.00    0.04 ^ pad_clk_i/pad (sg13g2_IOPadIn)
     1    0.01    0.05    0.07    0.11 ^ pad_clk_i/p2c (sg13g2_IOPadIn)
                                         soc_clk_i (net)
                  0.04    0.00    0.11 ^ clkbuf_0_soc_clk_i/A (sg13g2_buf_8)
     4    0.07    0.05    0.09    0.20 ^ clkbuf_0_soc_clk_i/X (sg13g2_buf_8)
                                         clknet_0_soc_clk_i (net)
                  0.05    0.00    0.20 ^ clkbuf_2_0_0_soc_clk_i/A (sg13g2_buf_16)
     2    0.03    0.02    0.08    0.27 ^ clkbuf_2_0_0_soc_clk_i/X (sg13g2_buf_16)
                                         clknet_2_0_0_soc_clk_i (net)
                  0.02    0.00    0.27 ^ clkbuf_3_1_0_soc_clk_i/A (sg13g2_buf_16)
    16    0.28    0.08    0.11    0.39 ^ clkbuf_3_1_0_soc_clk_i/X (sg13g2_buf_16)
                                         clknet_3_1_0_soc_clk_i (net)
                  0.08    0.00    0.39 ^ clkbuf_7_26_0_soc_clk_i/A (sg13g2_buf_16)
     7    0.10    0.04    0.11    0.50 ^ clkbuf_7_26_0_soc_clk_i/X (sg13g2_buf_16)
                                         clknet_7_26_0_soc_clk_i (net)
                  0.04    0.00    0.50 ^ clkbuf_leaf_251_soc_clk_i/A (sg13g2_buf_16)
     8    0.02    0.02    0.07    0.57 ^ clkbuf_leaf_251_soc_clk_i/X (sg13g2_buf_16)
                                         clknet_leaf_251_soc_clk_i (net)
                  0.02    0.00    0.57 ^ i_croc_soc/i_croc/i_core_wrap/i_ibex.id_stage_i.controller_i.instr_i_15__reg/CLK (sg13g2_dfrbp_2)
     3    0.06    0.13    0.32    0.88 ^ i_croc_soc/i_croc/i_core_wrap/i_ibex.id_stage_i.controller_i.instr_i_15__reg/Q (sg13g2_dfrbp_2)
                                         i_croc_soc/i_croc/i_core_wrap/i_ibex.id_stage_i.controller_i.instr_i_15_ (net)
                  0.13    0.01    0.89 ^ fanout5230/A (sg13g2_buf_8)
     8    0.09    0.06    0.14    1.03 ^ fanout5230/X (sg13g2_buf_8)
                                         net5230 (net)
                  0.06    0.00    1.04 ^ fanout5229/A (sg13g2_buf_2)
     4    0.03    0.07    0.12    1.15 ^ fanout5229/X (sg13g2_buf_2)
                                         net5229 (net)
                  0.07    0.00    1.15 ^ fanout5208/A (sg13g2_buf_2)
     4    0.03    0.07    0.12    1.27 ^ fanout5208/X (sg13g2_buf_2)
                                         net5208 (net)
                  0.07    0.00    1.28 ^ fanout5206/A (sg13g2_buf_2)
     6    0.03    0.08    0.13    1.41 ^ fanout5206/X (sg13g2_buf_2)
                                         net5206 (net)
                  0.08    0.00    1.41 ^ fanout5205/A (sg13g2_buf_4)
     8    0.05    0.06    0.14    1.55 ^ fanout5205/X (sg13g2_buf_4)
                                         net5205 (net)
                  0.06    0.00    1.55 ^ i_croc_soc/i_croc/i_core_wrap/i_ibex.register_file_i/_4582_/S (sg13g2_mux2_1)
     1    0.00    0.04    0.17    1.72 v i_croc_soc/i_croc/i_core_wrap/i_ibex.register_file_i/_4582_/X (sg13g2_mux2_1)
                                         i_croc_soc/i_croc/i_core_wrap/i_ibex.register_file_i/_1526_ (net)
                  0.04    0.00    1.72 v i_croc_soc/i_croc/i_core_wrap/i_ibex.register_file_i/_4584_/A2 (sg13g2_a22oi_1)
     1    0.00    0.06    0.08    1.80 ^ i_croc_soc/i_croc/i_core_wrap/i_ibex.register_file_i/_4584_/Y (sg13g2_a22oi_1)
                                         i_croc_soc/i_croc/i_core_wrap/i_ibex.register_file_i/_1528_ (net)
                  0.06    0.00    1.80 ^ i_croc_soc/i_croc/i_core_wrap/i_ibex.register_file_i/_4585_/A2 (sg13g2_a21oi_1)
     1    0.01    0.07    0.09    1.88 v i_croc_soc/i_croc/i_core_wrap/i_ibex.register_file_i/_4585_/Y (sg13g2_a21oi_1)
                                         i_croc_soc/i_croc/i_core_wrap/i_ibex.register_file_i/_1529_ (net)
                  0.07    0.00    1.88 v i_croc_soc/i_croc/i_core_wrap/i_ibex.register_file_i/_4586_/C1 (sg13g2_a221oi_1)
     1    0.02    0.26    0.22    2.10 ^ i_croc_soc/i_croc/i_core_wrap/i_ibex.register_file_i/_4586_/Y (sg13g2_a221oi_1)
                                         i_croc_soc/i_croc/i_core_wrap/i_ibex.register_file_i/_1530_ (net)
                  0.26    0.00    2.10 ^ i_croc_soc/i_croc/i_core_wrap/i_ibex.register_file_i/_4587_/C (sg13g2_nand3_1)
     1    0.05    0.41    0.42    2.53 v i_croc_soc/i_croc/i_core_wrap/i_ibex.register_file_i/_4587_/Y (sg13g2_nand3_1)
                                         i_croc_soc/i_croc/i_core_wrap/i_ibex.ex_block_i.multdiv_operand_a_i_7_ (net)
                  0.41    0.01    2.53 v i_croc_soc/i_croc/i_core_wrap/_5621_/A0 (sg13g2_mux2_1)
     1    0.00    0.05    0.21    2.74 v i_croc_soc/i_croc/i_core_wrap/_5621_/X (sg13g2_mux2_1)
                                         i_croc_soc/i_croc/i_core_wrap/_0958_ (net)
                  0.05    0.00    2.74 v i_croc_soc/i_croc/i_core_wrap/_5622_/B2 (sg13g2_a22oi_1)
     1    0.00    0.05    0.05    2.79 ^ i_croc_soc/i_croc/i_core_wrap/_5622_/Y (sg13g2_a22oi_1)
                                         i_croc_soc/i_croc/i_core_wrap/_0959_ (net)
                  0.05    0.00    2.79 ^ fanout3105/A (sg13g2_buf_2)
     5    0.03    0.07    0.12    2.91 ^ fanout3105/X (sg13g2_buf_2)
                                         net3105 (net)
                  0.07    0.00    2.91 ^ fanout3104/A (sg13g2_buf_1)
     5    0.02    0.09    0.13    3.04 ^ fanout3104/X (sg13g2_buf_1)
                                         net3104 (net)
                  0.09    0.00    3.04 ^ fanout3102/A (sg13g2_buf_2)
     8    0.03    0.07    0.13    3.17 ^ fanout3102/X (sg13g2_buf_2)
                                         net3102 (net)
                  0.07    0.00    3.17 ^ i_croc_soc/i_croc/i_core_wrap/_5678_/A_N (sg13g2_nand2b_1)
     2    0.01    0.08    0.09    3.26 ^ i_croc_soc/i_croc/i_core_wrap/_5678_/Y (sg13g2_nand2b_1)
                                         i_croc_soc/i_croc/i_core_wrap/_1010_ (net)
                  0.08    0.00    3.26 ^ fanout2955/A (sg13g2_buf_2)
     8    0.03    0.08    0.14    3.40 ^ fanout2955/X (sg13g2_buf_2)
                                         net2955 (net)
                  0.08    0.00    3.40 ^ i_croc_soc/i_croc/i_core_wrap/_5681_/A2 (sg13g2_a21oi_1)
     1    0.00    0.05    0.08    3.48 v i_croc_soc/i_croc/i_core_wrap/_5681_/Y (sg13g2_a21oi_1)
                                         i_croc_soc/i_croc/i_core_wrap/_1013_ (net)
                  0.05    0.00    3.48 v i_croc_soc/i_croc/i_core_wrap/_5684_/A1 (sg13g2_o21ai_1)
     4    0.02    0.19    0.19    3.67 ^ i_croc_soc/i_croc/i_core_wrap/_5684_/Y (sg13g2_o21ai_1)
                                         i_croc_soc/i_croc/i_core_wrap/_1016_ (net)
                  0.19    0.00    3.67 ^ i_croc_soc/i_croc/i_core_wrap/_5686_/B (sg13g2_nand3_1)
     1    0.00    0.08    0.12    3.79 v i_croc_soc/i_croc/i_core_wrap/_5686_/Y (sg13g2_nand3_1)
                                         i_croc_soc/i_croc/i_core_wrap/_1018_ (net)
                  0.08    0.00    3.79 v i_croc_soc/i_croc/i_core_wrap/_5688_/A2 (sg13g2_a21oi_1)
     1    0.00    0.07    0.10    3.89 ^ i_croc_soc/i_croc/i_core_wrap/_5688_/Y (sg13g2_a21oi_1)
                                         i_croc_soc/i_croc/i_core_wrap/_1020_ (net)
                  0.07    0.00    3.89 ^ i_croc_soc/i_croc/i_core_wrap/_5691_/A (sg13g2_or3_1)
     1    0.01    0.04    0.11    3.99 ^ i_croc_soc/i_croc/i_core_wrap/_5691_/X (sg13g2_or3_1)
                                         i_croc_soc/i_croc/i_core_wrap/_1023_ (net)
                  0.04    0.00    3.99 ^ i_croc_soc/i_croc/i_core_wrap/_5700_/B1 (sg13g2_a22oi_1)
     3    0.02    0.13    0.11    4.11 v i_croc_soc/i_croc/i_core_wrap/_5700_/Y (sg13g2_a22oi_1)
                                         i_croc_soc/i_croc/i_core_wrap/_1032_ (net)
                  0.13    0.00    4.11 v i_croc_soc/i_croc/i_core_wrap/_5859_/A (sg13g2_nor3_2)
     8    0.05    0.33    0.32    4.43 ^ i_croc_soc/i_croc/i_core_wrap/_5859_/Y (sg13g2_nor3_2)
                                         i_croc_soc/i_croc/i_core_wrap/_1186_ (net)
                  0.33    0.00    4.43 ^ i_croc_soc/i_croc/i_core_wrap/_6222_/A1 (sg13g2_o21ai_1)
     1    0.00    0.08    0.13    4.56 v i_croc_soc/i_croc/i_core_wrap/_6222_/Y (sg13g2_o21ai_1)
                                         i_croc_soc/i_croc/i_core_wrap/_1527_ (net)
                  0.08    0.00    4.56 v i_croc_soc/i_croc/i_core_wrap/_6223_/B_N (sg13g2_nor2b_1)
     2    0.01    0.05    0.10    4.66 v i_croc_soc/i_croc/i_core_wrap/_6223_/Y (sg13g2_nor2b_1)
                                         i_croc_soc/i_croc/i_core_wrap/_1528_ (net)
                  0.05    0.00    4.66 v fanout1031/A (sg13g2_buf_2)
     8    0.03    0.06    0.12    4.78 v fanout1031/X (sg13g2_buf_2)
                                         net1031 (net)
                  0.06    0.00    4.78 v i_croc_soc/i_croc/i_core_wrap/_6346_/A (sg13g2_xnor2_1)
     6    0.05    0.30    0.30    5.08 v i_croc_soc/i_croc/i_core_wrap/_6346_/Y (sg13g2_xnor2_1)
                                         i_croc_soc/i_croc/core_data_obi_req_63_ (net)
                  0.30    0.00    5.08 v i_croc_soc/i_croc/i_core_wrap/_7340_/A1 (sg13g2_a221oi_1)
     1    0.01    0.15    0.23    5.31 ^ i_croc_soc/i_croc/i_core_wrap/_7340_/Y (sg13g2_a221oi_1)
                                         i_croc_soc/i_croc/i_core_wrap/_2494_ (net)
                  0.15    0.00    5.31 ^ i_croc_soc/i_croc/i_core_wrap/_7342_/A (sg13g2_nor2_2)
     3    0.02    0.06    0.09    5.40 v i_croc_soc/i_croc/i_core_wrap/_7342_/Y (sg13g2_nor2_2)
                                         i_croc_soc/i_croc/i_core_wrap/_2496_ (net)
                  0.06    0.00    5.40 v i_croc_soc/i_croc/i_core_wrap/_8583_/B1 (sg13g2_a21o_1)
     3    0.01    0.06    0.14    5.54 v i_croc_soc/i_croc/i_core_wrap/_8583_/X (sg13g2_a21o_1)
                                         i_croc_soc/i_croc/i_core_wrap/_3583_ (net)
                  0.06    0.00    5.54 v i_croc_soc/i_croc/i_core_wrap/_8901_/A1 (sg13g2_mux2_2)
     4    0.02    0.05    0.16    5.71 v i_croc_soc/i_croc/i_core_wrap/_8901_/X (sg13g2_mux2_2)
                                         i_croc_soc/i_croc/core_instr_obi_req_63_ (net)
                  0.05    0.00    5.71 v i_croc_soc/i_croc/_05445_/A (sg13g2_nor4_1)
     1    0.00    0.13    0.16    5.87 ^ i_croc_soc/i_croc/_05445_/Y (sg13g2_nor4_1)
                                         i_croc_soc/i_croc/_00761_ (net)
                  0.13    0.00    5.87 ^ i_croc_soc/i_croc/_05446_/C (sg13g2_nand3_1)
     4    0.02    0.22    0.24    6.10 v i_croc_soc/i_croc/_05446_/Y (sg13g2_nand3_1)
                                         i_croc_soc/i_croc/_00762_ (net)
                  0.22    0.00    6.10 v i_croc_soc/i_croc/_05452_/A (sg13g2_nor3_2)
     5    0.03    0.24    0.26    6.37 ^ i_croc_soc/i_croc/_05452_/Y (sg13g2_nor3_2)
                                         i_croc_soc/i_croc/_00768_ (net)
                  0.24    0.00    6.37 ^ i_croc_soc/i_croc/_05453_/A (sg13g2_inv_1)
     3    0.01    0.08    0.11    6.49 v i_croc_soc/i_croc/_05453_/Y (sg13g2_inv_1)
                                         i_croc_soc/i_croc/_00769_ (net)
                  0.08    0.00    6.49 v i_croc_soc/i_croc/_05455_/B (sg13g2_and4_1)
     2    0.01    0.03    0.11    6.60 v i_croc_soc/i_croc/_05455_/X (sg13g2_and4_1)
                                         i_croc_soc/i_croc/_00771_ (net)
                  0.03    0.00    6.60 v i_croc_soc/i_croc/_05456_/B1 (sg13g2_o21ai_1)
     5    0.03    0.32    0.13    6.73 ^ i_croc_soc/i_croc/_05456_/Y (sg13g2_o21ai_1)
                                         i_croc_soc/i_croc/_00772_ (net)
                  0.32    0.00    6.73 ^ i_croc_soc/i_croc/_05457_/C (sg13g2_nor3_2)
     3    0.01    0.08    0.10    6.83 v i_croc_soc/i_croc/_05457_/Y (sg13g2_nor3_2)
                                         i_croc_soc/i_croc/_00773_ (net)
                  0.08    0.00    6.83 v i_croc_soc/i_croc/_05618_/A2 (sg13g2_o21ai_1)
     5    0.02    0.25    0.24    7.07 ^ i_croc_soc/i_croc/_05618_/Y (sg13g2_o21ai_1)
                                         i_croc_soc/i_croc/_00933_ (net)
                  0.25    0.00    7.07 ^ i_croc_soc/i_croc/_05641_/B (sg13g2_nand2_2)
     2    0.01    0.06    0.11    7.18 v i_croc_soc/i_croc/_05641_/Y (sg13g2_nand2_2)
                                         i_croc_soc/i_croc/_00956_ (net)
                  0.06    0.00    7.18 v fanout2370/A (sg13g2_buf_4)
     8    0.04    0.05    0.11    7.29 v fanout2370/X (sg13g2_buf_4)
                                         net2370 (net)
                  0.05    0.00    7.29 v i_croc_soc/i_croc/_05648_/S (sg13g2_mux2_1)
     1    0.00    0.04    0.13    7.42 v i_croc_soc/i_croc/_05648_/X (sg13g2_mux2_1)
                                         i_croc_soc/i_croc/_00963_ (net)
                  0.04    0.00    7.42 v i_croc_soc/i_croc/_05650_/B1 (sg13g2_a221oi_1)
     7    0.03    0.39    0.33    7.75 ^ i_croc_soc/i_croc/_05650_/Y (sg13g2_a221oi_1)
                                         i_croc_soc/i_croc/_00965_ (net)
                  0.39    0.00    7.75 ^ i_croc_soc/i_croc/_05652_/D (sg13g2_nand4_1)
     3    0.01    0.18    0.24    7.99 v i_croc_soc/i_croc/_05652_/Y (sg13g2_nand4_1)
                                         i_croc_soc/i_croc/_00967_ (net)
                  0.18    0.00    7.99 v i_croc_soc/i_croc/_05676_/A2 (sg13g2_a21o_2)
     5    0.03    0.07    0.23    8.22 v i_croc_soc/i_croc/_05676_/X (sg13g2_a21o_2)
                                         i_croc_soc/i_croc/_00991_ (net)
                  0.07    0.00    8.22 v i_croc_soc/i_croc/_05677_/B (sg13g2_xnor2_1)
     1    0.00    0.07    0.08    8.30 ^ i_croc_soc/i_croc/_05677_/Y (sg13g2_xnor2_1)
                                         i_croc_soc/i_croc/_00992_ (net)
                  0.07    0.00    8.30 ^ i_croc_soc/i_croc/_05733_/A1 (sg13g2_o21ai_1)
     4    0.02    0.12    0.14    8.44 v i_croc_soc/i_croc/_05733_/Y (sg13g2_o21ai_1)
                                         i_croc_soc/i_croc/_01047_ (net)
                  0.12    0.00    8.44 v i_croc_soc/i_croc/_05734_/B (sg13g2_nand2_2)
     5    0.02    0.08    0.10    8.54 ^ i_croc_soc/i_croc/_05734_/Y (sg13g2_nand2_2)
                                         i_croc_soc/i_croc/_01048_ (net)
                  0.08    0.00    8.54 ^ i_croc_soc/i_croc/_06356_/B (sg13g2_nor2_1)
     2    0.01    0.04    0.06    8.60 v i_croc_soc/i_croc/_06356_/Y (sg13g2_nor2_1)
                                         i_croc_soc/i_croc/_01558_ (net)
                  0.04    0.00    8.60 v i_croc_soc/i_croc/_06357_/C (sg13g2_nand3_1)
     3    0.05    0.20    0.17    8.77 ^ i_croc_soc/i_croc/_06357_/Y (sg13g2_nand3_1)
                                         i_croc_soc/i_croc/_01559_ (net)
                  0.20    0.00    8.77 ^ fanout2178/A (sg13g2_buf_4)
     5    0.03    0.06    0.18    8.95 ^ fanout2178/X (sg13g2_buf_4)
                                         net2178 (net)
                  0.06    0.00    8.95 ^ fanout2177/A (sg13g2_buf_4)
     8    0.06    0.08    0.14    9.09 ^ fanout2177/X (sg13g2_buf_4)
                                         net2177 (net)
                  0.08    0.00    9.09 ^ fanout2176/A (sg13g2_buf_2)
     6    0.03    0.07    0.13    9.22 ^ fanout2176/X (sg13g2_buf_2)
                                         net2176 (net)
                  0.07    0.00    9.22 ^ fanout2175/A (sg13g2_buf_1)
     4    0.02    0.08    0.12    9.34 ^ fanout2175/X (sg13g2_buf_1)
                                         net2175 (net)
                  0.08    0.00    9.34 ^ i_croc_soc/i_croc/_06412_/B (sg13g2_nor2_1)
     1    0.00    0.05    0.05    9.39 v i_croc_soc/i_croc/_06412_/Y (sg13g2_nor2_1)
                                         i_croc_soc/i_croc/all_periph_obi_req_337_ (net)
                  0.05    0.00    9.39 v fanout2135/A (sg13g2_buf_1)
     4    0.01    0.05    0.10    9.49 v fanout2135/X (sg13g2_buf_1)
                                         net2135 (net)
                  0.05    0.00    9.49 v i_croc_soc/i_croc/i_gpio/_1354_/B (sg13g2_nand2_1)
     2    0.01    0.05    0.06    9.55 ^ i_croc_soc/i_croc/i_gpio/_1354_/Y (sg13g2_nand2_1)
                                         i_croc_soc/i_croc/i_gpio/_0150_ (net)
                  0.05    0.00    9.55 ^ i_croc_soc/i_croc/i_gpio/_1355_/B (sg13g2_nand3_1)
     1    0.00    0.06    0.08    9.63 v i_croc_soc/i_croc/i_gpio/_1355_/Y (sg13g2_nand3_1)
                                         i_croc_soc/i_croc/i_gpio/_0151_ (net)
                  0.06    0.00    9.63 v i_croc_soc/i_croc/i_gpio/_1356_/B1 (sg13g2_o21ai_1)
     1    0.00    0.09    0.06    9.69 ^ i_croc_soc/i_croc/i_gpio/_1356_/Y (sg13g2_o21ai_1)
                                         i_croc_soc/i_croc/all_periph_obi_rsp_159_ (net)
                  0.09    0.00    9.69 ^ i_croc_soc/i_croc/_07626_/A (sg13g2_inv_1)
     1    0.01    0.05    0.07    9.76 v i_croc_soc/i_croc/_07626_/Y (sg13g2_inv_1)
                                         i_croc_soc/i_croc/_02530_ (net)
                  0.05    0.00    9.76 v i_croc_soc/i_croc/_07628_/A2 (sg13g2_o21ai_1)
     1    0.00    0.08    0.09    9.85 ^ i_croc_soc/i_croc/_07628_/Y (sg13g2_o21ai_1)
                                         i_croc_soc/i_croc/_02532_ (net)
                  0.08    0.00    9.85 ^ i_croc_soc/i_croc/_07632_/A2 (sg13g2_a22oi_1)
     4    0.06    0.36    0.32   10.17 v i_croc_soc/i_croc/_07632_/Y (sg13g2_a22oi_1)
                                         i_croc_soc/i_croc/_02536_ (net)
                  0.36    0.01   10.18 v i_croc_soc/i_croc/_07912_/B (sg13g2_nor2_1)
     1    0.00    0.10    0.12   10.29 ^ i_croc_soc/i_croc/_07912_/Y (sg13g2_nor2_1)
                                         i_croc_soc/i_croc/_02783_ (net)
                  0.10    0.00   10.29 ^ i_croc_soc/i_croc/_07913_/C (sg13g2_nor3_1)
     1    0.01    0.04    0.06   10.36 v i_croc_soc/i_croc/_07913_/Y (sg13g2_nor3_1)
                                         i_croc_soc/i_croc/_02784_ (net)
                  0.04    0.00   10.36 v i_croc_soc/i_croc/_07914_/C (sg13g2_nor3_2)
     5    0.03    0.23    0.19   10.55 ^ i_croc_soc/i_croc/_07914_/Y (sg13g2_nor3_2)
                                         i_croc_soc/i_croc/core_instr_obi_rsp_3_ (net)
                  0.23    0.00   10.55 ^ i_croc_soc/i_croc/i_core_wrap/_6488_/A1 (sg13g2_a21o_1)
     3    0.01    0.05    0.18   10.73 ^ i_croc_soc/i_croc/i_core_wrap/_6488_/X (sg13g2_a21o_1)
                                         i_croc_soc/i_croc/i_core_wrap/_1734_ (net)
                  0.05    0.00   10.73 ^ i_croc_soc/i_croc/i_core_wrap/_6941_/B (sg13g2_or3_2)
     5    0.04    0.10    0.15   10.89 ^ i_croc_soc/i_croc/i_core_wrap/_6941_/X (sg13g2_or3_2)
                                         i_croc_soc/i_croc/i_core_wrap/_2122_ (net)
                  0.10    0.00   10.89 ^ i_croc_soc/i_croc/i_core_wrap/_7023_/C (sg13g2_nand3_1)
     4    0.02    0.16    0.18   11.07 v i_croc_soc/i_croc/i_core_wrap/_7023_/Y (sg13g2_nand3_1)
                                         i_croc_soc/i_croc/i_core_wrap/_2200_ (net)
                  0.16    0.00   11.07 v i_croc_soc/i_croc/i_core_wrap/_7065_/A (sg13g2_inv_1)
     1    0.00    0.05    0.07   11.13 ^ i_croc_soc/i_croc/i_core_wrap/_7065_/Y (sg13g2_inv_1)
                                         i_croc_soc/i_croc/i_core_wrap/_2238_ (net)
                  0.05    0.00   11.13 ^ i_croc_soc/i_croc/i_core_wrap/_7066_/C (sg13g2_nand3_1)
     2    0.01    0.09    0.11   11.24 v i_croc_soc/i_croc/i_core_wrap/_7066_/Y (sg13g2_nand3_1)
                                         i_croc_soc/i_croc/i_core_wrap/_2239_ (net)
                  0.09    0.00   11.24 v i_croc_soc/i_croc/i_core_wrap/_7078_/B (sg13g2_nor2_1)
     3    0.01    0.11    0.12   11.35 ^ i_croc_soc/i_croc/i_core_wrap/_7078_/Y (sg13g2_nor2_1)
                                         i_croc_soc/i_croc/i_core_wrap/_2249_ (net)
                  0.11    0.00   11.35 ^ i_croc_soc/i_croc/i_core_wrap/_7110_/C (sg13g2_nand3_1)
     2    0.01    0.14    0.16   11.52 v i_croc_soc/i_croc/i_core_wrap/_7110_/Y (sg13g2_nand3_1)
                                         i_croc_soc/i_croc/i_core_wrap/_2279_ (net)
                  0.14    0.00   11.52 v i_croc_soc/i_croc/i_core_wrap/_7133_/B (sg13g2_nor2_1)
     2    0.01    0.10    0.11   11.63 ^ i_croc_soc/i_croc/i_core_wrap/_7133_/Y (sg13g2_nor2_1)
                                         i_croc_soc/i_croc/i_core_wrap/_2301_ (net)
                  0.10    0.00   11.63 ^ i_croc_soc/i_croc/i_core_wrap/_7149_/B (sg13g2_and2_1)
     2    0.01    0.04    0.12   11.75 ^ i_croc_soc/i_croc/i_core_wrap/_7149_/X (sg13g2_and2_1)
                                         i_croc_soc/i_croc/i_core_wrap/_2316_ (net)
                  0.04    0.00   11.75 ^ i_croc_soc/i_croc/i_core_wrap/_7160_/B (sg13g2_and2_1)
     2    0.01    0.04    0.10   11.85 ^ i_croc_soc/i_croc/i_core_wrap/_7160_/X (sg13g2_and2_1)
                                         i_croc_soc/i_croc/i_core_wrap/_2326_ (net)
                  0.04    0.00   11.85 ^ i_croc_soc/i_croc/i_core_wrap/_7171_/B (sg13g2_and2_1)
     2    0.01    0.05    0.10   11.95 ^ i_croc_soc/i_croc/i_core_wrap/_7171_/X (sg13g2_and2_1)
                                         i_croc_soc/i_croc/i_core_wrap/_2336_ (net)
                  0.05    0.00   11.95 ^ i_croc_soc/i_croc/i_core_wrap/_7186_/B (sg13g2_and2_1)
     2    0.01    0.04    0.10   12.05 ^ i_croc_soc/i_croc/i_core_wrap/_7186_/X (sg13g2_and2_1)
                                         i_croc_soc/i_croc/i_core_wrap/_2350_ (net)
                  0.04    0.00   12.05 ^ i_croc_soc/i_croc/i_core_wrap/_7239_/B (sg13g2_and3_1)
     2    0.01    0.05    0.13   12.19 ^ i_croc_soc/i_croc/i_core_wrap/_7239_/X (sg13g2_and3_1)
                                         i_croc_soc/i_croc/i_core_wrap/_2400_ (net)
                  0.05    0.00   12.19 ^ i_croc_soc/i_croc/i_core_wrap/_7241_/B (sg13g2_and2_1)
     3    0.01    0.05    0.11   12.30 ^ i_croc_soc/i_croc/i_core_wrap/_7241_/X (sg13g2_and2_1)
                                         i_croc_soc/i_croc/i_core_wrap/_2402_ (net)
                  0.05    0.00   12.30 ^ i_croc_soc/i_croc/i_core_wrap/_7291_/C (sg13g2_and3_1)
     2    0.01    0.05    0.13   12.43 ^ i_croc_soc/i_croc/i_core_wrap/_7291_/X (sg13g2_and3_1)
                                         i_croc_soc/i_croc/i_core_wrap/_2449_ (net)
                  0.05    0.00   12.43 ^ i_croc_soc/i_croc/i_core_wrap/_7296_/B (sg13g2_and2_1)
     3    0.01    0.06    0.11   12.55 ^ i_croc_soc/i_croc/i_core_wrap/_7296_/X (sg13g2_and2_1)
                                         i_croc_soc/i_croc/i_core_wrap/_2453_ (net)
                  0.06    0.00   12.55 ^ i_croc_soc/i_croc/i_core_wrap/_7344_/D (sg13g2_nand4_1)
     1    0.00    0.10    0.12   12.67 v i_croc_soc/i_croc/i_core_wrap/_7344_/Y (sg13g2_nand4_1)
                                         i_croc_soc/i_croc/i_core_wrap/_2498_ (net)
                  0.10    0.00   12.67 v i_croc_soc/i_croc/i_core_wrap/_7345_/A (sg13g2_inv_1)
     2    0.01    0.05    0.07   12.74 ^ i_croc_soc/i_croc/i_core_wrap/_7345_/Y (sg13g2_inv_1)
                                         i_croc_soc/i_croc/i_core_wrap/_2499_ (net)
                  0.05    0.00   12.74 ^ i_croc_soc/i_croc/i_core_wrap/_7346_/C (sg13g2_nand3_1)
     4    0.01    0.14    0.15   12.89 v i_croc_soc/i_croc/i_core_wrap/_7346_/Y (sg13g2_nand3_1)
                                         i_croc_soc/i_croc/i_core_wrap/_2500_ (net)
                  0.14    0.00   12.89 v fanout1590/A (sg13g2_buf_2)
     8    0.03    0.06    0.15   13.04 v fanout1590/X (sg13g2_buf_2)
                                         net1590 (net)
                  0.06    0.00   13.04 v i_croc_soc/i_croc/i_core_wrap/_7417_/B (sg13g2_nor3_1)
     1    0.01    0.12    0.13   13.17 ^ i_croc_soc/i_croc/i_core_wrap/_7417_/Y (sg13g2_nor3_1)
                                         i_croc_soc/i_croc/i_core_wrap/_2565_ (net)
                  0.12    0.00   13.17 ^ i_croc_soc/i_croc/i_core_wrap/_7418_/B (sg13g2_xor2_1)
     1    0.00    0.06    0.13   13.30 ^ i_croc_soc/i_croc/i_core_wrap/_7418_/X (sg13g2_xor2_1)
                                         i_croc_soc/i_croc/i_core_wrap/_2566_ (net)
                  0.06    0.00   13.30 ^ i_croc_soc/i_croc/i_core_wrap/_7425_/A2 (sg13g2_a21o_1)
     1    0.00    0.03    0.11   13.40 ^ i_croc_soc/i_croc/i_core_wrap/_7425_/X (sg13g2_a21o_1)
                                         i_croc_soc/i_croc/i_core_wrap/_0088_ (net)
                  0.03    0.00   13.40 ^ i_croc_soc/i_croc/i_core_wrap/i_ibex.crash_dump_o_93__reg/D (sg13g2_dfrbp_2)
                                 13.40   data arrival time

                         12.50   12.50   clock clk_sys (rise edge)
                          0.00   12.50   clock source latency
     1    0.20    0.34    0.03   12.53 ^ clk_i (in)
                                         clk_i (net)
                  0.34    0.00   12.53 ^ pad_clk_i/pad (sg13g2_IOPadIn)
     1    0.01    0.05    0.07   12.60 ^ pad_clk_i/p2c (sg13g2_IOPadIn)
                                         soc_clk_i (net)
                  0.03    0.00   12.60 ^ clkbuf_0_soc_clk_i/A (sg13g2_buf_8)
     4    0.07    0.05    0.09   12.69 ^ clkbuf_0_soc_clk_i/X (sg13g2_buf_8)
                                         clknet_0_soc_clk_i (net)
                  0.05    0.00   12.69 ^ clkbuf_2_3_0_soc_clk_i/A (sg13g2_buf_16)
     2    0.03    0.02    0.08   12.77 ^ clkbuf_2_3_0_soc_clk_i/X (sg13g2_buf_16)
                                         clknet_2_3_0_soc_clk_i (net)
                  0.02    0.00   12.77 ^ clkbuf_3_6_0_soc_clk_i/A (sg13g2_buf_16)
    16    0.28    0.08    0.11   12.88 ^ clkbuf_3_6_0_soc_clk_i/X (sg13g2_buf_16)
                                         clknet_3_6_0_soc_clk_i (net)
                  0.08    0.00   12.88 ^ clkbuf_7_110_0_soc_clk_i/A (sg13g2_buf_16)
     6    0.10    0.04    0.11   12.99 ^ clkbuf_7_110_0_soc_clk_i/X (sg13g2_buf_16)
                                         clknet_7_110_0_soc_clk_i (net)
                  0.04    0.00   12.99 ^ clkbuf_leaf_458_soc_clk_i/A (sg13g2_buf_16)
     6    0.02    0.02    0.07   13.06 ^ clkbuf_leaf_458_soc_clk_i/X (sg13g2_buf_16)
                                         clknet_leaf_458_soc_clk_i (net)
                  0.02    0.00   13.06 ^ i_croc_soc/i_croc/i_core_wrap/i_ibex.crash_dump_o_93__reg/CLK (sg13g2_dfrbp_2)
                         -0.10   12.96   clock uncertainty
                          0.01   12.97   clock reconvergence pessimism
                         -0.12   12.85   library setup time
                                 12.85   data required time
-----------------------------------------------------------------------------
                                 12.85   data required time
                                -13.40   data arrival time
-----------------------------------------------------------------------------
                                 -0.55   slack (VIOLATED)



==========================================================================
04_croc.cts_unrepaired report_check_types -max_slew -max_cap -max_fanout -violators
--------------------------------------------------------------------------

==========================================================================
04_croc.cts_unrepaired max_slew_check_slack
--------------------------------------------------------------------------
-2.4305672645568848

==========================================================================
04_croc.cts_unrepaired max_slew_check_limit
--------------------------------------------------------------------------
1.2000000476837158

==========================================================================
04_croc.cts_unrepaired max_slew_check_slack_limit
--------------------------------------------------------------------------
-2.0255

==========================================================================
04_croc.cts_unrepaired max_fanout_check_slack
--------------------------------------------------------------------------
-8.0

==========================================================================
04_croc.cts_unrepaired max_fanout_check_limit
--------------------------------------------------------------------------
8.0

==========================================================================
04_croc.cts_unrepaired max_fanout_check_slack_limit
--------------------------------------------------------------------------
-1.0000

==========================================================================
04_croc.cts_unrepaired max_capacitance_check_slack
--------------------------------------------------------------------------
-11.160959243774414

==========================================================================
04_croc.cts_unrepaired max_capacitance_check_limit
--------------------------------------------------------------------------
4.21304988861084

==========================================================================
04_croc.cts_unrepaired max_capacitance_check_slack_limit
--------------------------------------------------------------------------
-2.6491

==========================================================================
04_croc.cts_unrepaired max_slew_violation_count
--------------------------------------------------------------------------
max slew violation count 71

==========================================================================
04_croc.cts_unrepaired max_fanout_violation_count
--------------------------------------------------------------------------
max fanout violation count 75

==========================================================================
04_croc.cts_unrepaired max_cap_violation_count
--------------------------------------------------------------------------
max cap violation count 71

==========================================================================
04_croc.cts_unrepaired setup_violation_count
--------------------------------------------------------------------------
setup violation count 68

==========================================================================
04_croc.cts_unrepaired hold_violation_count
--------------------------------------------------------------------------
hold violation count 0

==========================================================================
04_croc.cts_unrepaired critical path delay
--------------------------------------------------------------------------
13.4047

==========================================================================
04_croc.cts_unrepaired critical path slack
--------------------------------------------------------------------------
-0.5539

==========================================================================
04_croc.cts_unrepaired slack div critical path delay
--------------------------------------------------------------------------
-4.132133

==========================================================================
04_croc.cts_unrepaired report_power tt
--------------------------------------------------------------------------
Group                  Internal  Switching    Leakage      Total
                          Power      Power      Power      Power (Watts)
----------------------------------------------------------------
Sequential             2.02e-02   4.48e-04   2.14e-06   2.06e-02  44.7%
Combinational          4.71e-03   4.31e-03   5.00e-06   9.03e-03  19.6%
Clock                  1.21e-02   3.75e-03   1.49e-06   1.59e-02  34.4%
Macro                  0.00e+00   0.00e+00   0.00e+00   0.00e+00   0.0%
Pad                    5.40e-05   5.47e-04   1.08e-07   6.01e-04   1.3%
----------------------------------------------------------------
Total                  3.71e-02   9.06e-03   8.73e-06   4.62e-02 100.0%
                          80.3%      19.6%       0.0%

==========================================================================
04_croc.cts_unrepaired report_design_area
--------------------------------------------------------------------------

==========================================================================
04_croc.cts_unrepaired area by hierarchy
--------------------------------------------------------------------------

--------------------------------------------------------------------------------
Design Area Summary
--------------------------------------------------------------------------------
Die Area:              4995225.0 um2
Core Area:             3254162.688 um2
Total Area:            2566769.856 um2
Total Active Area:     773569.856 um2

Core Utilization:      0.23771701975829426
Std Cell Utilization:  0.19141028661205553

--------------------------------------------------------------------------------
Hierarchical Area Report
--------------------------------------------------------------------------------
                                                                                Global Area (um^2)                                                              Global Instances                                                                Local Area (um^2)                                                               Local Instances
                                                                                ------------------------------------------------------------------------------- ------------------------------------------------------------------------------- ------------------------------------------------------------------------------- ----------------------------------------------------------------------------
Hierarchy Name                                                                  Total           StdCell         Macro           Cover           Pad             Total           StdCell         Macro           Cover           Pad             Total           StdCell         Macro           Cover           Pad             Total           StdCell         Macro           Cover           Pad             
-----------------------------------------------------------------------------------------------------------------------------------------------------------------------------------------------------------------------------------------------------------------------------------------------------------------------------------------------------------------------------------------------------------
<top>                                                                           2566769.856     587208.787      186361.069      313600.000      1479600.000     34672           34290           2               64              316             1893356.694     100156.694      0.000           313600.000      1479600.000     6304            5924            0               64              316             
  i_croc_soc                                                                    673413.162      487052.093      186361.069      0.000           0.000           28368           28366           2               0               0               195.955         195.955         0.000           0.000           0.000           5               5               0               0               0               
    i_croc                                                                      667768.563      481407.494      186361.069      0.000           0.000           28068           28066           2               0               0               87299.856       87299.856       0.000           0.000           0.000           5789            5789            0               0               0               
      gen_sram_bank\[0\].i_sram                                                 95016.707       1836.173        93180.534       0.000           0.000           186             185             1               0               0               95016.707       1836.173        93180.534       0.000           0.000           186             185             1               0               0               
      gen_sram_bank\[1\].i_sram                                                 95016.707       1836.173        93180.534       0.000           0.000           186             185             1               0               0               95016.707       1836.173        93180.534       0.000           0.000           186             185             1               0               0               
      i_core_wrap                                                               214101.014      214101.014      0.000           0.000           0.000           11715           11715           0               0               0               68820.192       68820.192       0.000           0.000           0.000           4927            4927            0               0               0               
        i_ibex.cs_registers_i                                                   53862.278       53862.278       0.000           0.000           0.000           3114            3114            0               0               0               53862.278       53862.278       0.000           0.000           0.000           3114            3114            0               0               0               
        i_ibex.register_file_i                                                  91418.544       91418.544       0.000           0.000           0.000           3674            3674            0               0               0               91418.544       91418.544       0.000           0.000           0.000           3674            3674            0               0               0               
      i_dm_top.i_dm_top                                                         73608.394       73608.394       0.000           0.000           0.000           4686            4686            0               0               0               73608.394       73608.394       0.000           0.000           0.000           4686            4686            0               0               0               
      i_dmi_jtag                                                                41208.653       41208.653       0.000           0.000           0.000           2314            2314            0               0               0               17581.536       17581.536       0.000           0.000           0.000           1133            1133            0               0               0               
        i_dmi_cdc.i_cdc_req                                                     12557.462       12557.462       0.000           0.000           0.000           620             620             0               0               0               243.130         243.130         0.000           0.000           0.000           8               8               0               0               0               
          i_cdc_reset_ctrlr                                                     4060.627        4060.627        0.000           0.000           0.000           257             257             0               0               0               0.000           0.000           0.000           0.000           0.000           0               0               0               0               0               
            i_cdc_reset_ctrlr_half_a                                            2030.314        2030.314        0.000           0.000           0.000           131             131             0               0               0               1041.466        1041.466        0.000           0.000           0.000           83              83              0               0               0               
              i_state_transition_cdc_dst                                        373.766         373.766         0.000           0.000           0.000           19              19              0               0               0               279.418         279.418         0.000           0.000           0.000           17              17              0               0               0               
                i_sync                                                          94.349          94.349          0.000           0.000           0.000           2               2               0               0               0               94.349          94.349          0.000           0.000           0.000           2               2               0               0               0               
              i_state_transition_cdc_src                                        615.082         615.082         0.000           0.000           0.000           29              29              0               0               0               513.475         513.475         0.000           0.000           0.000           27              27              0               0               0               
                i_sync                                                          101.606         101.606         0.000           0.000           0.000           2               2               0               0               0               101.606         101.606         0.000           0.000           0.000           2               2               0               0               0               
            i_cdc_reset_ctrlr_half_b                                            2030.314        2030.314        0.000           0.000           0.000           126             126             0               0               0               1041.466        1041.466        0.000           0.000           0.000           78              78              0               0               0               
              i_state_transition_cdc_dst                                        373.766         373.766         0.000           0.000           0.000           19              19              0               0               0               279.418         279.418         0.000           0.000           0.000           17              17              0               0               0               
                i_sync                                                          94.349          94.349          0.000           0.000           0.000           2               2               0               0               0               94.349          94.349          0.000           0.000           0.000           2               2               0               0               0               
              i_state_transition_cdc_src                                        615.082         615.082         0.000           0.000           0.000           29              29              0               0               0               513.475         513.475         0.000           0.000           0.000           27              27              0               0               0               
                i_sync                                                          101.606         101.606         0.000           0.000           0.000           2               2               0               0               0               101.606         101.606         0.000           0.000           0.000           2               2               0               0               0               
          i_dst                                                                 4187.635        4187.635        0.000           0.000           0.000           178             178             0               0               0               4046.112        4046.112        0.000           0.000           0.000           175             175             0               0               0               
            i_sync                                                              141.523         141.523         0.000           0.000           0.000           3               3               0               0               0               141.523         141.523         0.000           0.000           0.000           3               3               0               0               0               
          i_src                                                                 4066.070        4066.070        0.000           0.000           0.000           177             177             0               0               0               3924.547        3924.547        0.000           0.000           0.000           174             174             0               0               0               
            i_sync                                                              141.523         141.523         0.000           0.000           0.000           3               3               0               0               0               141.523         141.523         0.000           0.000           0.000           3               3               0               0               0               
        i_dmi_cdc.i_cdc_resp                                                    11038.810       11038.810       0.000           0.000           0.000           558             558             0               0               0               250.387         250.387         0.000           0.000           0.000           9               9               0               0               0               
          i_cdc_reset_ctrlr                                                     3993.494        3993.494        0.000           0.000           0.000           250             250             0               0               0               0.000           0.000           0.000           0.000           0.000           0               0               0               0               0               
            i_cdc_reset_ctrlr_half_a                                            2006.726        2006.726        0.000           0.000           0.000           128             128             0               0               0               1025.136        1025.136        0.000           0.000           0.000           80              80              0               0               0               
              i_state_transition_cdc_dst                                        373.766         373.766         0.000           0.000           0.000           19              19              0               0               0               279.418         279.418         0.000           0.000           0.000           17              17              0               0               0               
                i_sync                                                          94.349          94.349          0.000           0.000           0.000           2               2               0               0               0               94.349          94.349          0.000           0.000           0.000           2               2               0               0               0               
              i_state_transition_cdc_src                                        607.824         607.824         0.000           0.000           0.000           29              29              0               0               0               506.218         506.218         0.000           0.000           0.000           27              27              0               0               0               
                i_sync                                                          101.606         101.606         0.000           0.000           0.000           2               2               0               0               0               101.606         101.606         0.000           0.000           0.000           2               2               0               0               0               
            i_cdc_reset_ctrlr_half_b                                            1986.768        1986.768        0.000           0.000           0.000           122             122             0               0               0               997.920         997.920         0.000           0.000           0.000           74              74              0               0               0               
              i_state_transition_cdc_dst                                        373.766         373.766         0.000           0.000           0.000           19              19              0               0               0               279.418         279.418         0.000           0.000           0.000           17              17              0               0               0               
                i_sync                                                          94.349          94.349          0.000           0.000           0.000           2               2               0               0               0               94.349          94.349          0.000           0.000           0.000           2               2               0               0               0               
              i_state_transition_cdc_src                                        615.082         615.082         0.000           0.000           0.000           29              29              0               0               0               513.475         513.475         0.000           0.000           0.000           27              27              0               0               0               
                i_sync                                                          101.606         101.606         0.000           0.000           0.000           2               2               0               0               0               101.606         101.606         0.000           0.000           0.000           2               2               0               0               0               
          i_dst                                                                 3436.474        3436.474        0.000           0.000           0.000           150             150             0               0               0               3294.950        3294.950        0.000           0.000           0.000           147             147             0               0               0               
            i_sync                                                              141.523         141.523         0.000           0.000           0.000           3               3               0               0               0               141.523         141.523         0.000           0.000           0.000           3               3               0               0               0               
          i_src                                                                 3358.454        3358.454        0.000           0.000           0.000           149             149             0               0               0               3216.931        3216.931        0.000           0.000           0.000           146             146             0               0               0               
            i_sync                                                              141.523         141.523         0.000           0.000           0.000           3               3               0               0               0               141.523         141.523         0.000           0.000           0.000           3               3               0               0               0               
        i_dmi_jtag_tap.i_dft_tck_mux                                            25.402          25.402          0.000           0.000           0.000           2               2               0               0               0               25.402          25.402          0.000           0.000           0.000           2               2               0               0               0               
        i_dmi_jtag_tap.i_tck_inv                                                5.443           5.443           0.000           0.000           0.000           1               1               0               0               0               5.443           5.443           0.000           0.000           0.000           1               1               0               0               0               
      i_gpio                                                                    27513.562       27513.562       0.000           0.000           0.000           1347            1347            0               0               0               24320.218       24320.218       0.000           0.000           0.000           1283            1283            0               0               0               
        gen_gpios\[0\].i_sync                                                   101.606         101.606         0.000           0.000           0.000           2               2               0               0               0               101.606         101.606         0.000           0.000           0.000           2               2               0               0               0               
        gen_gpios\[10\].i_sync                                                  94.349          94.349          0.000           0.000           0.000           2               2               0               0               0               94.349          94.349          0.000           0.000           0.000           2               2               0               0               0               
        gen_gpios\[11\].i_sync                                                  101.606         101.606         0.000           0.000           0.000           2               2               0               0               0               101.606         101.606         0.000           0.000           0.000           2               2               0               0               0               
        gen_gpios\[12\].i_sync                                                  94.349          94.349          0.000           0.000           0.000           2               2               0               0               0               94.349          94.349          0.000           0.000           0.000           2               2               0               0               0               
        gen_gpios\[13\].i_sync                                                  94.349          94.349          0.000           0.000           0.000           2               2               0               0               0               94.349          94.349          0.000           0.000           0.000           2               2               0               0               0               
        gen_gpios\[14\].i_sync                                                  94.349          94.349          0.000           0.000           0.000           2               2               0               0               0               94.349          94.349          0.000           0.000           0.000           2               2               0               0               0               
        gen_gpios\[15\].i_sync                                                  101.606         101.606         0.000           0.000           0.000           2               2               0               0               0               101.606         101.606         0.000           0.000           0.000           2               2               0               0               0               
        gen_gpios\[16\].i_sync                                                  94.349          94.349          0.000           0.000           0.000           2               2               0               0               0               94.349          94.349          0.000           0.000           0.000           2               2               0               0               0               
        gen_gpios\[17\].i_sync                                                  101.606         101.606         0.000           0.000           0.000           2               2               0               0               0               101.606         101.606         0.000           0.000           0.000           2               2               0               0               0               
        gen_gpios\[18\].i_sync                                                  101.606         101.606         0.000           0.000           0.000           2               2               0               0               0               101.606         101.606         0.000           0.000           0.000           2               2               0               0               0               
        gen_gpios\[19\].i_sync                                                  101.606         101.606         0.000           0.000           0.000           2               2               0               0               0               101.606         101.606         0.000           0.000           0.000           2               2               0               0               0               
        gen_gpios\[1\].i_sync                                                   101.606         101.606         0.000           0.000           0.000           2               2               0               0               0               101.606         101.606         0.000           0.000           0.000           2               2               0               0               0               
        gen_gpios\[20\].i_sync                                                  101.606         101.606         0.000           0.000           0.000           2               2               0               0               0               101.606         101.606         0.000           0.000           0.000           2               2               0               0               0               
        gen_gpios\[21\].i_sync                                                  108.864         108.864         0.000           0.000           0.000           2               2               0               0               0               108.864         108.864         0.000           0.000           0.000           2               2               0               0               0               
        gen_gpios\[22\].i_sync                                                  101.606         101.606         0.000           0.000           0.000           2               2               0               0               0               101.606         101.606         0.000           0.000           0.000           2               2               0               0               0               
        gen_gpios\[23\].i_sync                                                  101.606         101.606         0.000           0.000           0.000           2               2               0               0               0               101.606         101.606         0.000           0.000           0.000           2               2               0               0               0               
        gen_gpios\[24\].i_sync                                                  101.606         101.606         0.000           0.000           0.000           2               2               0               0               0               101.606         101.606         0.000           0.000           0.000           2               2               0               0               0               
        gen_gpios\[25\].i_sync                                                  101.606         101.606         0.000           0.000           0.000           2               2               0               0               0               101.606         101.606         0.000           0.000           0.000           2               2               0               0               0               
        gen_gpios\[26\].i_sync                                                  94.349          94.349          0.000           0.000           0.000           2               2               0               0               0               94.349          94.349          0.000           0.000           0.000           2               2               0               0               0               
        gen_gpios\[27\].i_sync                                                  94.349          94.349          0.000           0.000           0.000           2               2               0               0               0               94.349          94.349          0.000           0.000           0.000           2               2               0               0               0               
        gen_gpios\[28\].i_sync                                                  94.349          94.349          0.000           0.000           0.000           2               2               0               0               0               94.349          94.349          0.000           0.000           0.000           2               2               0               0               0               
        gen_gpios\[29\].i_sync                                                  94.349          94.349          0.000           0.000           0.000           2               2               0               0               0               94.349          94.349          0.000           0.000           0.000           2               2               0               0               0               
        gen_gpios\[2\].i_sync                                                   101.606         101.606         0.000           0.000           0.000           2               2               0               0               0               101.606         101.606         0.000           0.000           0.000           2               2               0               0               0               
        gen_gpios\[30\].i_sync                                                  108.864         108.864         0.000           0.000           0.000           2               2               0               0               0               108.864         108.864         0.000           0.000           0.000           2               2               0               0               0               
        gen_gpios\[31\].i_sync                                                  101.606         101.606         0.000           0.000           0.000           2               2               0               0               0               101.606         101.606         0.000           0.000           0.000           2               2               0               0               0               
        gen_gpios\[3\].i_sync                                                   108.864         108.864         0.000           0.000           0.000           2               2               0               0               0               108.864         108.864         0.000           0.000           0.000           2               2               0               0               0               
        gen_gpios\[4\].i_sync                                                   101.606         101.606         0.000           0.000           0.000           2               2               0               0               0               101.606         101.606         0.000           0.000           0.000           2               2               0               0               0               
        gen_gpios\[5\].i_sync                                                   101.606         101.606         0.000           0.000           0.000           2               2               0               0               0               101.606         101.606         0.000           0.000           0.000           2               2               0               0               0               
        gen_gpios\[6\].i_sync                                                   101.606         101.606         0.000           0.000           0.000           2               2               0               0               0               101.606         101.606         0.000           0.000           0.000           2               2               0               0               0               
        gen_gpios\[7\].i_sync                                                   94.349          94.349          0.000           0.000           0.000           2               2               0               0               0               94.349          94.349          0.000           0.000           0.000           2               2               0               0               0               
        gen_gpios\[8\].i_sync                                                   94.349          94.349          0.000           0.000           0.000           2               2               0               0               0               94.349          94.349          0.000           0.000           0.000           2               2               0               0               0               
        gen_gpios\[9\].i_sync                                                   101.606         101.606         0.000           0.000           0.000           2               2               0               0               0               101.606         101.606         0.000           0.000           0.000           2               2               0               0               0               
      i_soc_ctrl                                                                5591.981        5591.981        0.000           0.000           0.000           239             239             0               0               0               5591.981        5591.981        0.000           0.000           0.000           239             239             0               0               0               
      i_timer                                                                   27903.658       27903.658       0.000           0.000           0.000           1592            1592            0               0               0               27903.658       27903.658       0.000           0.000           0.000           1592            1592            0               0               0               
      i_uart.i_uart_modem.i_sync_cd                                             101.606         101.606         0.000           0.000           0.000           3               3               0               0               0               101.606         101.606         0.000           0.000           0.000           3               3               0               0               0               
      i_uart.i_uart_modem.i_sync_cts                                            101.606         101.606         0.000           0.000           0.000           3               3               0               0               0               101.606         101.606         0.000           0.000           0.000           3               3               0               0               0               
      i_uart.i_uart_modem.i_sync_dsr                                            101.606         101.606         0.000           0.000           0.000           3               3               0               0               0               101.606         101.606         0.000           0.000           0.000           3               3               0               0               0               
      i_uart.i_uart_modem.i_sync_ri                                             101.606         101.606         0.000           0.000           0.000           3               3               0               0               0               101.606         101.606         0.000           0.000           0.000           3               3               0               0               0               
      i_uart.i_uart_rx.i_sync                                                   101.606         101.606         0.000           0.000           0.000           2               2               0               0               0               101.606         101.606         0.000           0.000           0.000           2               2               0               0               0               
    i_ext_intr_sync                                                             101.606         101.606         0.000           0.000           0.000           2               2               0               0               0               101.606         101.606         0.000           0.000           0.000           2               2               0               0               0               
    i_rstgen.i_rstgen_bypass.i_tc_clk_mux2_init_no                              32.659          32.659          0.000           0.000           0.000           3               3               0               0               0               32.659          32.659          0.000           0.000           0.000           3               3               0               0               0               
    i_rstgen.i_rstgen_bypass.i_tc_clk_mux2_rst_n                                27.216          27.216          0.000           0.000           0.000           2               2               0               0               0               27.216          27.216          0.000           0.000           0.000           2               2               0               0               0               
    i_rstgen.i_rstgen_bypass.i_tc_clk_mux2_rst_no                               27.216          27.216          0.000           0.000           0.000           2               2               0               0               0               27.216          27.216          0.000           0.000           0.000           2               2               0               0               0               
    i_user                                                                      5259.946        5259.946        0.000           0.000           0.000           286             286             0               0               0               5259.946        5259.946        0.000           0.000           0.000           286             286             0               0               0               
