
==========================================================================
05_croc.grt check_setup
--------------------------------------------------------------------------
0

==========================================================================
05_croc.grt report_tns
--------------------------------------------------------------------------
tns -22.76

==========================================================================
05_croc.grt report_wns
--------------------------------------------------------------------------
wns -0.70

==========================================================================
05_croc.grt report_worst_slack
--------------------------------------------------------------------------
worst slack -0.70

==========================================================================
05_croc.grt report_checks -path_delay min
--------------------------------------------------------------------------
Startpoint: i_croc_soc/i_rstgen.i_rstgen_bypass.synch_regs_q_3__reg
            (rising edge-triggered flip-flop clocked by clk_sys)
Endpoint: i_croc_soc/i_croc/i_dmi_jtag/i_dmi_cdc.i_cdc_req/i_cdc_reset_ctrlr/i_cdc_reset_ctrlr_half_b/receiver_phase_q_0__reg
          (removal check against rising-edge clock clk_sys)
Path Group: asynchronous
Path Type: min
Corner: ff

Fanout     Cap    Slew   Delay    Time   Description
-----------------------------------------------------------------------------
                          0.00    0.00   clock clk_sys (rise edge)
                          0.00    0.00   clock source latency
     1    0.20    0.25    0.02    0.02 ^ clk_i (in)
                                         clk_i (net)
                  0.25    0.00    0.02 ^ pad_clk_i/pad (sg13g2_IOPadIn)
     1    0.11    0.14    0.08    0.10 ^ pad_clk_i/p2c (sg13g2_IOPadIn)
                                         soc_clk_i (net)
                  0.13    0.04    0.14 ^ clkbuf_0_soc_clk_i/A (sg13g2_buf_8)
     4    0.15    0.06    0.10    0.24 ^ clkbuf_0_soc_clk_i/X (sg13g2_buf_8)
                                         clknet_0_soc_clk_i (net)
                  0.07    0.02    0.26 ^ clkbuf_2_0_0_soc_clk_i/A (sg13g2_buf_16)
     8    0.24    0.05    0.08    0.34 ^ clkbuf_2_0_0_soc_clk_i/X (sg13g2_buf_16)
                                         clknet_2_0_0_soc_clk_i (net)
                  0.07    0.03    0.37 ^ clkbuf_5_5_0_soc_clk_i/A (sg13g2_buf_16)
     4    0.07    0.02    0.07    0.43 ^ clkbuf_5_5_0_soc_clk_i/X (sg13g2_buf_16)
                                         clknet_5_5_0_soc_clk_i (net)
                  0.02    0.01    0.44 ^ clkbuf_7_21__f_soc_clk_i/A (sg13g2_buf_8)
     6    0.15    0.06    0.07    0.51 ^ clkbuf_7_21__f_soc_clk_i/X (sg13g2_buf_8)
                                         clknet_7_21__leaf_soc_clk_i (net)
                  0.06    0.01    0.52 ^ clkbuf_leaf_709_soc_clk_i/A (sg13g2_buf_16)
     5    0.03    0.02    0.06    0.58 ^ clkbuf_leaf_709_soc_clk_i/X (sg13g2_buf_16)
                                         clknet_leaf_709_soc_clk_i (net)
                  0.02    0.00    0.58 ^ i_croc_soc/i_rstgen.i_rstgen_bypass.synch_regs_q_3__reg/CLK (sg13g2_dfrbp_1)
     2    0.01    0.03    0.15    0.73 ^ i_croc_soc/i_rstgen.i_rstgen_bypass.synch_regs_q_3__reg/Q (sg13g2_dfrbp_1)
                                         i_croc_soc/i_rstgen.i_rstgen_bypass.synch_regs_q_3_ (net)
                  0.03    0.00    0.73 ^ i_croc_soc/i_rstgen.i_rstgen_bypass.i_tc_clk_mux2_rst_no/i_mux/A0 (sg13g2_mux2_1)
     1    0.01    0.04    0.08    0.81 ^ i_croc_soc/i_rstgen.i_rstgen_bypass.i_tc_clk_mux2_rst_no/i_mux/X (sg13g2_mux2_1)
                                         i_croc_soc/i_rstgen.i_rstgen_bypass.rst_no (net)
                  0.04    0.00    0.81 ^ fanout4728/A (sg13g2_buf_8)
     4    0.16    0.05    0.07    0.87 ^ fanout4728/X (sg13g2_buf_8)
                                         net4728 (net)
                  0.06    0.01    0.89 ^ fanout4182/A (sg13g2_buf_4)
     4    0.07    0.06    0.10    0.99 ^ fanout4182/X (sg13g2_buf_4)
                                         net4182 (net)
                  0.06    0.01    1.00 ^ i_croc_soc/i_croc/i_dmi_jtag/i_dmi_cdc.i_cdc_req/i_cdc_reset_ctrlr/i_cdc_reset_ctrlr_half_b/receiver_phase_q_0__reg/RESET_B (sg13g2_dfrbp_1)
                                  1.00   data arrival time

                          0.00    0.00   clock clk_sys (rise edge)
                          0.00    0.00   clock source latency
     1    0.24    0.26    0.03    0.03 ^ clk_i (in)
                                         clk_i (net)
                  0.26    0.00    0.03 ^ pad_clk_i/pad (sg13g2_IOPadIn)
     1    0.11    0.14    0.08    0.11 ^ pad_clk_i/p2c (sg13g2_IOPadIn)
                                         soc_clk_i (net)
                  0.13    0.04    0.14 ^ clkbuf_0_soc_clk_i/A (sg13g2_buf_8)
     4    0.15    0.06    0.10    0.25 ^ clkbuf_0_soc_clk_i/X (sg13g2_buf_8)
                                         clknet_0_soc_clk_i (net)
                  0.07    0.02    0.27 ^ clkbuf_2_2_0_soc_clk_i/A (sg13g2_buf_16)
     8    0.25    0.04    0.07    0.34 ^ clkbuf_2_2_0_soc_clk_i/X (sg13g2_buf_16)
                                         clknet_2_2_0_soc_clk_i (net)
                  0.09    0.04    0.38 ^ clkbuf_5_16_0_soc_clk_i/A (sg13g2_buf_16)
     4    0.06    0.02    0.08    0.45 ^ clkbuf_5_16_0_soc_clk_i/X (sg13g2_buf_16)
                                         clknet_5_16_0_soc_clk_i (net)
                  0.02    0.00    0.46 ^ clkbuf_7_64__f_soc_clk_i/A (sg13g2_buf_8)
     6    0.13    0.05    0.07    0.53 ^ clkbuf_7_64__f_soc_clk_i/X (sg13g2_buf_8)
                                         clknet_7_64__leaf_soc_clk_i (net)
                  0.05    0.01    0.54 ^ clkbuf_leaf_1_soc_clk_i/A (sg13g2_buf_16)
     6    0.03    0.02    0.06    0.60 ^ clkbuf_leaf_1_soc_clk_i/X (sg13g2_buf_16)
                                         clknet_leaf_1_soc_clk_i (net)
                  0.02    0.00    0.60 ^ i_croc_soc/i_croc/i_dmi_jtag/i_dmi_cdc.i_cdc_req/i_cdc_reset_ctrlr/i_cdc_reset_ctrlr_half_b/receiver_phase_q_0__reg/CLK (sg13g2_dfrbp_1)
                          0.10    0.70   clock uncertainty
                          0.00    0.69   clock reconvergence pessimism
                         -0.07    0.62   library removal time
                                  0.62   data required time
-----------------------------------------------------------------------------
                                  0.62   data required time
                                 -1.00   data arrival time
-----------------------------------------------------------------------------
                                  0.38   slack (MET)


Startpoint: i_croc_soc/i_croc/i_dmi_jtag/i_dmi_cdc.i_cdc_req/i_cdc_reset_ctrlr/i_cdc_reset_ctrlr_half_a/i_state_transition_cdc_dst/i_sync/reg_q_0__reg
            (rising edge-triggered flip-flop clocked by clk_jtg)
Endpoint: i_croc_soc/i_croc/i_dmi_jtag/i_dmi_cdc.i_cdc_req/i_cdc_reset_ctrlr/i_cdc_reset_ctrlr_half_a/i_state_transition_cdc_dst/i_sync/serial_o_reg
          (rising edge-triggered flip-flop clocked by clk_jtg)
Path Group: clk_jtg
Path Type: min
Corner: ff

Fanout     Cap    Slew   Delay    Time   Description
-----------------------------------------------------------------------------
                          0.00    0.00   clock clk_jtg (rise edge)
                          0.00    0.00   clock source latency
     1    0.20    0.25    0.02    0.02 ^ jtag_tck_i (in)
                                         jtag_tck_i (net)
                  0.25    0.00    0.02 ^ pad_jtag_tck_i/pad (sg13g2_IOPadIn)
     1    0.09    0.11    0.07    0.09 ^ pad_jtag_tck_i/p2c (sg13g2_IOPadIn)
                                         soc_jtag_tck_i (net)
                  0.10    0.02    0.12 ^ clkbuf_0_soc_jtag_tck_i/A (sg13g2_buf_8)
     8    0.12    0.05    0.10    0.21 ^ clkbuf_0_soc_jtag_tck_i/X (sg13g2_buf_8)
                                         clknet_0_soc_jtag_tck_i (net)
                  0.05    0.01    0.22 ^ clkbuf_3_4__f_soc_jtag_tck_i/A (sg13g2_buf_8)
     7    0.16    0.06    0.09    0.31 ^ clkbuf_3_4__f_soc_jtag_tck_i/X (sg13g2_buf_8)
                                         clknet_3_4__leaf_soc_jtag_tck_i (net)
                  0.06    0.01    0.31 ^ clkbuf_leaf_9_soc_jtag_tck_i/A (sg13g2_buf_16)
     6    0.03    0.02    0.06    0.37 ^ clkbuf_leaf_9_soc_jtag_tck_i/X (sg13g2_buf_16)
                                         clknet_leaf_9_soc_jtag_tck_i (net)
                  0.02    0.00    0.38 ^ i_croc_soc/i_croc/i_dmi_jtag/i_dmi_cdc.i_cdc_req/i_cdc_reset_ctrlr/i_cdc_reset_ctrlr_half_a/i_state_transition_cdc_dst/i_sync/reg_q_0__reg/CLK (sg13g2_dfrbp_1)
     1    0.00    0.01    0.13    0.51 v i_croc_soc/i_croc/i_dmi_jtag/i_dmi_cdc.i_cdc_req/i_cdc_reset_ctrlr/i_cdc_reset_ctrlr_half_a/i_state_transition_cdc_dst/i_sync/reg_q_0__reg/Q (sg13g2_dfrbp_1)
                                         i_croc_soc/i_croc/i_dmi_jtag/i_dmi_cdc.i_cdc_req/i_cdc_reset_ctrlr/i_cdc_reset_ctrlr_half_a/i_state_transition_cdc_dst/i_sync/reg_q_0_ (net)
                  0.01    0.00    0.51 v i_croc_soc/i_croc/i_dmi_jtag/i_dmi_cdc.i_cdc_req/i_cdc_reset_ctrlr/i_cdc_reset_ctrlr_half_a/i_state_transition_cdc_dst/i_sync/serial_o_reg/D (sg13g2_dfrbp_1)
                                  0.51   data arrival time

                          0.00    0.00   clock clk_jtg (rise edge)
                          0.00    0.00   clock source latency
     1    0.24    0.26    0.03    0.03 ^ jtag_tck_i (in)
                                         jtag_tck_i (net)
                  0.26    0.00    0.03 ^ pad_jtag_tck_i/pad (sg13g2_IOPadIn)
     1    0.09    0.11    0.07    0.10 ^ pad_jtag_tck_i/p2c (sg13g2_IOPadIn)
                                         soc_jtag_tck_i (net)
                  0.10    0.02    0.12 ^ clkbuf_0_soc_jtag_tck_i/A (sg13g2_buf_8)
     8    0.12    0.05    0.10    0.22 ^ clkbuf_0_soc_jtag_tck_i/X (sg13g2_buf_8)
                                         clknet_0_soc_jtag_tck_i (net)
                  0.05    0.01    0.22 ^ clkbuf_3_4__f_soc_jtag_tck_i/A (sg13g2_buf_8)
     7    0.16    0.06    0.09    0.31 ^ clkbuf_3_4__f_soc_jtag_tck_i/X (sg13g2_buf_8)
                                         clknet_3_4__leaf_soc_jtag_tck_i (net)
                  0.06    0.01    0.32 ^ clkbuf_leaf_9_soc_jtag_tck_i/A (sg13g2_buf_16)
     6    0.03    0.02    0.06    0.38 ^ clkbuf_leaf_9_soc_jtag_tck_i/X (sg13g2_buf_16)
                                         clknet_leaf_9_soc_jtag_tck_i (net)
                  0.02    0.00    0.38 ^ i_croc_soc/i_croc/i_dmi_jtag/i_dmi_cdc.i_cdc_req/i_cdc_reset_ctrlr/i_cdc_reset_ctrlr_half_a/i_state_transition_cdc_dst/i_sync/serial_o_reg/CLK (sg13g2_dfrbp_1)
                          0.10    0.48   clock uncertainty
                          0.00    0.48   clock reconvergence pessimism
                         -0.02    0.46   library hold time
                                  0.46   data required time
-----------------------------------------------------------------------------
                                  0.46   data required time
                                 -0.51   data arrival time
-----------------------------------------------------------------------------
                                  0.05   slack (MET)


Startpoint: i_croc_soc/i_croc/i_main_xbar.gen_mux[3].i_mux.i_rr_arb.gen_arbiter.rr_q_1__reg
            (rising edge-triggered flip-flop clocked by clk_sys)
Endpoint: i_croc_soc/i_croc/gen_sram_bank[1].i_sram/gen_512x32xBx1.i_cut
          (rising edge-triggered flip-flop clocked by clk_sys)
Path Group: clk_sys
Path Type: min
Corner: ff

Fanout     Cap    Slew   Delay    Time   Description
-----------------------------------------------------------------------------
                          0.00    0.00   clock clk_sys (rise edge)
                          0.00    0.00   clock source latency
     1    0.20    0.25    0.02    0.02 ^ clk_i (in)
                                         clk_i (net)
                  0.25    0.00    0.02 ^ pad_clk_i/pad (sg13g2_IOPadIn)
     1    0.11    0.14    0.08    0.10 ^ pad_clk_i/p2c (sg13g2_IOPadIn)
                                         soc_clk_i (net)
                  0.13    0.04    0.14 ^ clkbuf_0_soc_clk_i/A (sg13g2_buf_8)
     4    0.15    0.06    0.10    0.24 ^ clkbuf_0_soc_clk_i/X (sg13g2_buf_8)
                                         clknet_0_soc_clk_i (net)
                  0.07    0.02    0.26 ^ clkbuf_2_3_0_soc_clk_i/A (sg13g2_buf_16)
     8    0.24    0.03    0.07    0.33 ^ clkbuf_2_3_0_soc_clk_i/X (sg13g2_buf_16)
                                         clknet_2_3_0_soc_clk_i (net)
                  0.04    0.01    0.34 ^ clkbuf_5_28_0_soc_clk_i/A (sg13g2_buf_16)
     4    0.06    0.02    0.06    0.40 ^ clkbuf_5_28_0_soc_clk_i/X (sg13g2_buf_16)
                                         clknet_5_28_0_soc_clk_i (net)
                  0.02    0.00    0.40 ^ clkbuf_7_112__f_soc_clk_i/A (sg13g2_buf_8)
     6    0.14    0.05    0.07    0.47 ^ clkbuf_7_112__f_soc_clk_i/X (sg13g2_buf_8)
                                         clknet_7_112__leaf_soc_clk_i (net)
                  0.06    0.01    0.48 ^ clkbuf_leaf_278_soc_clk_i/A (sg13g2_buf_16)
     7    0.03    0.02    0.06    0.54 ^ clkbuf_leaf_278_soc_clk_i/X (sg13g2_buf_16)
                                         clknet_leaf_278_soc_clk_i (net)
                  0.02    0.00    0.54 ^ i_croc_soc/i_croc/i_main_xbar.gen_mux[3].i_mux.i_rr_arb.gen_arbiter.rr_q_1__reg/CLK (sg13g2_dfrbp_2)
     8    0.03    0.04    0.16    0.71 v i_croc_soc/i_croc/i_main_xbar.gen_mux[3].i_mux.i_rr_arb.gen_arbiter.rr_q_1__reg/Q (sg13g2_dfrbp_2)
                                         i_croc_soc/i_croc/i_main_xbar.gen_mux[3].i_mux.i_rr_arb.gen_arbiter.rr_q_1_ (net)
                  0.04    0.00    0.71 v i_croc_soc/i_croc/_06917_/A (sg13g2_nand2_1)
     2    0.01    0.03    0.03    0.74 ^ i_croc_soc/i_croc/_06917_/Y (sg13g2_nand2_1)
                                         i_croc_soc/i_croc/_01899_ (net)
                  0.03    0.00    0.74 ^ i_croc_soc/i_croc/_06918_/B (sg13g2_nand2_1)
     1    0.00    0.03    0.04    0.78 v i_croc_soc/i_croc/_06918_/Y (sg13g2_nand2_1)
                                         i_croc_soc/i_croc/_01900_ (net)
                  0.03    0.00    0.78 v fanout2233/A (sg13g2_buf_4)
     5    0.03    0.03    0.06    0.84 v fanout2233/X (sg13g2_buf_4)
                                         net2233 (net)
                  0.03    0.01    0.85 v i_croc_soc/i_croc/_07023_/B1 (sg13g2_a21oi_1)
     1    0.00    0.03    0.04    0.88 ^ i_croc_soc/i_croc/_07023_/Y (sg13g2_a21oi_1)
                                         i_croc_soc/i_croc/_01990_ (net)
                  0.03    0.00    0.88 ^ i_croc_soc/i_croc/_07025_/A_N (sg13g2_nand2b_2)
     2    0.04    0.06    0.09    0.97 ^ i_croc_soc/i_croc/_07025_/Y (sg13g2_nand2b_2)
                                         i_croc_soc/i_croc/all_sbr_obi_req_241_ (net)
                  0.08    0.01    0.98 ^ i_croc_soc/i_croc/gen_sram_bank[1].i_sram/gen_512x32xBx1.i_cut/A_DIN[29] (RM_IHPSG13_1P_256x64_c2_bm_bist)
                                  0.98   data arrival time

                          0.00    0.00   clock clk_sys (rise edge)
                          0.00    0.00   clock source latency
     1    0.24    0.26    0.03    0.03 ^ clk_i (in)
                                         clk_i (net)
                  0.26    0.00    0.03 ^ pad_clk_i/pad (sg13g2_IOPadIn)
     1    0.11    0.14    0.08    0.11 ^ pad_clk_i/p2c (sg13g2_IOPadIn)
                                         soc_clk_i (net)
                  0.13    0.04    0.14 ^ clkbuf_0_soc_clk_i/A (sg13g2_buf_8)
     4    0.15    0.06    0.10    0.25 ^ clkbuf_0_soc_clk_i/X (sg13g2_buf_8)
                                         clknet_0_soc_clk_i (net)
                  0.07    0.02    0.26 ^ clkbuf_2_3_0_soc_clk_i/A (sg13g2_buf_16)
     8    0.24    0.03    0.07    0.34 ^ clkbuf_2_3_0_soc_clk_i/X (sg13g2_buf_16)
                                         clknet_2_3_0_soc_clk_i (net)
                  0.08    0.03    0.37 ^ clkbuf_5_30_0_soc_clk_i/A (sg13g2_buf_16)
     4    0.06    0.02    0.07    0.44 ^ clkbuf_5_30_0_soc_clk_i/X (sg13g2_buf_16)
                                         clknet_5_30_0_soc_clk_i (net)
                  0.02    0.00    0.45 ^ clkbuf_7_121__f_soc_clk_i/A (sg13g2_buf_8)
     6    0.14    0.06    0.07    0.52 ^ clkbuf_7_121__f_soc_clk_i/X (sg13g2_buf_8)
                                         clknet_7_121__leaf_soc_clk_i (net)
                  0.06    0.01    0.53 ^ clkbuf_leaf_224_soc_clk_i/A (sg13g2_buf_16)
     5    0.03    0.02    0.06    0.59 ^ clkbuf_leaf_224_soc_clk_i/X (sg13g2_buf_16)
                                         clknet_leaf_224_soc_clk_i (net)
                  0.02    0.00    0.59 ^ i_croc_soc/i_croc/gen_sram_bank[1].i_sram/gen_512x32xBx1.i_cut/A_CLK (RM_IHPSG13_1P_256x64_c2_bm_bist)
                          0.10    0.69   clock uncertainty
                          0.00    0.68   clock reconvergence pessimism
                          0.35    1.03   library hold time
                                  1.03   data required time
-----------------------------------------------------------------------------
                                  1.03   data required time
                                 -0.98   data arrival time
-----------------------------------------------------------------------------
                                 -0.06   slack (VIOLATED)



==========================================================================
05_croc.grt report_checks -path_delay max
--------------------------------------------------------------------------
Startpoint: i_croc_soc/i_rstgen.i_rstgen_bypass.synch_regs_q_3__reg
            (rising edge-triggered flip-flop clocked by clk_sys)
Endpoint: i_croc_soc/i_croc/i_gpio/i_reg_file.new_reg_94__reg
          (recovery check against rising-edge clock clk_sys)
Path Group: asynchronous
Path Type: max
Corner: tt

Fanout     Cap    Slew   Delay    Time   Description
-----------------------------------------------------------------------------
                          0.00    0.00   clock clk_sys (rise edge)
                          0.00    0.00   clock source latency
     1    0.24    0.35    0.04    0.04 ^ clk_i (in)
                                         clk_i (net)
                  0.35    0.00    0.04 ^ pad_clk_i/pad (sg13g2_IOPadIn)
     1    0.11    0.21    0.13    0.17 ^ pad_clk_i/p2c (sg13g2_IOPadIn)
                                         soc_clk_i (net)
                  0.18    0.04    0.21 ^ clkbuf_0_soc_clk_i/A (sg13g2_buf_8)
     4    0.14    0.09    0.16    0.37 ^ clkbuf_0_soc_clk_i/X (sg13g2_buf_8)
                                         clknet_0_soc_clk_i (net)
                  0.10    0.02    0.39 ^ clkbuf_2_0_0_soc_clk_i/A (sg13g2_buf_16)
     8    0.22    0.07    0.12    0.51 ^ clkbuf_2_0_0_soc_clk_i/X (sg13g2_buf_16)
                                         clknet_2_0_0_soc_clk_i (net)
                  0.09    0.03    0.54 ^ clkbuf_5_5_0_soc_clk_i/A (sg13g2_buf_16)
     4    0.06    0.03    0.10    0.64 ^ clkbuf_5_5_0_soc_clk_i/X (sg13g2_buf_16)
                                         clknet_5_5_0_soc_clk_i (net)
                  0.03    0.01    0.64 ^ clkbuf_7_21__f_soc_clk_i/A (sg13g2_buf_8)
     6    0.14    0.08    0.11    0.75 ^ clkbuf_7_21__f_soc_clk_i/X (sg13g2_buf_8)
                                         clknet_7_21__leaf_soc_clk_i (net)
                  0.09    0.01    0.76 ^ clkbuf_leaf_709_soc_clk_i/A (sg13g2_buf_16)
     5    0.03    0.02    0.09    0.86 ^ clkbuf_leaf_709_soc_clk_i/X (sg13g2_buf_16)
                                         clknet_leaf_709_soc_clk_i (net)
                  0.02    0.00    0.86 ^ i_croc_soc/i_rstgen.i_rstgen_bypass.synch_regs_q_3__reg/CLK (sg13g2_dfrbp_1)
     2    0.01    0.05    0.22    1.08 ^ i_croc_soc/i_rstgen.i_rstgen_bypass.synch_regs_q_3__reg/Q (sg13g2_dfrbp_1)
                                         i_croc_soc/i_rstgen.i_rstgen_bypass.synch_regs_q_3_ (net)
                  0.05    0.00    1.08 ^ i_croc_soc/i_rstgen.i_rstgen_bypass.i_tc_clk_mux2_rst_no/i_mux/A0 (sg13g2_mux2_1)
     1    0.01    0.05    0.11    1.20 ^ i_croc_soc/i_rstgen.i_rstgen_bypass.i_tc_clk_mux2_rst_no/i_mux/X (sg13g2_mux2_1)
                                         i_croc_soc/i_rstgen.i_rstgen_bypass.rst_no (net)
                  0.05    0.00    1.20 ^ fanout4728/A (sg13g2_buf_8)
     4    0.15    0.09    0.11    1.30 ^ fanout4728/X (sg13g2_buf_8)
                                         net4728 (net)
                  0.12    0.04    1.34 ^ fanout4727/A (sg13g2_buf_16)
     5    0.15    0.05    0.11    1.46 ^ fanout4727/X (sg13g2_buf_16)
                                         net4727 (net)
                  0.09    0.04    1.49 ^ fanout4721/A (sg13g2_buf_4)
     7    0.07    0.09    0.16    1.65 ^ fanout4721/X (sg13g2_buf_4)
                                         net4721 (net)
                  0.09    0.00    1.66 ^ fanout4720/A (sg13g2_buf_4)
     5    0.03    0.05    0.13    1.79 ^ fanout4720/X (sg13g2_buf_4)
                                         net4720 (net)
                  0.05    0.00    1.80 ^ fanout4701/A (sg13g2_buf_2)
     4    0.02    0.05    0.10    1.90 ^ fanout4701/X (sg13g2_buf_2)
                                         net4701 (net)
                  0.05    0.00    1.90 ^ fanout4700/A (sg13g2_buf_2)
     5    0.09    0.19    0.20    2.10 ^ fanout4700/X (sg13g2_buf_2)
                                         net4700 (net)
                  0.19    0.00    2.10 ^ fanout4696/A (sg13g2_buf_4)
     8    0.12    0.13    0.23    2.33 ^ fanout4696/X (sg13g2_buf_4)
                                         net4696 (net)
                  0.13    0.00    2.34 ^ fanout4695/A (sg13g2_buf_4)
     8    0.12    0.13    0.21    2.55 ^ fanout4695/X (sg13g2_buf_4)
                                         net4695 (net)
                  0.14    0.03    2.57 ^ i_croc_soc/i_croc/i_gpio/i_reg_file.new_reg_94__reg/RESET_B (sg13g2_dfrbp_1)
                                  2.57   data arrival time

                         12.50   12.50   clock clk_sys (rise edge)
                          0.00   12.50   clock source latency
     1    0.20    0.34    0.03   12.53 ^ clk_i (in)
                                         clk_i (net)
                  0.34    0.00   12.53 ^ pad_clk_i/pad (sg13g2_IOPadIn)
     1    0.11    0.21    0.13   12.66 ^ pad_clk_i/p2c (sg13g2_IOPadIn)
                                         soc_clk_i (net)
                  0.18    0.04   12.70 ^ clkbuf_0_soc_clk_i/A (sg13g2_buf_8)
     4    0.14    0.09    0.16   12.86 ^ clkbuf_0_soc_clk_i/X (sg13g2_buf_8)
                                         clknet_0_soc_clk_i (net)
                  0.10    0.02   12.88 ^ clkbuf_2_1_0_soc_clk_i/A (sg13g2_buf_16)
     8    0.23    0.07    0.12   13.00 ^ clkbuf_2_1_0_soc_clk_i/X (sg13g2_buf_16)
                                         clknet_2_1_0_soc_clk_i (net)
                  0.09    0.03   13.03 ^ clkbuf_5_8_0_soc_clk_i/A (sg13g2_buf_16)
     4    0.06    0.03    0.10   13.13 ^ clkbuf_5_8_0_soc_clk_i/X (sg13g2_buf_16)
                                         clknet_5_8_0_soc_clk_i (net)
                  0.03    0.00   13.13 ^ clkbuf_7_35__f_soc_clk_i/A (sg13g2_buf_8)
     6    0.12    0.07    0.10   13.24 ^ clkbuf_7_35__f_soc_clk_i/X (sg13g2_buf_8)
                                         clknet_7_35__leaf_soc_clk_i (net)
                  0.07    0.01   13.25 ^ clkbuf_leaf_452_soc_clk_i/A (sg13g2_buf_16)
     5    0.03    0.02    0.09   13.33 ^ clkbuf_leaf_452_soc_clk_i/X (sg13g2_buf_16)
                                         clknet_leaf_452_soc_clk_i (net)
                  0.02    0.00   13.33 ^ i_croc_soc/i_croc/i_gpio/i_reg_file.new_reg_94__reg/CLK (sg13g2_dfrbp_1)
                         -0.10   13.23   clock uncertainty
                          0.01   13.24   clock reconvergence pessimism
                         -0.15   13.09   library recovery time
                                 13.09   data required time
-----------------------------------------------------------------------------
                                 13.09   data required time
                                 -2.57   data arrival time
-----------------------------------------------------------------------------
                                 10.52   slack (MET)


Startpoint: i_croc_soc/i_croc/i_dmi_jtag/i_dmi_cdc.i_cdc_req/i_dst/async_ack_o_reg
            (rising edge-triggered flip-flop clocked by clk_sys)
Endpoint: i_croc_soc/i_croc/i_dm_top.i_dm_top/i_dm_csrs.progbuf_o_16__reg
          (rising edge-triggered flip-flop clocked by clk_sys)
Path Group: path delay
Path Type: max
Corner: tt

Fanout     Cap    Slew   Delay    Time   Description
-----------------------------------------------------------------------------
                  0.02    0.00    0.00 ^ i_croc_soc/i_croc/i_dmi_jtag/i_dmi_cdc.i_cdc_req/i_dst/async_ack_o_reg/CLK (sg13g2_dfrbp_2)
     6    0.03    0.07    0.28    0.28 ^ i_croc_soc/i_croc/i_dmi_jtag/i_dmi_cdc.i_cdc_req/i_dst/async_ack_o_reg/Q (sg13g2_dfrbp_2)
                                         i_croc_soc/i_croc/i_dmi_jtag/i_dmi_cdc.i_cdc_req/async_ack (net)
                  0.07    0.00    0.28 ^ i_croc_soc/i_croc/i_dmi_jtag/i_dmi_cdc.i_cdc_req/i_dst/_199_/A (sg13g2_xor2_1)
     1    0.00    0.05    0.11    0.39 ^ i_croc_soc/i_croc/i_dmi_jtag/i_dmi_cdc.i_cdc_req/i_dst/_199_/X (sg13g2_xor2_1)
                                         i_croc_soc/i_croc/i_dmi_jtag/i_dmi_cdc.i_cdc_req/s_dst_valid (net)
                  0.05    0.00    0.39 ^ i_croc_soc/i_croc/i_dmi_jtag/i_dmi_cdc.i_cdc_req/_5_/B_N (sg13g2_nor2b_2)
     5    0.03    0.14    0.17    0.56 ^ i_croc_soc/i_croc/i_dmi_jtag/i_dmi_cdc.i_cdc_req/_5_/Y (sg13g2_nor2b_2)
                                         i_croc_soc/i_croc/dmi_req_valid (net)
                  0.14    0.00    0.56 ^ i_croc_soc/i_croc/i_dm_top.i_dm_top/_4879_/A (sg13g2_nand2_2)
     4    0.03    0.12    0.14    0.71 v i_croc_soc/i_croc/i_dm_top.i_dm_top/_4879_/Y (sg13g2_nand2_2)
                                         i_croc_soc/i_croc/i_dm_top.i_dm_top/_0600_ (net)
                  0.12    0.00    0.71 v i_croc_soc/i_croc/i_dm_top.i_dm_top/_4891_/A (sg13g2_or2_1)
     2    0.01    0.04    0.15    0.86 v i_croc_soc/i_croc/i_dm_top.i_dm_top/_4891_/X (sg13g2_or2_1)
                                         i_croc_soc/i_croc/i_dm_top.i_dm_top/_0611_ (net)
                  0.04    0.00    0.86 v fanout3217/A (sg13g2_buf_4)
     8    0.05    0.05    0.11    0.97 v fanout3217/X (sg13g2_buf_4)
                                         net3217 (net)
                  0.05    0.00    0.97 v i_croc_soc/i_croc/i_dm_top.i_dm_top/_4896_/A (sg13g2_nor2_2)
     7    0.05    0.21    0.19    1.15 ^ i_croc_soc/i_croc/i_dm_top.i_dm_top/_4896_/Y (sg13g2_nor2_2)
                                         i_croc_soc/i_croc/i_dm_top.i_dm_top/_0616_ (net)
                  0.21    0.00    1.16 ^ i_croc_soc/i_croc/i_dm_top.i_dm_top/_6537_/A1 (sg13g2_a21oi_2)
     8    0.04    0.18    0.22    1.37 v i_croc_soc/i_croc/i_dm_top.i_dm_top/_6537_/Y (sg13g2_a21oi_2)
                                         i_croc_soc/i_croc/i_dm_top.i_dm_top/_2038_ (net)
                  0.18    0.00    1.37 v i_croc_soc/i_croc/i_dm_top.i_dm_top/_6538_/B1 (sg13g2_a21oi_2)
     2    0.02    0.14    0.17    1.54 ^ i_croc_soc/i_croc/i_dm_top.i_dm_top/_6538_/Y (sg13g2_a21oi_2)
                                         i_croc_soc/i_croc/i_dm_top.i_dm_top/_2039_ (net)
                  0.14    0.00    1.54 ^ fanout2937/A (sg13g2_buf_4)
     7    0.05    0.06    0.17    1.71 ^ fanout2937/X (sg13g2_buf_4)
                                         net2937 (net)
                  0.06    0.00    1.71 ^ fanout2936/A (sg13g2_buf_2)
     8    0.05    0.10    0.15    1.86 ^ fanout2936/X (sg13g2_buf_2)
                                         net2936 (net)
                  0.10    0.00    1.86 ^ fanout2934/A (sg13g2_buf_2)
     8    0.04    0.09    0.16    2.02 ^ fanout2934/X (sg13g2_buf_2)
                                         net2934 (net)
                  0.09    0.00    2.02 ^ i_croc_soc/i_croc/i_dm_top.i_dm_top/_6807_/C (sg13g2_nand3_1)
     1    0.00    0.07    0.10    2.12 v i_croc_soc/i_croc/i_dm_top.i_dm_top/_6807_/Y (sg13g2_nand3_1)
                                         i_croc_soc/i_croc/i_dm_top.i_dm_top/_2231_ (net)
                  0.07    0.00    2.12 v i_croc_soc/i_croc/i_dm_top.i_dm_top/_6808_/B1 (sg13g2_o21ai_1)
     1    0.00    0.08    0.05    2.18 ^ i_croc_soc/i_croc/i_dm_top.i_dm_top/_6808_/Y (sg13g2_o21ai_1)
                                         i_croc_soc/i_croc/i_dm_top.i_dm_top/_0259_ (net)
                  0.08    0.00    2.18 ^ i_croc_soc/i_croc/i_dm_top.i_dm_top/i_dm_csrs.progbuf_o_16__reg/D (sg13g2_dfrbp_1)
                                  2.18   data arrival time

                          4.38    4.38   max_delay
                         -0.13    4.25   library setup time
                                  4.25   data required time
-----------------------------------------------------------------------------
                                  4.25   data required time
                                 -2.18   data arrival time
-----------------------------------------------------------------------------
                                  2.07   slack (MET)


Startpoint: i_croc_soc/i_croc/i_dmi_jtag/td_o_reg
            (rising edge-triggered flip-flop clocked by clk_jtg')
Endpoint: jtag_tdo_o (output port clocked by clk_jtg)
Path Group: clk_jtg
Path Type: max
Corner: tt

Fanout     Cap    Slew   Delay    Time   Description
-----------------------------------------------------------------------------
                         10.00   10.00   clock clk_jtg' (rise edge)
                          0.00   10.00   clock source latency
     1    0.23    0.49    0.03   10.03 v jtag_tck_i (in)
                                         jtag_tck_i (net)
                  0.49    0.00   10.03 v pad_jtag_tck_i/pad (sg13g2_IOPadIn)
     1    0.08    0.21    0.67   10.70 v pad_jtag_tck_i/p2c (sg13g2_IOPadIn)
                                         soc_jtag_tck_i (net)
                  0.17    0.02   10.72 v clkbuf_0_soc_jtag_tck_i/A (sg13g2_buf_8)
     8    0.11    0.06    0.16   10.88 v clkbuf_0_soc_jtag_tck_i/X (sg13g2_buf_8)
                                         clknet_0_soc_jtag_tck_i (net)
                  0.06    0.01   10.88 v clkbuf_3_0__f_soc_jtag_tck_i/A (sg13g2_buf_8)
     7    0.15    0.07    0.13   11.02 v clkbuf_3_0__f_soc_jtag_tck_i/X (sg13g2_buf_8)
                                         clknet_3_0__leaf_soc_jtag_tck_i (net)
                  0.07    0.01   11.02 v clkbuf_leaf_47_soc_jtag_tck_i/A (sg13g2_buf_16)
     4    0.03    0.02    0.09   11.12 v clkbuf_leaf_47_soc_jtag_tck_i/X (sg13g2_buf_16)
                                         clknet_leaf_47_soc_jtag_tck_i (net)
                  0.02    0.00   11.12 v i_croc_soc/i_croc/i_dmi_jtag/i_dmi_jtag_tap.i_tck_inv/i_inv_5298/A (sg13g2_inv_1)
     1    0.00    0.03    0.03   11.15 ^ i_croc_soc/i_croc/i_dmi_jtag/i_dmi_jtag_tap.i_tck_inv/i_inv_5298/Y (sg13g2_inv_1)
                                         net5298 (net)
                  0.03    0.00   11.15 ^ i_croc_soc/i_croc/i_dmi_jtag/i_dmi_jtag_tap.i_dft_tck_mux/i_mux/A0 (sg13g2_mux2_1)
     1    0.01    0.05    0.10   11.25 ^ i_croc_soc/i_croc/i_dmi_jtag/i_dmi_jtag_tap.i_dft_tck_mux/i_mux/X (sg13g2_mux2_1)
                                         i_croc_soc/i_croc/i_dmi_jtag/i_dmi_jtag_tap.tck_n (net)
                  0.05    0.00   11.25 ^ clkbuf_0_i_croc_soc/i_croc/i_dmi_jtag/i_dmi_jtag_tap.tck_n/A (sg13g2_buf_8)
     2    0.02    0.03    0.08   11.33 ^ clkbuf_0_i_croc_soc/i_croc/i_dmi_jtag/i_dmi_jtag_tap.tck_n/X (sg13g2_buf_8)
                                         clknet_0_i_croc_soc/i_croc/i_dmi_jtag/i_dmi_jtag_tap.tck_n (net)
                  0.03    0.00   11.33 ^ clkbuf_1_1__f_i_croc_soc/i_croc/i_dmi_jtag/i_dmi_jtag_tap.tck_n/A (sg13g2_buf_8)
     1    0.01    0.02    0.06   11.40 ^ clkbuf_1_1__f_i_croc_soc/i_croc/i_dmi_jtag/i_dmi_jtag_tap.tck_n/X (sg13g2_buf_8)
                                         clknet_1_1__leaf_i_croc_soc/i_croc/i_dmi_jtag/i_dmi_jtag_tap.tck_n (net)
                  0.02    0.00   11.40 ^ i_croc_soc/i_croc/i_dmi_jtag/td_o_reg/CLK (sg13g2_dfrbp_2)
     1    0.15    0.31    0.40   11.80 ^ i_croc_soc/i_croc/i_dmi_jtag/td_o_reg/Q (sg13g2_dfrbp_2)
                                         soc_jtag_tdo_o (net)
                  0.44    0.06   11.86 ^ pad_jtag_tdo_o/c2p (sg13g2_IOPadOut16mA)
     1   15.00    3.55    3.30   15.16 ^ pad_jtag_tdo_o/pad (sg13g2_IOPadOut16mA)
                                         jtag_tdo_o (net)
                  2.66    0.00   15.16 ^ jtag_tdo_o (out)
                                 15.16   data arrival time

                         20.00   20.00   clock clk_jtg (rise edge)
                          0.00   20.00   clock network delay (propagated)
                         -0.10   19.90   clock uncertainty
                          0.00   19.90   clock reconvergence pessimism
                         -5.00   14.90   output external delay
                                 14.90   data required time
-----------------------------------------------------------------------------
                                 14.90   data required time
                                -15.16   data arrival time
-----------------------------------------------------------------------------
                                 -0.26   slack (VIOLATED)


Startpoint: i_croc_soc/i_croc/i_core_wrap/i_ibex.id_stage_i.controller_i.instr_i_15__reg
            (rising edge-triggered flip-flop clocked by clk_sys)
Endpoint: i_croc_soc/i_croc/i_core_wrap/i_ibex.crash_dump_o_93__reg
          (rising edge-triggered flip-flop clocked by clk_sys)
Path Group: clk_sys
Path Type: max
Corner: tt

Fanout     Cap    Slew   Delay    Time   Description
-----------------------------------------------------------------------------
                          0.00    0.00   clock clk_sys (rise edge)
                          0.00    0.00   clock source latency
     1    0.24    0.35    0.04    0.04 ^ clk_i (in)
                                         clk_i (net)
                  0.35    0.00    0.04 ^ pad_clk_i/pad (sg13g2_IOPadIn)
     1    0.11    0.21    0.13    0.17 ^ pad_clk_i/p2c (sg13g2_IOPadIn)
                                         soc_clk_i (net)
                  0.18    0.04    0.21 ^ clkbuf_0_soc_clk_i/A (sg13g2_buf_8)
     4    0.14    0.09    0.16    0.37 ^ clkbuf_0_soc_clk_i/X (sg13g2_buf_8)
                                         clknet_0_soc_clk_i (net)
                  0.09    0.02    0.39 ^ clkbuf_2_3_0_soc_clk_i/A (sg13g2_buf_16)
     8    0.23    0.05    0.11    0.50 ^ clkbuf_2_3_0_soc_clk_i/X (sg13g2_buf_16)
                                         clknet_2_3_0_soc_clk_i (net)
                  0.13    0.06    0.56 ^ clkbuf_5_25_0_soc_clk_i/A (sg13g2_buf_16)
     4    0.06    0.03    0.12    0.68 ^ clkbuf_5_25_0_soc_clk_i/X (sg13g2_buf_16)
                                         clknet_5_25_0_soc_clk_i (net)
                  0.03    0.00    0.68 ^ clkbuf_7_101__f_soc_clk_i/A (sg13g2_buf_8)
     6    0.13    0.08    0.11    0.79 ^ clkbuf_7_101__f_soc_clk_i/X (sg13g2_buf_8)
                                         clknet_7_101__leaf_soc_clk_i (net)
                  0.08    0.00    0.80 ^ clkbuf_leaf_306_soc_clk_i/A (sg13g2_buf_16)
     8    0.04    0.03    0.09    0.89 ^ clkbuf_leaf_306_soc_clk_i/X (sg13g2_buf_16)
                                         clknet_leaf_306_soc_clk_i (net)
                  0.03    0.00    0.89 ^ i_croc_soc/i_croc/i_core_wrap/i_ibex.id_stage_i.controller_i.instr_i_15__reg/CLK (sg13g2_dfrbp_2)
     2    0.04    0.09    0.29    1.18 ^ i_croc_soc/i_croc/i_core_wrap/i_ibex.id_stage_i.controller_i.instr_i_15__reg/Q (sg13g2_dfrbp_2)
                                         i_croc_soc/i_croc/i_core_wrap/i_ibex.id_stage_i.controller_i.instr_i_15_ (net)
                  0.09    0.01    1.19 ^ fanout5218/A (sg13g2_buf_4)
     4    0.05    0.06    0.14    1.33 ^ fanout5218/X (sg13g2_buf_4)
                                         net5218 (net)
                  0.07    0.00    1.34 ^ fanout5217/A (sg13g2_buf_4)
     4    0.03    0.05    0.12    1.46 ^ fanout5217/X (sg13g2_buf_4)
                                         net5217 (net)
                  0.05    0.00    1.46 ^ fanout5203/A (sg13g2_buf_4)
     5    0.03    0.05    0.11    1.58 ^ fanout5203/X (sg13g2_buf_4)
                                         net5203 (net)
                  0.05    0.00    1.58 ^ fanout5199/A (sg13g2_buf_4)
     6    0.04    0.05    0.11    1.69 ^ fanout5199/X (sg13g2_buf_4)
                                         net5199 (net)
                  0.05    0.00    1.69 ^ fanout5198/A (sg13g2_buf_4)
     8    0.06    0.07    0.13    1.83 ^ fanout5198/X (sg13g2_buf_4)
                                         net5198 (net)
                  0.07    0.00    1.83 ^ i_croc_soc/i_croc/i_core_wrap/i_ibex.register_file_i/_4553_/S (sg13g2_mux2_1)
     1    0.00    0.04    0.17    2.00 v i_croc_soc/i_croc/i_core_wrap/i_ibex.register_file_i/_4553_/X (sg13g2_mux2_1)
                                         i_croc_soc/i_croc/i_core_wrap/i_ibex.register_file_i/_1498_ (net)
                  0.04    0.00    2.00 v i_croc_soc/i_croc/i_core_wrap/i_ibex.register_file_i/_4555_/A2 (sg13g2_a22oi_1)
     1    0.01    0.06    0.08    2.08 ^ i_croc_soc/i_croc/i_core_wrap/i_ibex.register_file_i/_4555_/Y (sg13g2_a22oi_1)
                                         i_croc_soc/i_croc/i_core_wrap/i_ibex.register_file_i/_1500_ (net)
                  0.06    0.00    2.08 ^ i_croc_soc/i_croc/i_core_wrap/i_ibex.register_file_i/_4557_/A2 (sg13g2_a21oi_1)
     1    0.01    0.08    0.10    2.18 v i_croc_soc/i_croc/i_core_wrap/i_ibex.register_file_i/_4557_/Y (sg13g2_a21oi_1)
                                         i_croc_soc/i_croc/i_core_wrap/i_ibex.register_file_i/_1502_ (net)
                  0.08    0.00    2.18 v i_croc_soc/i_croc/i_core_wrap/i_ibex.register_file_i/_4558_/C1 (sg13g2_a221oi_1)
     1    0.02    0.30    0.26    2.44 ^ i_croc_soc/i_croc/i_core_wrap/i_ibex.register_file_i/_4558_/Y (sg13g2_a221oi_1)
                                         i_croc_soc/i_croc/i_core_wrap/i_ibex.register_file_i/_1503_ (net)
                  0.30    0.00    2.44 ^ i_croc_soc/i_croc/i_core_wrap/i_ibex.register_file_i/_4559_/C (sg13g2_nand3_1)
     1    0.06    0.51    0.51    2.95 v i_croc_soc/i_croc/i_core_wrap/i_ibex.register_file_i/_4559_/Y (sg13g2_nand3_1)
                                         i_croc_soc/i_croc/i_core_wrap/i_ibex.ex_block_i.multdiv_operand_a_i_8_ (net)
                  0.51    0.01    2.96 v i_croc_soc/i_croc/i_core_wrap/_5616_/A0 (sg13g2_mux2_1)
     1    0.00    0.05    0.22    3.19 v i_croc_soc/i_croc/i_core_wrap/_5616_/X (sg13g2_mux2_1)
                                         i_croc_soc/i_croc/i_core_wrap/_0954_ (net)
                  0.05    0.00    3.19 v i_croc_soc/i_croc/i_core_wrap/_5617_/B (sg13g2_and2_1)
     1    0.00    0.03    0.09    3.27 v i_croc_soc/i_croc/i_core_wrap/_5617_/X (sg13g2_and2_1)
                                         i_croc_soc/i_croc/i_core_wrap/_0955_ (net)
                  0.03    0.00    3.27 v i_croc_soc/i_croc/i_core_wrap/_5618_/B1 (sg13g2_a21oi_1)
     1    0.00    0.07    0.07    3.34 ^ i_croc_soc/i_croc/i_core_wrap/_5618_/Y (sg13g2_a21oi_1)
                                         i_croc_soc/i_croc/i_core_wrap/_0956_ (net)
                  0.07    0.00    3.34 ^ fanout2961/A (sg13g2_buf_2)
     5    0.03    0.08    0.12    3.47 ^ fanout2961/X (sg13g2_buf_2)
                                         net2961 (net)
                  0.08    0.00    3.47 ^ fanout2960/A (sg13g2_buf_2)
     4    0.02    0.05    0.11    3.58 ^ fanout2960/X (sg13g2_buf_2)
                                         net2960 (net)
                  0.05    0.00    3.58 ^ fanout2959/A (sg13g2_buf_2)
     8    0.03    0.07    0.11    3.69 ^ fanout2959/X (sg13g2_buf_2)
                                         net2959 (net)
                  0.07    0.00    3.69 ^ fanout2958/A (sg13g2_buf_2)
     8    0.04    0.08    0.13    3.83 ^ fanout2958/X (sg13g2_buf_2)
                                         net2958 (net)
                  0.08    0.00    3.83 ^ fanout2957/A (sg13g2_buf_2)
     8    0.03    0.08    0.13    3.96 ^ fanout2957/X (sg13g2_buf_2)
                                         net2957 (net)
                  0.08    0.00    3.97 ^ i_croc_soc/i_croc/i_core_wrap/_5637_/A1 (sg13g2_o21ai_1)
     1    0.01    0.13    0.09    4.05 v i_croc_soc/i_croc/i_core_wrap/_5637_/Y (sg13g2_o21ai_1)
                                         i_croc_soc/i_croc/i_core_wrap/_0973_ (net)
                  0.13    0.00    4.05 v i_croc_soc/i_croc/i_core_wrap/_5638_/B1 (sg13g2_o21ai_1)
     1    0.00    0.10    0.08    4.13 ^ i_croc_soc/i_croc/i_core_wrap/_5638_/Y (sg13g2_o21ai_1)
                                         i_croc_soc/i_croc/i_core_wrap/_0974_ (net)
                  0.10    0.00    4.13 ^ i_croc_soc/i_croc/i_core_wrap/_5663_/A1 (sg13g2_a221oi_1)
     3    0.02    0.14    0.15    4.28 v i_croc_soc/i_croc/i_core_wrap/_5663_/Y (sg13g2_a221oi_1)
                                         i_croc_soc/i_croc/i_core_wrap/_0997_ (net)
                  0.14    0.00    4.28 v i_croc_soc/i_croc/i_core_wrap/_5664_/B (sg13g2_nand2_1)
     1    0.01    0.06    0.08    4.36 ^ i_croc_soc/i_croc/i_core_wrap/_5664_/Y (sg13g2_nand2_1)
                                         i_croc_soc/i_croc/i_core_wrap/_0998_ (net)
                  0.06    0.00    4.36 ^ i_croc_soc/i_croc/i_core_wrap/_5700_/A1 (sg13g2_a22oi_1)
     3    0.02    0.12    0.13    4.49 v i_croc_soc/i_croc/i_core_wrap/_5700_/Y (sg13g2_a22oi_1)
                                         i_croc_soc/i_croc/i_core_wrap/_1032_ (net)
                  0.12    0.00    4.49 v i_croc_soc/i_croc/i_core_wrap/_5859_/A (sg13g2_nor3_2)
     8    0.05    0.34    0.32    4.82 ^ i_croc_soc/i_croc/i_core_wrap/_5859_/Y (sg13g2_nor3_2)
                                         i_croc_soc/i_croc/i_core_wrap/_1186_ (net)
                  0.34    0.00    4.82 ^ i_croc_soc/i_croc/i_core_wrap/_6222_/A1 (sg13g2_o21ai_1)
     1    0.00    0.08    0.13    4.96 v i_croc_soc/i_croc/i_core_wrap/_6222_/Y (sg13g2_o21ai_1)
                                         i_croc_soc/i_croc/i_core_wrap/_1527_ (net)
                  0.08    0.00    4.96 v i_croc_soc/i_croc/i_core_wrap/_6223_/B_N (sg13g2_nor2b_1)
     2    0.01    0.06    0.11    5.07 v i_croc_soc/i_croc/i_core_wrap/_6223_/Y (sg13g2_nor2b_1)
                                         i_croc_soc/i_croc/i_core_wrap/_1528_ (net)
                  0.06    0.00    5.07 v fanout1031/A (sg13g2_buf_2)
     8    0.04    0.07    0.13    5.20 v fanout1031/X (sg13g2_buf_2)
                                         net1031 (net)
                  0.07    0.00    5.20 v i_croc_soc/i_croc/i_core_wrap/_6346_/A (sg13g2_xnor2_1)
     6    0.05    0.31    0.31    5.51 v i_croc_soc/i_croc/i_core_wrap/_6346_/Y (sg13g2_xnor2_1)
                                         i_croc_soc/i_croc/core_data_obi_req_63_ (net)
                  0.31    0.00    5.51 v i_croc_soc/i_croc/i_core_wrap/_7340_/A1 (sg13g2_a221oi_1)
     1    0.01    0.15    0.23    5.74 ^ i_croc_soc/i_croc/i_core_wrap/_7340_/Y (sg13g2_a221oi_1)
                                         i_croc_soc/i_croc/i_core_wrap/_2494_ (net)
                  0.15    0.00    5.74 ^ i_croc_soc/i_croc/i_core_wrap/_7342_/A (sg13g2_nor2_2)
     3    0.01    0.06    0.09    5.83 v i_croc_soc/i_croc/i_core_wrap/_7342_/Y (sg13g2_nor2_2)
                                         i_croc_soc/i_croc/i_core_wrap/_2496_ (net)
                  0.06    0.00    5.83 v i_croc_soc/i_croc/i_core_wrap/_8583_/B1 (sg13g2_a21o_1)
     3    0.02    0.07    0.15    5.98 v i_croc_soc/i_croc/i_core_wrap/_8583_/X (sg13g2_a21o_1)
                                         i_croc_soc/i_croc/i_core_wrap/_3583_ (net)
                  0.07    0.00    5.98 v i_croc_soc/i_croc/i_core_wrap/_8901_/A1 (sg13g2_mux2_2)
     4    0.02    0.06    0.18    6.16 v i_croc_soc/i_croc/i_core_wrap/_8901_/X (sg13g2_mux2_2)
                                         i_croc_soc/i_croc/core_instr_obi_req_63_ (net)
                  0.06    0.00    6.16 v i_croc_soc/i_croc/_05445_/A (sg13g2_nor4_1)
     1    0.01    0.15    0.18    6.34 ^ i_croc_soc/i_croc/_05445_/Y (sg13g2_nor4_1)
                                         i_croc_soc/i_croc/_00761_ (net)
                  0.15    0.00    6.34 ^ i_croc_soc/i_croc/_05446_/C (sg13g2_nand3_1)
     4    0.02    0.18    0.21    6.55 v i_croc_soc/i_croc/_05446_/Y (sg13g2_nand3_1)
                                         i_croc_soc/i_croc/_00762_ (net)
                  0.18    0.00    6.55 v i_croc_soc/i_croc/_05452_/A (sg13g2_nor3_2)
     5    0.03    0.20    0.23    6.78 ^ i_croc_soc/i_croc/_05452_/Y (sg13g2_nor3_2)
                                         i_croc_soc/i_croc/_00768_ (net)
                  0.20    0.00    6.78 ^ i_croc_soc/i_croc/_05453_/A (sg13g2_inv_1)
     3    0.01    0.09    0.11    6.90 v i_croc_soc/i_croc/_05453_/Y (sg13g2_inv_1)
                                         i_croc_soc/i_croc/_00769_ (net)
                  0.09    0.00    6.90 v i_croc_soc/i_croc/_05455_/B (sg13g2_and4_1)
     2    0.01    0.04    0.12    7.02 v i_croc_soc/i_croc/_05455_/X (sg13g2_and4_1)
                                         i_croc_soc/i_croc/_00771_ (net)
                  0.04    0.00    7.02 v i_croc_soc/i_croc/_05456_/B1 (sg13g2_o21ai_1)
     5    0.02    0.27    0.12    7.13 ^ i_croc_soc/i_croc/_05456_/Y (sg13g2_o21ai_1)
                                         i_croc_soc/i_croc/_00772_ (net)
                  0.27    0.00    7.13 ^ i_croc_soc/i_croc/_05457_/C (sg13g2_nor3_2)
     3    0.01    0.07    0.10    7.23 v i_croc_soc/i_croc/_05457_/Y (sg13g2_nor3_2)
                                         i_croc_soc/i_croc/_00773_ (net)
                  0.07    0.00    7.23 v i_croc_soc/i_croc/_05458_/D (sg13g2_nor4_2)
     3    0.01    0.18    0.16    7.39 ^ i_croc_soc/i_croc/_05458_/Y (sg13g2_nor4_2)
                                         i_croc_soc/i_croc/_00774_ (net)
                  0.18    0.00    7.39 ^ i_croc_soc/i_croc/_05587_/A_N (sg13g2_nand2b_1)
     3    0.01    0.08    0.15    7.54 ^ i_croc_soc/i_croc/_05587_/Y (sg13g2_nand2b_1)
                                         i_croc_soc/i_croc/_00903_ (net)
                  0.08    0.00    7.54 ^ i_croc_soc/i_croc/_05643_/A (sg13g2_nand2_2)
     2    0.01    0.04    0.06    7.60 v i_croc_soc/i_croc/_05643_/Y (sg13g2_nand2_2)
                                         i_croc_soc/i_croc/_00958_ (net)
                  0.04    0.00    7.60 v fanout2307/A (sg13g2_buf_2)
     4    0.02    0.04    0.09    7.70 v fanout2307/X (sg13g2_buf_2)
                                         net2307 (net)
                  0.04    0.00    7.70 v fanout2306/A (sg13g2_buf_2)
     7    0.03    0.06    0.11    7.81 v fanout2306/X (sg13g2_buf_2)
                                         net2306 (net)
                  0.06    0.00    7.81 v fanout2305/A (sg13g2_buf_2)
     8    0.04    0.07    0.13    7.94 v fanout2305/X (sg13g2_buf_2)
                                         net2305 (net)
                  0.07    0.00    7.94 v i_croc_soc/i_croc/_05645_/B2 (sg13g2_a221oi_1)
     3    0.01    0.18    0.20    8.14 ^ i_croc_soc/i_croc/_05645_/Y (sg13g2_a221oi_1)
                                         i_croc_soc/i_croc/_00960_ (net)
                  0.18    0.00    8.14 ^ i_croc_soc/i_croc/_05652_/C (sg13g2_nand4_1)
     3    0.01    0.17    0.22    8.36 v i_croc_soc/i_croc/_05652_/Y (sg13g2_nand4_1)
                                         i_croc_soc/i_croc/_00967_ (net)
                  0.17    0.00    8.36 v i_croc_soc/i_croc/_05676_/A2 (sg13g2_a21o_2)
     5    0.02    0.06    0.22    8.58 v i_croc_soc/i_croc/_05676_/X (sg13g2_a21o_2)
                                         i_croc_soc/i_croc/_00991_ (net)
                  0.06    0.00    8.58 v i_croc_soc/i_croc/_05677_/B (sg13g2_xnor2_1)
     1    0.01    0.09    0.10    8.68 ^ i_croc_soc/i_croc/_05677_/Y (sg13g2_xnor2_1)
                                         i_croc_soc/i_croc/_00992_ (net)
                  0.09    0.00    8.68 ^ i_croc_soc/i_croc/_05733_/A1 (sg13g2_o21ai_1)
     4    0.02    0.12    0.14    8.82 v i_croc_soc/i_croc/_05733_/Y (sg13g2_o21ai_1)
                                         i_croc_soc/i_croc/_01047_ (net)
                  0.12    0.00    8.82 v i_croc_soc/i_croc/_05734_/B (sg13g2_nand2_2)
     5    0.03    0.09    0.11    8.93 ^ i_croc_soc/i_croc/_05734_/Y (sg13g2_nand2_2)
                                         i_croc_soc/i_croc/_01048_ (net)
                  0.09    0.00    8.93 ^ i_croc_soc/i_croc/_06356_/B (sg13g2_nor2_1)
     2    0.01    0.04    0.06    8.99 v i_croc_soc/i_croc/_06356_/Y (sg13g2_nor2_1)
                                         i_croc_soc/i_croc/_01558_ (net)
                  0.04    0.00    8.99 v i_croc_soc/i_croc/_06357_/C (sg13g2_nand3_1)
     3    0.03    0.13    0.12    9.11 ^ i_croc_soc/i_croc/_06357_/Y (sg13g2_nand3_1)
                                         i_croc_soc/i_croc/_01559_ (net)
                  0.13    0.00    9.11 ^ fanout2183/A (sg13g2_buf_8)
     5    0.07    0.05    0.13    9.24 ^ fanout2183/X (sg13g2_buf_8)
                                         net2183 (net)
                  0.06    0.01    9.25 ^ fanout2182/A (sg13g2_buf_4)
     8    0.08    0.09    0.15    9.40 ^ fanout2182/X (sg13g2_buf_4)
                                         net2182 (net)
                  0.09    0.00    9.41 ^ fanout2181/A (sg13g2_buf_2)
     5    0.02    0.05    0.12    9.53 ^ fanout2181/X (sg13g2_buf_2)
                                         net2181 (net)
                  0.05    0.00    9.53 ^ fanout2180/A (sg13g2_buf_2)
     7    0.03    0.07    0.11    9.64 ^ fanout2180/X (sg13g2_buf_2)
                                         net2180 (net)
                  0.07    0.00    9.64 ^ i_croc_soc/i_croc/_06360_/B (sg13g2_nor2_2)
     3    0.02    0.06    0.07    9.71 v i_croc_soc/i_croc/_06360_/Y (sg13g2_nor2_2)
                                         i_croc_soc/i_croc/all_periph_obi_rsp_157_ (net)
                  0.06    0.00    9.71 v fanout2141/A (sg13g2_buf_2)
     7    0.02    0.05    0.11    9.82 v fanout2141/X (sg13g2_buf_2)
                                         net2141 (net)
                  0.05    0.00    9.82 v i_croc_soc/i_croc/i_gpio/_1354_/A (sg13g2_nand2_1)
     2    0.01    0.06    0.06    9.88 ^ i_croc_soc/i_croc/i_gpio/_1354_/Y (sg13g2_nand2_1)
                                         i_croc_soc/i_croc/i_gpio/_0150_ (net)
                  0.06    0.00    9.88 ^ i_croc_soc/i_croc/i_gpio/_1355_/B (sg13g2_nand3_1)
     1    0.00    0.06    0.09    9.97 v i_croc_soc/i_croc/i_gpio/_1355_/Y (sg13g2_nand3_1)
                                         i_croc_soc/i_croc/i_gpio/_0151_ (net)
                  0.06    0.00    9.97 v i_croc_soc/i_croc/i_gpio/_1356_/B1 (sg13g2_o21ai_1)
     1    0.00    0.09    0.06   10.02 ^ i_croc_soc/i_croc/i_gpio/_1356_/Y (sg13g2_o21ai_1)
                                         i_croc_soc/i_croc/all_periph_obi_rsp_159_ (net)
                  0.09    0.00   10.02 ^ i_croc_soc/i_croc/_07626_/A (sg13g2_inv_1)
     1    0.01    0.04    0.06   10.08 v i_croc_soc/i_croc/_07626_/Y (sg13g2_inv_1)
                                         i_croc_soc/i_croc/_02530_ (net)
                  0.04    0.00   10.09 v i_croc_soc/i_croc/_07628_/A2 (sg13g2_o21ai_1)
     1    0.01    0.09    0.10   10.18 ^ i_croc_soc/i_croc/_07628_/Y (sg13g2_o21ai_1)
                                         i_croc_soc/i_croc/_02532_ (net)
                  0.09    0.00   10.18 ^ i_croc_soc/i_croc/_07632_/A2 (sg13g2_a22oi_1)
     4    0.05    0.32    0.30   10.48 v i_croc_soc/i_croc/_07632_/Y (sg13g2_a22oi_1)
                                         i_croc_soc/i_croc/_02536_ (net)
                  0.32    0.01   10.49 v i_croc_soc/i_croc/_07912_/B (sg13g2_nor2_1)
     1    0.00    0.10    0.12   10.61 ^ i_croc_soc/i_croc/_07912_/Y (sg13g2_nor2_1)
                                         i_croc_soc/i_croc/_02783_ (net)
                  0.10    0.00   10.61 ^ i_croc_soc/i_croc/_07913_/C (sg13g2_nor3_1)
     1    0.01    0.05    0.07   10.68 v i_croc_soc/i_croc/_07913_/Y (sg13g2_nor3_1)
                                         i_croc_soc/i_croc/_02784_ (net)
                  0.05    0.00   10.68 v i_croc_soc/i_croc/_07914_/C (sg13g2_nor3_2)
     5    0.04    0.27    0.23   10.91 ^ i_croc_soc/i_croc/_07914_/Y (sg13g2_nor3_2)
                                         i_croc_soc/i_croc/core_instr_obi_rsp_3_ (net)
                  0.27    0.01   10.91 ^ i_croc_soc/i_croc/i_core_wrap/_6488_/A1 (sg13g2_a21o_1)
     3    0.01    0.06    0.20   11.11 ^ i_croc_soc/i_croc/i_core_wrap/_6488_/X (sg13g2_a21o_1)
                                         i_croc_soc/i_croc/i_core_wrap/_1734_ (net)
                  0.06    0.00   11.11 ^ i_croc_soc/i_croc/i_core_wrap/_6941_/B (sg13g2_or3_2)
     5    0.05    0.11    0.17   11.28 ^ i_croc_soc/i_croc/i_core_wrap/_6941_/X (sg13g2_or3_2)
                                         i_croc_soc/i_croc/i_core_wrap/_2122_ (net)
                  0.11    0.01   11.29 ^ i_croc_soc/i_croc/i_core_wrap/_7023_/C (sg13g2_nand3_1)
     4    0.01    0.16    0.18   11.47 v i_croc_soc/i_croc/i_core_wrap/_7023_/Y (sg13g2_nand3_1)
                                         i_croc_soc/i_croc/i_core_wrap/_2200_ (net)
                  0.16    0.00   11.47 v i_croc_soc/i_croc/i_core_wrap/_7065_/A (sg13g2_inv_1)
     1    0.01    0.05    0.07   11.54 ^ i_croc_soc/i_croc/i_core_wrap/_7065_/Y (sg13g2_inv_1)
                                         i_croc_soc/i_croc/i_core_wrap/_2238_ (net)
                  0.05    0.00   11.54 ^ i_croc_soc/i_croc/i_core_wrap/_7066_/C (sg13g2_nand3_1)
     2    0.01    0.12    0.13   11.66 v i_croc_soc/i_croc/i_core_wrap/_7066_/Y (sg13g2_nand3_1)
                                         i_croc_soc/i_croc/i_core_wrap/_2239_ (net)
                  0.12    0.00   11.66 v i_croc_soc/i_croc/i_core_wrap/_7078_/B (sg13g2_nor2_2)
     3    0.01    0.08    0.09   11.76 ^ i_croc_soc/i_croc/i_core_wrap/_7078_/Y (sg13g2_nor2_2)
                                         i_croc_soc/i_croc/i_core_wrap/_2249_ (net)
                  0.08    0.00   11.76 ^ i_croc_soc/i_croc/i_core_wrap/_7110_/C (sg13g2_nand3_1)
     2    0.01    0.13    0.14   11.90 v i_croc_soc/i_croc/i_core_wrap/_7110_/Y (sg13g2_nand3_1)
                                         i_croc_soc/i_croc/i_core_wrap/_2279_ (net)
                  0.13    0.00   11.90 v i_croc_soc/i_croc/i_core_wrap/_7133_/B (sg13g2_nor2_1)
     2    0.01    0.10    0.11   12.02 ^ i_croc_soc/i_croc/i_core_wrap/_7133_/Y (sg13g2_nor2_1)
                                         i_croc_soc/i_croc/i_core_wrap/_2301_ (net)
                  0.10    0.00   12.02 ^ i_croc_soc/i_croc/i_core_wrap/_7149_/B (sg13g2_and2_1)
     2    0.01    0.05    0.12   12.14 ^ i_croc_soc/i_croc/i_core_wrap/_7149_/X (sg13g2_and2_1)
                                         i_croc_soc/i_croc/i_core_wrap/_2316_ (net)
                  0.05    0.00   12.14 ^ i_croc_soc/i_croc/i_core_wrap/_7160_/B (sg13g2_and2_1)
     2    0.01    0.05    0.10   12.24 ^ i_croc_soc/i_croc/i_core_wrap/_7160_/X (sg13g2_and2_1)
                                         i_croc_soc/i_croc/i_core_wrap/_2326_ (net)
                  0.05    0.00   12.24 ^ i_croc_soc/i_croc/i_core_wrap/_7171_/B (sg13g2_and2_1)
     2    0.01    0.05    0.10   12.35 ^ i_croc_soc/i_croc/i_core_wrap/_7171_/X (sg13g2_and2_1)
                                         i_croc_soc/i_croc/i_core_wrap/_2336_ (net)
                  0.05    0.00   12.35 ^ i_croc_soc/i_croc/i_core_wrap/_7186_/B (sg13g2_and2_1)
     2    0.01    0.05    0.11   12.46 ^ i_croc_soc/i_croc/i_core_wrap/_7186_/X (sg13g2_and2_1)
                                         i_croc_soc/i_croc/i_core_wrap/_2350_ (net)
                  0.05    0.00   12.46 ^ i_croc_soc/i_croc/i_core_wrap/_7239_/B (sg13g2_and3_1)
     2    0.01    0.05    0.13   12.59 ^ i_croc_soc/i_croc/i_core_wrap/_7239_/X (sg13g2_and3_1)
                                         i_croc_soc/i_croc/i_core_wrap/_2400_ (net)
                  0.05    0.00   12.59 ^ i_croc_soc/i_croc/i_core_wrap/_7241_/B (sg13g2_and2_1)
     3    0.01    0.06    0.11   12.70 ^ i_croc_soc/i_croc/i_core_wrap/_7241_/X (sg13g2_and2_1)
                                         i_croc_soc/i_croc/i_core_wrap/_2402_ (net)
                  0.06    0.00   12.71 ^ i_croc_soc/i_croc/i_core_wrap/_7291_/C (sg13g2_and3_1)
     2    0.01    0.05    0.14   12.84 ^ i_croc_soc/i_croc/i_core_wrap/_7291_/X (sg13g2_and3_1)
                                         i_croc_soc/i_croc/i_core_wrap/_2449_ (net)
                  0.05    0.00   12.85 ^ i_croc_soc/i_croc/i_core_wrap/_7296_/B (sg13g2_and2_1)
     3    0.01    0.06    0.12   12.96 ^ i_croc_soc/i_croc/i_core_wrap/_7296_/X (sg13g2_and2_1)
                                         i_croc_soc/i_croc/i_core_wrap/_2453_ (net)
                  0.06    0.00   12.96 ^ i_croc_soc/i_croc/i_core_wrap/_7344_/D (sg13g2_nand4_1)
     1    0.00    0.10    0.13   13.09 v i_croc_soc/i_croc/i_core_wrap/_7344_/Y (sg13g2_nand4_1)
                                         i_croc_soc/i_croc/i_core_wrap/_2498_ (net)
                  0.10    0.00   13.09 v i_croc_soc/i_croc/i_core_wrap/_7345_/A (sg13g2_inv_1)
     2    0.01    0.06    0.07   13.16 ^ i_croc_soc/i_croc/i_core_wrap/_7345_/Y (sg13g2_inv_1)
                                         i_croc_soc/i_croc/i_core_wrap/_2499_ (net)
                  0.06    0.00   13.16 ^ i_croc_soc/i_croc/i_core_wrap/_7346_/C (sg13g2_nand3_1)
     4    0.02    0.15    0.16   13.32 v i_croc_soc/i_croc/i_core_wrap/_7346_/Y (sg13g2_nand3_1)
                                         i_croc_soc/i_croc/i_core_wrap/_2500_ (net)
                  0.15    0.00   13.32 v fanout1574/A (sg13g2_buf_2)
     8    0.03    0.07    0.16   13.48 v fanout1574/X (sg13g2_buf_2)
                                         net1574 (net)
                  0.07    0.00   13.48 v i_croc_soc/i_croc/i_core_wrap/_7417_/B (sg13g2_nor3_1)
     1    0.01    0.11    0.13   13.61 ^ i_croc_soc/i_croc/i_core_wrap/_7417_/Y (sg13g2_nor3_1)
                                         i_croc_soc/i_croc/i_core_wrap/_2565_ (net)
                  0.11    0.00   13.61 ^ i_croc_soc/i_croc/i_core_wrap/_7418_/B (sg13g2_xor2_1)
     1    0.00    0.06    0.13   13.74 ^ i_croc_soc/i_croc/i_core_wrap/_7418_/X (sg13g2_xor2_1)
                                         i_croc_soc/i_croc/i_core_wrap/_2566_ (net)
                  0.06    0.00   13.74 ^ i_croc_soc/i_croc/i_core_wrap/_7425_/A2 (sg13g2_a21o_1)
     1    0.00    0.03    0.11   13.85 ^ i_croc_soc/i_croc/i_core_wrap/_7425_/X (sg13g2_a21o_1)
                                         i_croc_soc/i_croc/i_core_wrap/_0088_ (net)
                  0.03    0.00   13.85 ^ i_croc_soc/i_croc/i_core_wrap/i_ibex.crash_dump_o_93__reg/D (sg13g2_dfrbp_2)
                                 13.85   data arrival time

                         12.50   12.50   clock clk_sys (rise edge)
                          0.00   12.50   clock source latency
     1    0.20    0.34    0.03   12.53 ^ clk_i (in)
                                         clk_i (net)
                  0.34    0.00   12.53 ^ pad_clk_i/pad (sg13g2_IOPadIn)
     1    0.11    0.21    0.13   12.66 ^ pad_clk_i/p2c (sg13g2_IOPadIn)
                                         soc_clk_i (net)
                  0.18    0.04   12.70 ^ clkbuf_0_soc_clk_i/A (sg13g2_buf_8)
     4    0.14    0.09    0.16   12.86 ^ clkbuf_0_soc_clk_i/X (sg13g2_buf_8)
                                         clknet_0_soc_clk_i (net)
                  0.10    0.02   12.88 ^ clkbuf_2_1_0_soc_clk_i/A (sg13g2_buf_16)
     8    0.23    0.07    0.12   13.00 ^ clkbuf_2_1_0_soc_clk_i/X (sg13g2_buf_16)
                                         clknet_2_1_0_soc_clk_i (net)
                  0.11    0.04   13.04 ^ clkbuf_5_14_0_soc_clk_i/A (sg13g2_buf_16)
     4    0.06    0.03    0.11   13.15 ^ clkbuf_5_14_0_soc_clk_i/X (sg13g2_buf_16)
                                         clknet_5_14_0_soc_clk_i (net)
                  0.03    0.00   13.16 ^ clkbuf_7_56__f_soc_clk_i/A (sg13g2_buf_8)
     6    0.12    0.07    0.10   13.26 ^ clkbuf_7_56__f_soc_clk_i/X (sg13g2_buf_8)
                                         clknet_7_56__leaf_soc_clk_i (net)
                  0.07    0.01   13.27 ^ clkbuf_leaf_465_soc_clk_i/A (sg13g2_buf_16)
     8    0.03    0.02    0.09   13.36 ^ clkbuf_leaf_465_soc_clk_i/X (sg13g2_buf_16)
                                         clknet_leaf_465_soc_clk_i (net)
                  0.02    0.00   13.36 ^ i_croc_soc/i_croc/i_core_wrap/i_ibex.crash_dump_o_93__reg/CLK (sg13g2_dfrbp_2)
                         -0.10   13.26   clock uncertainty
                          0.01   13.26   clock reconvergence pessimism
                         -0.12   13.15   library setup time
                                 13.15   data required time
-----------------------------------------------------------------------------
                                 13.15   data required time
                                -13.85   data arrival time
-----------------------------------------------------------------------------
                                 -0.70   slack (VIOLATED)



==========================================================================
05_croc.grt report_checks -unconstrained
--------------------------------------------------------------------------
Startpoint: i_croc_soc/i_rstgen.i_rstgen_bypass.synch_regs_q_3__reg
            (rising edge-triggered flip-flop clocked by clk_sys)
Endpoint: i_croc_soc/i_croc/i_gpio/i_reg_file.new_reg_94__reg
          (recovery check against rising-edge clock clk_sys)
Path Group: asynchronous
Path Type: max
Corner: tt

Fanout     Cap    Slew   Delay    Time   Description
-----------------------------------------------------------------------------
                          0.00    0.00   clock clk_sys (rise edge)
                          0.00    0.00   clock source latency
     1    0.24    0.35    0.04    0.04 ^ clk_i (in)
                                         clk_i (net)
                  0.35    0.00    0.04 ^ pad_clk_i/pad (sg13g2_IOPadIn)
     1    0.11    0.21    0.13    0.17 ^ pad_clk_i/p2c (sg13g2_IOPadIn)
                                         soc_clk_i (net)
                  0.18    0.04    0.21 ^ clkbuf_0_soc_clk_i/A (sg13g2_buf_8)
     4    0.14    0.09    0.16    0.37 ^ clkbuf_0_soc_clk_i/X (sg13g2_buf_8)
                                         clknet_0_soc_clk_i (net)
                  0.10    0.02    0.39 ^ clkbuf_2_0_0_soc_clk_i/A (sg13g2_buf_16)
     8    0.22    0.07    0.12    0.51 ^ clkbuf_2_0_0_soc_clk_i/X (sg13g2_buf_16)
                                         clknet_2_0_0_soc_clk_i (net)
                  0.09    0.03    0.54 ^ clkbuf_5_5_0_soc_clk_i/A (sg13g2_buf_16)
     4    0.06    0.03    0.10    0.64 ^ clkbuf_5_5_0_soc_clk_i/X (sg13g2_buf_16)
                                         clknet_5_5_0_soc_clk_i (net)
                  0.03    0.01    0.64 ^ clkbuf_7_21__f_soc_clk_i/A (sg13g2_buf_8)
     6    0.14    0.08    0.11    0.75 ^ clkbuf_7_21__f_soc_clk_i/X (sg13g2_buf_8)
                                         clknet_7_21__leaf_soc_clk_i (net)
                  0.09    0.01    0.76 ^ clkbuf_leaf_709_soc_clk_i/A (sg13g2_buf_16)
     5    0.03    0.02    0.09    0.86 ^ clkbuf_leaf_709_soc_clk_i/X (sg13g2_buf_16)
                                         clknet_leaf_709_soc_clk_i (net)
                  0.02    0.00    0.86 ^ i_croc_soc/i_rstgen.i_rstgen_bypass.synch_regs_q_3__reg/CLK (sg13g2_dfrbp_1)
     2    0.01    0.05    0.22    1.08 ^ i_croc_soc/i_rstgen.i_rstgen_bypass.synch_regs_q_3__reg/Q (sg13g2_dfrbp_1)
                                         i_croc_soc/i_rstgen.i_rstgen_bypass.synch_regs_q_3_ (net)
                  0.05    0.00    1.08 ^ i_croc_soc/i_rstgen.i_rstgen_bypass.i_tc_clk_mux2_rst_no/i_mux/A0 (sg13g2_mux2_1)
     1    0.01    0.05    0.11    1.20 ^ i_croc_soc/i_rstgen.i_rstgen_bypass.i_tc_clk_mux2_rst_no/i_mux/X (sg13g2_mux2_1)
                                         i_croc_soc/i_rstgen.i_rstgen_bypass.rst_no (net)
                  0.05    0.00    1.20 ^ fanout4728/A (sg13g2_buf_8)
     4    0.15    0.09    0.11    1.30 ^ fanout4728/X (sg13g2_buf_8)
                                         net4728 (net)
                  0.12    0.04    1.34 ^ fanout4727/A (sg13g2_buf_16)
     5    0.15    0.05    0.11    1.46 ^ fanout4727/X (sg13g2_buf_16)
                                         net4727 (net)
                  0.09    0.04    1.49 ^ fanout4721/A (sg13g2_buf_4)
     7    0.07    0.09    0.16    1.65 ^ fanout4721/X (sg13g2_buf_4)
                                         net4721 (net)
                  0.09    0.00    1.66 ^ fanout4720/A (sg13g2_buf_4)
     5    0.03    0.05    0.13    1.79 ^ fanout4720/X (sg13g2_buf_4)
                                         net4720 (net)
                  0.05    0.00    1.80 ^ fanout4701/A (sg13g2_buf_2)
     4    0.02    0.05    0.10    1.90 ^ fanout4701/X (sg13g2_buf_2)
                                         net4701 (net)
                  0.05    0.00    1.90 ^ fanout4700/A (sg13g2_buf_2)
     5    0.09    0.19    0.20    2.10 ^ fanout4700/X (sg13g2_buf_2)
                                         net4700 (net)
                  0.19    0.00    2.10 ^ fanout4696/A (sg13g2_buf_4)
     8    0.12    0.13    0.23    2.33 ^ fanout4696/X (sg13g2_buf_4)
                                         net4696 (net)
                  0.13    0.00    2.34 ^ fanout4695/A (sg13g2_buf_4)
     8    0.12    0.13    0.21    2.55 ^ fanout4695/X (sg13g2_buf_4)
                                         net4695 (net)
                  0.14    0.03    2.57 ^ i_croc_soc/i_croc/i_gpio/i_reg_file.new_reg_94__reg/RESET_B (sg13g2_dfrbp_1)
                                  2.57   data arrival time

                         12.50   12.50   clock clk_sys (rise edge)
                          0.00   12.50   clock source latency
     1    0.20    0.34    0.03   12.53 ^ clk_i (in)
                                         clk_i (net)
                  0.34    0.00   12.53 ^ pad_clk_i/pad (sg13g2_IOPadIn)
     1    0.11    0.21    0.13   12.66 ^ pad_clk_i/p2c (sg13g2_IOPadIn)
                                         soc_clk_i (net)
                  0.18    0.04   12.70 ^ clkbuf_0_soc_clk_i/A (sg13g2_buf_8)
     4    0.14    0.09    0.16   12.86 ^ clkbuf_0_soc_clk_i/X (sg13g2_buf_8)
                                         clknet_0_soc_clk_i (net)
                  0.10    0.02   12.88 ^ clkbuf_2_1_0_soc_clk_i/A (sg13g2_buf_16)
     8    0.23    0.07    0.12   13.00 ^ clkbuf_2_1_0_soc_clk_i/X (sg13g2_buf_16)
                                         clknet_2_1_0_soc_clk_i (net)
                  0.09    0.03   13.03 ^ clkbuf_5_8_0_soc_clk_i/A (sg13g2_buf_16)
     4    0.06    0.03    0.10   13.13 ^ clkbuf_5_8_0_soc_clk_i/X (sg13g2_buf_16)
                                         clknet_5_8_0_soc_clk_i (net)
                  0.03    0.00   13.13 ^ clkbuf_7_35__f_soc_clk_i/A (sg13g2_buf_8)
     6    0.12    0.07    0.10   13.24 ^ clkbuf_7_35__f_soc_clk_i/X (sg13g2_buf_8)
                                         clknet_7_35__leaf_soc_clk_i (net)
                  0.07    0.01   13.25 ^ clkbuf_leaf_452_soc_clk_i/A (sg13g2_buf_16)
     5    0.03    0.02    0.09   13.33 ^ clkbuf_leaf_452_soc_clk_i/X (sg13g2_buf_16)
                                         clknet_leaf_452_soc_clk_i (net)
                  0.02    0.00   13.33 ^ i_croc_soc/i_croc/i_gpio/i_reg_file.new_reg_94__reg/CLK (sg13g2_dfrbp_1)
                         -0.10   13.23   clock uncertainty
                          0.01   13.24   clock reconvergence pessimism
                         -0.15   13.09   library recovery time
                                 13.09   data required time
-----------------------------------------------------------------------------
                                 13.09   data required time
                                 -2.57   data arrival time
-----------------------------------------------------------------------------
                                 10.52   slack (MET)


Startpoint: i_croc_soc/i_croc/i_dmi_jtag/i_dmi_cdc.i_cdc_req/i_dst/async_ack_o_reg
            (rising edge-triggered flip-flop clocked by clk_sys)
Endpoint: i_croc_soc/i_croc/i_dm_top.i_dm_top/i_dm_csrs.progbuf_o_16__reg
          (rising edge-triggered flip-flop clocked by clk_sys)
Path Group: path delay
Path Type: max
Corner: tt

Fanout     Cap    Slew   Delay    Time   Description
-----------------------------------------------------------------------------
                  0.02    0.00    0.00 ^ i_croc_soc/i_croc/i_dmi_jtag/i_dmi_cdc.i_cdc_req/i_dst/async_ack_o_reg/CLK (sg13g2_dfrbp_2)
     6    0.03    0.07    0.28    0.28 ^ i_croc_soc/i_croc/i_dmi_jtag/i_dmi_cdc.i_cdc_req/i_dst/async_ack_o_reg/Q (sg13g2_dfrbp_2)
                                         i_croc_soc/i_croc/i_dmi_jtag/i_dmi_cdc.i_cdc_req/async_ack (net)
                  0.07    0.00    0.28 ^ i_croc_soc/i_croc/i_dmi_jtag/i_dmi_cdc.i_cdc_req/i_dst/_199_/A (sg13g2_xor2_1)
     1    0.00    0.05    0.11    0.39 ^ i_croc_soc/i_croc/i_dmi_jtag/i_dmi_cdc.i_cdc_req/i_dst/_199_/X (sg13g2_xor2_1)
                                         i_croc_soc/i_croc/i_dmi_jtag/i_dmi_cdc.i_cdc_req/s_dst_valid (net)
                  0.05    0.00    0.39 ^ i_croc_soc/i_croc/i_dmi_jtag/i_dmi_cdc.i_cdc_req/_5_/B_N (sg13g2_nor2b_2)
     5    0.03    0.14    0.17    0.56 ^ i_croc_soc/i_croc/i_dmi_jtag/i_dmi_cdc.i_cdc_req/_5_/Y (sg13g2_nor2b_2)
                                         i_croc_soc/i_croc/dmi_req_valid (net)
                  0.14    0.00    0.56 ^ i_croc_soc/i_croc/i_dm_top.i_dm_top/_4879_/A (sg13g2_nand2_2)
     4    0.03    0.12    0.14    0.71 v i_croc_soc/i_croc/i_dm_top.i_dm_top/_4879_/Y (sg13g2_nand2_2)
                                         i_croc_soc/i_croc/i_dm_top.i_dm_top/_0600_ (net)
                  0.12    0.00    0.71 v i_croc_soc/i_croc/i_dm_top.i_dm_top/_4891_/A (sg13g2_or2_1)
     2    0.01    0.04    0.15    0.86 v i_croc_soc/i_croc/i_dm_top.i_dm_top/_4891_/X (sg13g2_or2_1)
                                         i_croc_soc/i_croc/i_dm_top.i_dm_top/_0611_ (net)
                  0.04    0.00    0.86 v fanout3217/A (sg13g2_buf_4)
     8    0.05    0.05    0.11    0.97 v fanout3217/X (sg13g2_buf_4)
                                         net3217 (net)
                  0.05    0.00    0.97 v i_croc_soc/i_croc/i_dm_top.i_dm_top/_4896_/A (sg13g2_nor2_2)
     7    0.05    0.21    0.19    1.15 ^ i_croc_soc/i_croc/i_dm_top.i_dm_top/_4896_/Y (sg13g2_nor2_2)
                                         i_croc_soc/i_croc/i_dm_top.i_dm_top/_0616_ (net)
                  0.21    0.00    1.16 ^ i_croc_soc/i_croc/i_dm_top.i_dm_top/_6537_/A1 (sg13g2_a21oi_2)
     8    0.04    0.18    0.22    1.37 v i_croc_soc/i_croc/i_dm_top.i_dm_top/_6537_/Y (sg13g2_a21oi_2)
                                         i_croc_soc/i_croc/i_dm_top.i_dm_top/_2038_ (net)
                  0.18    0.00    1.37 v i_croc_soc/i_croc/i_dm_top.i_dm_top/_6538_/B1 (sg13g2_a21oi_2)
     2    0.02    0.14    0.17    1.54 ^ i_croc_soc/i_croc/i_dm_top.i_dm_top/_6538_/Y (sg13g2_a21oi_2)
                                         i_croc_soc/i_croc/i_dm_top.i_dm_top/_2039_ (net)
                  0.14    0.00    1.54 ^ fanout2937/A (sg13g2_buf_4)
     7    0.05    0.06    0.17    1.71 ^ fanout2937/X (sg13g2_buf_4)
                                         net2937 (net)
                  0.06    0.00    1.71 ^ fanout2936/A (sg13g2_buf_2)
     8    0.05    0.10    0.15    1.86 ^ fanout2936/X (sg13g2_buf_2)
                                         net2936 (net)
                  0.10    0.00    1.86 ^ fanout2934/A (sg13g2_buf_2)
     8    0.04    0.09    0.16    2.02 ^ fanout2934/X (sg13g2_buf_2)
                                         net2934 (net)
                  0.09    0.00    2.02 ^ i_croc_soc/i_croc/i_dm_top.i_dm_top/_6807_/C (sg13g2_nand3_1)
     1    0.00    0.07    0.10    2.12 v i_croc_soc/i_croc/i_dm_top.i_dm_top/_6807_/Y (sg13g2_nand3_1)
                                         i_croc_soc/i_croc/i_dm_top.i_dm_top/_2231_ (net)
                  0.07    0.00    2.12 v i_croc_soc/i_croc/i_dm_top.i_dm_top/_6808_/B1 (sg13g2_o21ai_1)
     1    0.00    0.08    0.05    2.18 ^ i_croc_soc/i_croc/i_dm_top.i_dm_top/_6808_/Y (sg13g2_o21ai_1)
                                         i_croc_soc/i_croc/i_dm_top.i_dm_top/_0259_ (net)
                  0.08    0.00    2.18 ^ i_croc_soc/i_croc/i_dm_top.i_dm_top/i_dm_csrs.progbuf_o_16__reg/D (sg13g2_dfrbp_1)
                                  2.18   data arrival time

                          4.38    4.38   max_delay
                         -0.13    4.25   library setup time
                                  4.25   data required time
-----------------------------------------------------------------------------
                                  4.25   data required time
                                 -2.18   data arrival time
-----------------------------------------------------------------------------
                                  2.07   slack (MET)


Startpoint: i_croc_soc/i_croc/i_dmi_jtag/td_o_reg
            (rising edge-triggered flip-flop clocked by clk_jtg')
Endpoint: jtag_tdo_o (output port clocked by clk_jtg)
Path Group: clk_jtg
Path Type: max
Corner: tt

Fanout     Cap    Slew   Delay    Time   Description
-----------------------------------------------------------------------------
                         10.00   10.00   clock clk_jtg' (rise edge)
                          0.00   10.00   clock source latency
     1    0.23    0.49    0.03   10.03 v jtag_tck_i (in)
                                         jtag_tck_i (net)
                  0.49    0.00   10.03 v pad_jtag_tck_i/pad (sg13g2_IOPadIn)
     1    0.08    0.21    0.67   10.70 v pad_jtag_tck_i/p2c (sg13g2_IOPadIn)
                                         soc_jtag_tck_i (net)
                  0.17    0.02   10.72 v clkbuf_0_soc_jtag_tck_i/A (sg13g2_buf_8)
     8    0.11    0.06    0.16   10.88 v clkbuf_0_soc_jtag_tck_i/X (sg13g2_buf_8)
                                         clknet_0_soc_jtag_tck_i (net)
                  0.06    0.01   10.88 v clkbuf_3_0__f_soc_jtag_tck_i/A (sg13g2_buf_8)
     7    0.15    0.07    0.13   11.02 v clkbuf_3_0__f_soc_jtag_tck_i/X (sg13g2_buf_8)
                                         clknet_3_0__leaf_soc_jtag_tck_i (net)
                  0.07    0.01   11.02 v clkbuf_leaf_47_soc_jtag_tck_i/A (sg13g2_buf_16)
     4    0.03    0.02    0.09   11.12 v clkbuf_leaf_47_soc_jtag_tck_i/X (sg13g2_buf_16)
                                         clknet_leaf_47_soc_jtag_tck_i (net)
                  0.02    0.00   11.12 v i_croc_soc/i_croc/i_dmi_jtag/i_dmi_jtag_tap.i_tck_inv/i_inv_5298/A (sg13g2_inv_1)
     1    0.00    0.03    0.03   11.15 ^ i_croc_soc/i_croc/i_dmi_jtag/i_dmi_jtag_tap.i_tck_inv/i_inv_5298/Y (sg13g2_inv_1)
                                         net5298 (net)
                  0.03    0.00   11.15 ^ i_croc_soc/i_croc/i_dmi_jtag/i_dmi_jtag_tap.i_dft_tck_mux/i_mux/A0 (sg13g2_mux2_1)
     1    0.01    0.05    0.10   11.25 ^ i_croc_soc/i_croc/i_dmi_jtag/i_dmi_jtag_tap.i_dft_tck_mux/i_mux/X (sg13g2_mux2_1)
                                         i_croc_soc/i_croc/i_dmi_jtag/i_dmi_jtag_tap.tck_n (net)
                  0.05    0.00   11.25 ^ clkbuf_0_i_croc_soc/i_croc/i_dmi_jtag/i_dmi_jtag_tap.tck_n/A (sg13g2_buf_8)
     2    0.02    0.03    0.08   11.33 ^ clkbuf_0_i_croc_soc/i_croc/i_dmi_jtag/i_dmi_jtag_tap.tck_n/X (sg13g2_buf_8)
                                         clknet_0_i_croc_soc/i_croc/i_dmi_jtag/i_dmi_jtag_tap.tck_n (net)
                  0.03    0.00   11.33 ^ clkbuf_1_1__f_i_croc_soc/i_croc/i_dmi_jtag/i_dmi_jtag_tap.tck_n/A (sg13g2_buf_8)
     1    0.01    0.02    0.06   11.40 ^ clkbuf_1_1__f_i_croc_soc/i_croc/i_dmi_jtag/i_dmi_jtag_tap.tck_n/X (sg13g2_buf_8)
                                         clknet_1_1__leaf_i_croc_soc/i_croc/i_dmi_jtag/i_dmi_jtag_tap.tck_n (net)
                  0.02    0.00   11.40 ^ i_croc_soc/i_croc/i_dmi_jtag/td_o_reg/CLK (sg13g2_dfrbp_2)
     1    0.15    0.31    0.40   11.80 ^ i_croc_soc/i_croc/i_dmi_jtag/td_o_reg/Q (sg13g2_dfrbp_2)
                                         soc_jtag_tdo_o (net)
                  0.44    0.06   11.86 ^ pad_jtag_tdo_o/c2p (sg13g2_IOPadOut16mA)
     1   15.00    3.55    3.30   15.16 ^ pad_jtag_tdo_o/pad (sg13g2_IOPadOut16mA)
                                         jtag_tdo_o (net)
                  2.66    0.00   15.16 ^ jtag_tdo_o (out)
                                 15.16   data arrival time

                         20.00   20.00   clock clk_jtg (rise edge)
                          0.00   20.00   clock network delay (propagated)
                         -0.10   19.90   clock uncertainty
                          0.00   19.90   clock reconvergence pessimism
                         -5.00   14.90   output external delay
                                 14.90   data required time
-----------------------------------------------------------------------------
                                 14.90   data required time
                                -15.16   data arrival time
-----------------------------------------------------------------------------
                                 -0.26   slack (VIOLATED)


Startpoint: i_croc_soc/i_croc/i_core_wrap/i_ibex.id_stage_i.controller_i.instr_i_15__reg
            (rising edge-triggered flip-flop clocked by clk_sys)
Endpoint: i_croc_soc/i_croc/i_core_wrap/i_ibex.crash_dump_o_93__reg
          (rising edge-triggered flip-flop clocked by clk_sys)
Path Group: clk_sys
Path Type: max
Corner: tt

Fanout     Cap    Slew   Delay    Time   Description
-----------------------------------------------------------------------------
                          0.00    0.00   clock clk_sys (rise edge)
                          0.00    0.00   clock source latency
     1    0.24    0.35    0.04    0.04 ^ clk_i (in)
                                         clk_i (net)
                  0.35    0.00    0.04 ^ pad_clk_i/pad (sg13g2_IOPadIn)
     1    0.11    0.21    0.13    0.17 ^ pad_clk_i/p2c (sg13g2_IOPadIn)
                                         soc_clk_i (net)
                  0.18    0.04    0.21 ^ clkbuf_0_soc_clk_i/A (sg13g2_buf_8)
     4    0.14    0.09    0.16    0.37 ^ clkbuf_0_soc_clk_i/X (sg13g2_buf_8)
                                         clknet_0_soc_clk_i (net)
                  0.09    0.02    0.39 ^ clkbuf_2_3_0_soc_clk_i/A (sg13g2_buf_16)
     8    0.23    0.05    0.11    0.50 ^ clkbuf_2_3_0_soc_clk_i/X (sg13g2_buf_16)
                                         clknet_2_3_0_soc_clk_i (net)
                  0.13    0.06    0.56 ^ clkbuf_5_25_0_soc_clk_i/A (sg13g2_buf_16)
     4    0.06    0.03    0.12    0.68 ^ clkbuf_5_25_0_soc_clk_i/X (sg13g2_buf_16)
                                         clknet_5_25_0_soc_clk_i (net)
                  0.03    0.00    0.68 ^ clkbuf_7_101__f_soc_clk_i/A (sg13g2_buf_8)
     6    0.13    0.08    0.11    0.79 ^ clkbuf_7_101__f_soc_clk_i/X (sg13g2_buf_8)
                                         clknet_7_101__leaf_soc_clk_i (net)
                  0.08    0.00    0.80 ^ clkbuf_leaf_306_soc_clk_i/A (sg13g2_buf_16)
     8    0.04    0.03    0.09    0.89 ^ clkbuf_leaf_306_soc_clk_i/X (sg13g2_buf_16)
                                         clknet_leaf_306_soc_clk_i (net)
                  0.03    0.00    0.89 ^ i_croc_soc/i_croc/i_core_wrap/i_ibex.id_stage_i.controller_i.instr_i_15__reg/CLK (sg13g2_dfrbp_2)
     2    0.04    0.09    0.29    1.18 ^ i_croc_soc/i_croc/i_core_wrap/i_ibex.id_stage_i.controller_i.instr_i_15__reg/Q (sg13g2_dfrbp_2)
                                         i_croc_soc/i_croc/i_core_wrap/i_ibex.id_stage_i.controller_i.instr_i_15_ (net)
                  0.09    0.01    1.19 ^ fanout5218/A (sg13g2_buf_4)
     4    0.05    0.06    0.14    1.33 ^ fanout5218/X (sg13g2_buf_4)
                                         net5218 (net)
                  0.07    0.00    1.34 ^ fanout5217/A (sg13g2_buf_4)
     4    0.03    0.05    0.12    1.46 ^ fanout5217/X (sg13g2_buf_4)
                                         net5217 (net)
                  0.05    0.00    1.46 ^ fanout5203/A (sg13g2_buf_4)
     5    0.03    0.05    0.11    1.58 ^ fanout5203/X (sg13g2_buf_4)
                                         net5203 (net)
                  0.05    0.00    1.58 ^ fanout5199/A (sg13g2_buf_4)
     6    0.04    0.05    0.11    1.69 ^ fanout5199/X (sg13g2_buf_4)
                                         net5199 (net)
                  0.05    0.00    1.69 ^ fanout5198/A (sg13g2_buf_4)
     8    0.06    0.07    0.13    1.83 ^ fanout5198/X (sg13g2_buf_4)
                                         net5198 (net)
                  0.07    0.00    1.83 ^ i_croc_soc/i_croc/i_core_wrap/i_ibex.register_file_i/_4553_/S (sg13g2_mux2_1)
     1    0.00    0.04    0.17    2.00 v i_croc_soc/i_croc/i_core_wrap/i_ibex.register_file_i/_4553_/X (sg13g2_mux2_1)
                                         i_croc_soc/i_croc/i_core_wrap/i_ibex.register_file_i/_1498_ (net)
                  0.04    0.00    2.00 v i_croc_soc/i_croc/i_core_wrap/i_ibex.register_file_i/_4555_/A2 (sg13g2_a22oi_1)
     1    0.01    0.06    0.08    2.08 ^ i_croc_soc/i_croc/i_core_wrap/i_ibex.register_file_i/_4555_/Y (sg13g2_a22oi_1)
                                         i_croc_soc/i_croc/i_core_wrap/i_ibex.register_file_i/_1500_ (net)
                  0.06    0.00    2.08 ^ i_croc_soc/i_croc/i_core_wrap/i_ibex.register_file_i/_4557_/A2 (sg13g2_a21oi_1)
     1    0.01    0.08    0.10    2.18 v i_croc_soc/i_croc/i_core_wrap/i_ibex.register_file_i/_4557_/Y (sg13g2_a21oi_1)
                                         i_croc_soc/i_croc/i_core_wrap/i_ibex.register_file_i/_1502_ (net)
                  0.08    0.00    2.18 v i_croc_soc/i_croc/i_core_wrap/i_ibex.register_file_i/_4558_/C1 (sg13g2_a221oi_1)
     1    0.02    0.30    0.26    2.44 ^ i_croc_soc/i_croc/i_core_wrap/i_ibex.register_file_i/_4558_/Y (sg13g2_a221oi_1)
                                         i_croc_soc/i_croc/i_core_wrap/i_ibex.register_file_i/_1503_ (net)
                  0.30    0.00    2.44 ^ i_croc_soc/i_croc/i_core_wrap/i_ibex.register_file_i/_4559_/C (sg13g2_nand3_1)
     1    0.06    0.51    0.51    2.95 v i_croc_soc/i_croc/i_core_wrap/i_ibex.register_file_i/_4559_/Y (sg13g2_nand3_1)
                                         i_croc_soc/i_croc/i_core_wrap/i_ibex.ex_block_i.multdiv_operand_a_i_8_ (net)
                  0.51    0.01    2.96 v i_croc_soc/i_croc/i_core_wrap/_5616_/A0 (sg13g2_mux2_1)
     1    0.00    0.05    0.22    3.19 v i_croc_soc/i_croc/i_core_wrap/_5616_/X (sg13g2_mux2_1)
                                         i_croc_soc/i_croc/i_core_wrap/_0954_ (net)
                  0.05    0.00    3.19 v i_croc_soc/i_croc/i_core_wrap/_5617_/B (sg13g2_and2_1)
     1    0.00    0.03    0.09    3.27 v i_croc_soc/i_croc/i_core_wrap/_5617_/X (sg13g2_and2_1)
                                         i_croc_soc/i_croc/i_core_wrap/_0955_ (net)
                  0.03    0.00    3.27 v i_croc_soc/i_croc/i_core_wrap/_5618_/B1 (sg13g2_a21oi_1)
     1    0.00    0.07    0.07    3.34 ^ i_croc_soc/i_croc/i_core_wrap/_5618_/Y (sg13g2_a21oi_1)
                                         i_croc_soc/i_croc/i_core_wrap/_0956_ (net)
                  0.07    0.00    3.34 ^ fanout2961/A (sg13g2_buf_2)
     5    0.03    0.08    0.12    3.47 ^ fanout2961/X (sg13g2_buf_2)
                                         net2961 (net)
                  0.08    0.00    3.47 ^ fanout2960/A (sg13g2_buf_2)
     4    0.02    0.05    0.11    3.58 ^ fanout2960/X (sg13g2_buf_2)
                                         net2960 (net)
                  0.05    0.00    3.58 ^ fanout2959/A (sg13g2_buf_2)
     8    0.03    0.07    0.11    3.69 ^ fanout2959/X (sg13g2_buf_2)
                                         net2959 (net)
                  0.07    0.00    3.69 ^ fanout2958/A (sg13g2_buf_2)
     8    0.04    0.08    0.13    3.83 ^ fanout2958/X (sg13g2_buf_2)
                                         net2958 (net)
                  0.08    0.00    3.83 ^ fanout2957/A (sg13g2_buf_2)
     8    0.03    0.08    0.13    3.96 ^ fanout2957/X (sg13g2_buf_2)
                                         net2957 (net)
                  0.08    0.00    3.97 ^ i_croc_soc/i_croc/i_core_wrap/_5637_/A1 (sg13g2_o21ai_1)
     1    0.01    0.13    0.09    4.05 v i_croc_soc/i_croc/i_core_wrap/_5637_/Y (sg13g2_o21ai_1)
                                         i_croc_soc/i_croc/i_core_wrap/_0973_ (net)
                  0.13    0.00    4.05 v i_croc_soc/i_croc/i_core_wrap/_5638_/B1 (sg13g2_o21ai_1)
     1    0.00    0.10    0.08    4.13 ^ i_croc_soc/i_croc/i_core_wrap/_5638_/Y (sg13g2_o21ai_1)
                                         i_croc_soc/i_croc/i_core_wrap/_0974_ (net)
                  0.10    0.00    4.13 ^ i_croc_soc/i_croc/i_core_wrap/_5663_/A1 (sg13g2_a221oi_1)
     3    0.02    0.14    0.15    4.28 v i_croc_soc/i_croc/i_core_wrap/_5663_/Y (sg13g2_a221oi_1)
                                         i_croc_soc/i_croc/i_core_wrap/_0997_ (net)
                  0.14    0.00    4.28 v i_croc_soc/i_croc/i_core_wrap/_5664_/B (sg13g2_nand2_1)
     1    0.01    0.06    0.08    4.36 ^ i_croc_soc/i_croc/i_core_wrap/_5664_/Y (sg13g2_nand2_1)
                                         i_croc_soc/i_croc/i_core_wrap/_0998_ (net)
                  0.06    0.00    4.36 ^ i_croc_soc/i_croc/i_core_wrap/_5700_/A1 (sg13g2_a22oi_1)
     3    0.02    0.12    0.13    4.49 v i_croc_soc/i_croc/i_core_wrap/_5700_/Y (sg13g2_a22oi_1)
                                         i_croc_soc/i_croc/i_core_wrap/_1032_ (net)
                  0.12    0.00    4.49 v i_croc_soc/i_croc/i_core_wrap/_5859_/A (sg13g2_nor3_2)
     8    0.05    0.34    0.32    4.82 ^ i_croc_soc/i_croc/i_core_wrap/_5859_/Y (sg13g2_nor3_2)
                                         i_croc_soc/i_croc/i_core_wrap/_1186_ (net)
                  0.34    0.00    4.82 ^ i_croc_soc/i_croc/i_core_wrap/_6222_/A1 (sg13g2_o21ai_1)
     1    0.00    0.08    0.13    4.96 v i_croc_soc/i_croc/i_core_wrap/_6222_/Y (sg13g2_o21ai_1)
                                         i_croc_soc/i_croc/i_core_wrap/_1527_ (net)
                  0.08    0.00    4.96 v i_croc_soc/i_croc/i_core_wrap/_6223_/B_N (sg13g2_nor2b_1)
     2    0.01    0.06    0.11    5.07 v i_croc_soc/i_croc/i_core_wrap/_6223_/Y (sg13g2_nor2b_1)
                                         i_croc_soc/i_croc/i_core_wrap/_1528_ (net)
                  0.06    0.00    5.07 v fanout1031/A (sg13g2_buf_2)
     8    0.04    0.07    0.13    5.20 v fanout1031/X (sg13g2_buf_2)
                                         net1031 (net)
                  0.07    0.00    5.20 v i_croc_soc/i_croc/i_core_wrap/_6346_/A (sg13g2_xnor2_1)
     6    0.05    0.31    0.31    5.51 v i_croc_soc/i_croc/i_core_wrap/_6346_/Y (sg13g2_xnor2_1)
                                         i_croc_soc/i_croc/core_data_obi_req_63_ (net)
                  0.31    0.00    5.51 v i_croc_soc/i_croc/i_core_wrap/_7340_/A1 (sg13g2_a221oi_1)
     1    0.01    0.15    0.23    5.74 ^ i_croc_soc/i_croc/i_core_wrap/_7340_/Y (sg13g2_a221oi_1)
                                         i_croc_soc/i_croc/i_core_wrap/_2494_ (net)
                  0.15    0.00    5.74 ^ i_croc_soc/i_croc/i_core_wrap/_7342_/A (sg13g2_nor2_2)
     3    0.01    0.06    0.09    5.83 v i_croc_soc/i_croc/i_core_wrap/_7342_/Y (sg13g2_nor2_2)
                                         i_croc_soc/i_croc/i_core_wrap/_2496_ (net)
                  0.06    0.00    5.83 v i_croc_soc/i_croc/i_core_wrap/_8583_/B1 (sg13g2_a21o_1)
     3    0.02    0.07    0.15    5.98 v i_croc_soc/i_croc/i_core_wrap/_8583_/X (sg13g2_a21o_1)
                                         i_croc_soc/i_croc/i_core_wrap/_3583_ (net)
                  0.07    0.00    5.98 v i_croc_soc/i_croc/i_core_wrap/_8901_/A1 (sg13g2_mux2_2)
     4    0.02    0.06    0.18    6.16 v i_croc_soc/i_croc/i_core_wrap/_8901_/X (sg13g2_mux2_2)
                                         i_croc_soc/i_croc/core_instr_obi_req_63_ (net)
                  0.06    0.00    6.16 v i_croc_soc/i_croc/_05445_/A (sg13g2_nor4_1)
     1    0.01    0.15    0.18    6.34 ^ i_croc_soc/i_croc/_05445_/Y (sg13g2_nor4_1)
                                         i_croc_soc/i_croc/_00761_ (net)
                  0.15    0.00    6.34 ^ i_croc_soc/i_croc/_05446_/C (sg13g2_nand3_1)
     4    0.02    0.18    0.21    6.55 v i_croc_soc/i_croc/_05446_/Y (sg13g2_nand3_1)
                                         i_croc_soc/i_croc/_00762_ (net)
                  0.18    0.00    6.55 v i_croc_soc/i_croc/_05452_/A (sg13g2_nor3_2)
     5    0.03    0.20    0.23    6.78 ^ i_croc_soc/i_croc/_05452_/Y (sg13g2_nor3_2)
                                         i_croc_soc/i_croc/_00768_ (net)
                  0.20    0.00    6.78 ^ i_croc_soc/i_croc/_05453_/A (sg13g2_inv_1)
     3    0.01    0.09    0.11    6.90 v i_croc_soc/i_croc/_05453_/Y (sg13g2_inv_1)
                                         i_croc_soc/i_croc/_00769_ (net)
                  0.09    0.00    6.90 v i_croc_soc/i_croc/_05455_/B (sg13g2_and4_1)
     2    0.01    0.04    0.12    7.02 v i_croc_soc/i_croc/_05455_/X (sg13g2_and4_1)
                                         i_croc_soc/i_croc/_00771_ (net)
                  0.04    0.00    7.02 v i_croc_soc/i_croc/_05456_/B1 (sg13g2_o21ai_1)
     5    0.02    0.27    0.12    7.13 ^ i_croc_soc/i_croc/_05456_/Y (sg13g2_o21ai_1)
                                         i_croc_soc/i_croc/_00772_ (net)
                  0.27    0.00    7.13 ^ i_croc_soc/i_croc/_05457_/C (sg13g2_nor3_2)
     3    0.01    0.07    0.10    7.23 v i_croc_soc/i_croc/_05457_/Y (sg13g2_nor3_2)
                                         i_croc_soc/i_croc/_00773_ (net)
                  0.07    0.00    7.23 v i_croc_soc/i_croc/_05458_/D (sg13g2_nor4_2)
     3    0.01    0.18    0.16    7.39 ^ i_croc_soc/i_croc/_05458_/Y (sg13g2_nor4_2)
                                         i_croc_soc/i_croc/_00774_ (net)
                  0.18    0.00    7.39 ^ i_croc_soc/i_croc/_05587_/A_N (sg13g2_nand2b_1)
     3    0.01    0.08    0.15    7.54 ^ i_croc_soc/i_croc/_05587_/Y (sg13g2_nand2b_1)
                                         i_croc_soc/i_croc/_00903_ (net)
                  0.08    0.00    7.54 ^ i_croc_soc/i_croc/_05643_/A (sg13g2_nand2_2)
     2    0.01    0.04    0.06    7.60 v i_croc_soc/i_croc/_05643_/Y (sg13g2_nand2_2)
                                         i_croc_soc/i_croc/_00958_ (net)
                  0.04    0.00    7.60 v fanout2307/A (sg13g2_buf_2)
     4    0.02    0.04    0.09    7.70 v fanout2307/X (sg13g2_buf_2)
                                         net2307 (net)
                  0.04    0.00    7.70 v fanout2306/A (sg13g2_buf_2)
     7    0.03    0.06    0.11    7.81 v fanout2306/X (sg13g2_buf_2)
                                         net2306 (net)
                  0.06    0.00    7.81 v fanout2305/A (sg13g2_buf_2)
     8    0.04    0.07    0.13    7.94 v fanout2305/X (sg13g2_buf_2)
                                         net2305 (net)
                  0.07    0.00    7.94 v i_croc_soc/i_croc/_05645_/B2 (sg13g2_a221oi_1)
     3    0.01    0.18    0.20    8.14 ^ i_croc_soc/i_croc/_05645_/Y (sg13g2_a221oi_1)
                                         i_croc_soc/i_croc/_00960_ (net)
                  0.18    0.00    8.14 ^ i_croc_soc/i_croc/_05652_/C (sg13g2_nand4_1)
     3    0.01    0.17    0.22    8.36 v i_croc_soc/i_croc/_05652_/Y (sg13g2_nand4_1)
                                         i_croc_soc/i_croc/_00967_ (net)
                  0.17    0.00    8.36 v i_croc_soc/i_croc/_05676_/A2 (sg13g2_a21o_2)
     5    0.02    0.06    0.22    8.58 v i_croc_soc/i_croc/_05676_/X (sg13g2_a21o_2)
                                         i_croc_soc/i_croc/_00991_ (net)
                  0.06    0.00    8.58 v i_croc_soc/i_croc/_05677_/B (sg13g2_xnor2_1)
     1    0.01    0.09    0.10    8.68 ^ i_croc_soc/i_croc/_05677_/Y (sg13g2_xnor2_1)
                                         i_croc_soc/i_croc/_00992_ (net)
                  0.09    0.00    8.68 ^ i_croc_soc/i_croc/_05733_/A1 (sg13g2_o21ai_1)
     4    0.02    0.12    0.14    8.82 v i_croc_soc/i_croc/_05733_/Y (sg13g2_o21ai_1)
                                         i_croc_soc/i_croc/_01047_ (net)
                  0.12    0.00    8.82 v i_croc_soc/i_croc/_05734_/B (sg13g2_nand2_2)
     5    0.03    0.09    0.11    8.93 ^ i_croc_soc/i_croc/_05734_/Y (sg13g2_nand2_2)
                                         i_croc_soc/i_croc/_01048_ (net)
                  0.09    0.00    8.93 ^ i_croc_soc/i_croc/_06356_/B (sg13g2_nor2_1)
     2    0.01    0.04    0.06    8.99 v i_croc_soc/i_croc/_06356_/Y (sg13g2_nor2_1)
                                         i_croc_soc/i_croc/_01558_ (net)
                  0.04    0.00    8.99 v i_croc_soc/i_croc/_06357_/C (sg13g2_nand3_1)
     3    0.03    0.13    0.12    9.11 ^ i_croc_soc/i_croc/_06357_/Y (sg13g2_nand3_1)
                                         i_croc_soc/i_croc/_01559_ (net)
                  0.13    0.00    9.11 ^ fanout2183/A (sg13g2_buf_8)
     5    0.07    0.05    0.13    9.24 ^ fanout2183/X (sg13g2_buf_8)
                                         net2183 (net)
                  0.06    0.01    9.25 ^ fanout2182/A (sg13g2_buf_4)
     8    0.08    0.09    0.15    9.40 ^ fanout2182/X (sg13g2_buf_4)
                                         net2182 (net)
                  0.09    0.00    9.41 ^ fanout2181/A (sg13g2_buf_2)
     5    0.02    0.05    0.12    9.53 ^ fanout2181/X (sg13g2_buf_2)
                                         net2181 (net)
                  0.05    0.00    9.53 ^ fanout2180/A (sg13g2_buf_2)
     7    0.03    0.07    0.11    9.64 ^ fanout2180/X (sg13g2_buf_2)
                                         net2180 (net)
                  0.07    0.00    9.64 ^ i_croc_soc/i_croc/_06360_/B (sg13g2_nor2_2)
     3    0.02    0.06    0.07    9.71 v i_croc_soc/i_croc/_06360_/Y (sg13g2_nor2_2)
                                         i_croc_soc/i_croc/all_periph_obi_rsp_157_ (net)
                  0.06    0.00    9.71 v fanout2141/A (sg13g2_buf_2)
     7    0.02    0.05    0.11    9.82 v fanout2141/X (sg13g2_buf_2)
                                         net2141 (net)
                  0.05    0.00    9.82 v i_croc_soc/i_croc/i_gpio/_1354_/A (sg13g2_nand2_1)
     2    0.01    0.06    0.06    9.88 ^ i_croc_soc/i_croc/i_gpio/_1354_/Y (sg13g2_nand2_1)
                                         i_croc_soc/i_croc/i_gpio/_0150_ (net)
                  0.06    0.00    9.88 ^ i_croc_soc/i_croc/i_gpio/_1355_/B (sg13g2_nand3_1)
     1    0.00    0.06    0.09    9.97 v i_croc_soc/i_croc/i_gpio/_1355_/Y (sg13g2_nand3_1)
                                         i_croc_soc/i_croc/i_gpio/_0151_ (net)
                  0.06    0.00    9.97 v i_croc_soc/i_croc/i_gpio/_1356_/B1 (sg13g2_o21ai_1)
     1    0.00    0.09    0.06   10.02 ^ i_croc_soc/i_croc/i_gpio/_1356_/Y (sg13g2_o21ai_1)
                                         i_croc_soc/i_croc/all_periph_obi_rsp_159_ (net)
                  0.09    0.00   10.02 ^ i_croc_soc/i_croc/_07626_/A (sg13g2_inv_1)
     1    0.01    0.04    0.06   10.08 v i_croc_soc/i_croc/_07626_/Y (sg13g2_inv_1)
                                         i_croc_soc/i_croc/_02530_ (net)
                  0.04    0.00   10.09 v i_croc_soc/i_croc/_07628_/A2 (sg13g2_o21ai_1)
     1    0.01    0.09    0.10   10.18 ^ i_croc_soc/i_croc/_07628_/Y (sg13g2_o21ai_1)
                                         i_croc_soc/i_croc/_02532_ (net)
                  0.09    0.00   10.18 ^ i_croc_soc/i_croc/_07632_/A2 (sg13g2_a22oi_1)
     4    0.05    0.32    0.30   10.48 v i_croc_soc/i_croc/_07632_/Y (sg13g2_a22oi_1)
                                         i_croc_soc/i_croc/_02536_ (net)
                  0.32    0.01   10.49 v i_croc_soc/i_croc/_07912_/B (sg13g2_nor2_1)
     1    0.00    0.10    0.12   10.61 ^ i_croc_soc/i_croc/_07912_/Y (sg13g2_nor2_1)
                                         i_croc_soc/i_croc/_02783_ (net)
                  0.10    0.00   10.61 ^ i_croc_soc/i_croc/_07913_/C (sg13g2_nor3_1)
     1    0.01    0.05    0.07   10.68 v i_croc_soc/i_croc/_07913_/Y (sg13g2_nor3_1)
                                         i_croc_soc/i_croc/_02784_ (net)
                  0.05    0.00   10.68 v i_croc_soc/i_croc/_07914_/C (sg13g2_nor3_2)
     5    0.04    0.27    0.23   10.91 ^ i_croc_soc/i_croc/_07914_/Y (sg13g2_nor3_2)
                                         i_croc_soc/i_croc/core_instr_obi_rsp_3_ (net)
                  0.27    0.01   10.91 ^ i_croc_soc/i_croc/i_core_wrap/_6488_/A1 (sg13g2_a21o_1)
     3    0.01    0.06    0.20   11.11 ^ i_croc_soc/i_croc/i_core_wrap/_6488_/X (sg13g2_a21o_1)
                                         i_croc_soc/i_croc/i_core_wrap/_1734_ (net)
                  0.06    0.00   11.11 ^ i_croc_soc/i_croc/i_core_wrap/_6941_/B (sg13g2_or3_2)
     5    0.05    0.11    0.17   11.28 ^ i_croc_soc/i_croc/i_core_wrap/_6941_/X (sg13g2_or3_2)
                                         i_croc_soc/i_croc/i_core_wrap/_2122_ (net)
                  0.11    0.01   11.29 ^ i_croc_soc/i_croc/i_core_wrap/_7023_/C (sg13g2_nand3_1)
     4    0.01    0.16    0.18   11.47 v i_croc_soc/i_croc/i_core_wrap/_7023_/Y (sg13g2_nand3_1)
                                         i_croc_soc/i_croc/i_core_wrap/_2200_ (net)
                  0.16    0.00   11.47 v i_croc_soc/i_croc/i_core_wrap/_7065_/A (sg13g2_inv_1)
     1    0.01    0.05    0.07   11.54 ^ i_croc_soc/i_croc/i_core_wrap/_7065_/Y (sg13g2_inv_1)
                                         i_croc_soc/i_croc/i_core_wrap/_2238_ (net)
                  0.05    0.00   11.54 ^ i_croc_soc/i_croc/i_core_wrap/_7066_/C (sg13g2_nand3_1)
     2    0.01    0.12    0.13   11.66 v i_croc_soc/i_croc/i_core_wrap/_7066_/Y (sg13g2_nand3_1)
                                         i_croc_soc/i_croc/i_core_wrap/_2239_ (net)
                  0.12    0.00   11.66 v i_croc_soc/i_croc/i_core_wrap/_7078_/B (sg13g2_nor2_2)
     3    0.01    0.08    0.09   11.76 ^ i_croc_soc/i_croc/i_core_wrap/_7078_/Y (sg13g2_nor2_2)
                                         i_croc_soc/i_croc/i_core_wrap/_2249_ (net)
                  0.08    0.00   11.76 ^ i_croc_soc/i_croc/i_core_wrap/_7110_/C (sg13g2_nand3_1)
     2    0.01    0.13    0.14   11.90 v i_croc_soc/i_croc/i_core_wrap/_7110_/Y (sg13g2_nand3_1)
                                         i_croc_soc/i_croc/i_core_wrap/_2279_ (net)
                  0.13    0.00   11.90 v i_croc_soc/i_croc/i_core_wrap/_7133_/B (sg13g2_nor2_1)
     2    0.01    0.10    0.11   12.02 ^ i_croc_soc/i_croc/i_core_wrap/_7133_/Y (sg13g2_nor2_1)
                                         i_croc_soc/i_croc/i_core_wrap/_2301_ (net)
                  0.10    0.00   12.02 ^ i_croc_soc/i_croc/i_core_wrap/_7149_/B (sg13g2_and2_1)
     2    0.01    0.05    0.12   12.14 ^ i_croc_soc/i_croc/i_core_wrap/_7149_/X (sg13g2_and2_1)
                                         i_croc_soc/i_croc/i_core_wrap/_2316_ (net)
                  0.05    0.00   12.14 ^ i_croc_soc/i_croc/i_core_wrap/_7160_/B (sg13g2_and2_1)
     2    0.01    0.05    0.10   12.24 ^ i_croc_soc/i_croc/i_core_wrap/_7160_/X (sg13g2_and2_1)
                                         i_croc_soc/i_croc/i_core_wrap/_2326_ (net)
                  0.05    0.00   12.24 ^ i_croc_soc/i_croc/i_core_wrap/_7171_/B (sg13g2_and2_1)
     2    0.01    0.05    0.10   12.35 ^ i_croc_soc/i_croc/i_core_wrap/_7171_/X (sg13g2_and2_1)
                                         i_croc_soc/i_croc/i_core_wrap/_2336_ (net)
                  0.05    0.00   12.35 ^ i_croc_soc/i_croc/i_core_wrap/_7186_/B (sg13g2_and2_1)
     2    0.01    0.05    0.11   12.46 ^ i_croc_soc/i_croc/i_core_wrap/_7186_/X (sg13g2_and2_1)
                                         i_croc_soc/i_croc/i_core_wrap/_2350_ (net)
                  0.05    0.00   12.46 ^ i_croc_soc/i_croc/i_core_wrap/_7239_/B (sg13g2_and3_1)
     2    0.01    0.05    0.13   12.59 ^ i_croc_soc/i_croc/i_core_wrap/_7239_/X (sg13g2_and3_1)
                                         i_croc_soc/i_croc/i_core_wrap/_2400_ (net)
                  0.05    0.00   12.59 ^ i_croc_soc/i_croc/i_core_wrap/_7241_/B (sg13g2_and2_1)
     3    0.01    0.06    0.11   12.70 ^ i_croc_soc/i_croc/i_core_wrap/_7241_/X (sg13g2_and2_1)
                                         i_croc_soc/i_croc/i_core_wrap/_2402_ (net)
                  0.06    0.00   12.71 ^ i_croc_soc/i_croc/i_core_wrap/_7291_/C (sg13g2_and3_1)
     2    0.01    0.05    0.14   12.84 ^ i_croc_soc/i_croc/i_core_wrap/_7291_/X (sg13g2_and3_1)
                                         i_croc_soc/i_croc/i_core_wrap/_2449_ (net)
                  0.05    0.00   12.85 ^ i_croc_soc/i_croc/i_core_wrap/_7296_/B (sg13g2_and2_1)
     3    0.01    0.06    0.12   12.96 ^ i_croc_soc/i_croc/i_core_wrap/_7296_/X (sg13g2_and2_1)
                                         i_croc_soc/i_croc/i_core_wrap/_2453_ (net)
                  0.06    0.00   12.96 ^ i_croc_soc/i_croc/i_core_wrap/_7344_/D (sg13g2_nand4_1)
     1    0.00    0.10    0.13   13.09 v i_croc_soc/i_croc/i_core_wrap/_7344_/Y (sg13g2_nand4_1)
                                         i_croc_soc/i_croc/i_core_wrap/_2498_ (net)
                  0.10    0.00   13.09 v i_croc_soc/i_croc/i_core_wrap/_7345_/A (sg13g2_inv_1)
     2    0.01    0.06    0.07   13.16 ^ i_croc_soc/i_croc/i_core_wrap/_7345_/Y (sg13g2_inv_1)
                                         i_croc_soc/i_croc/i_core_wrap/_2499_ (net)
                  0.06    0.00   13.16 ^ i_croc_soc/i_croc/i_core_wrap/_7346_/C (sg13g2_nand3_1)
     4    0.02    0.15    0.16   13.32 v i_croc_soc/i_croc/i_core_wrap/_7346_/Y (sg13g2_nand3_1)
                                         i_croc_soc/i_croc/i_core_wrap/_2500_ (net)
                  0.15    0.00   13.32 v fanout1574/A (sg13g2_buf_2)
     8    0.03    0.07    0.16   13.48 v fanout1574/X (sg13g2_buf_2)
                                         net1574 (net)
                  0.07    0.00   13.48 v i_croc_soc/i_croc/i_core_wrap/_7417_/B (sg13g2_nor3_1)
     1    0.01    0.11    0.13   13.61 ^ i_croc_soc/i_croc/i_core_wrap/_7417_/Y (sg13g2_nor3_1)
                                         i_croc_soc/i_croc/i_core_wrap/_2565_ (net)
                  0.11    0.00   13.61 ^ i_croc_soc/i_croc/i_core_wrap/_7418_/B (sg13g2_xor2_1)
     1    0.00    0.06    0.13   13.74 ^ i_croc_soc/i_croc/i_core_wrap/_7418_/X (sg13g2_xor2_1)
                                         i_croc_soc/i_croc/i_core_wrap/_2566_ (net)
                  0.06    0.00   13.74 ^ i_croc_soc/i_croc/i_core_wrap/_7425_/A2 (sg13g2_a21o_1)
     1    0.00    0.03    0.11   13.85 ^ i_croc_soc/i_croc/i_core_wrap/_7425_/X (sg13g2_a21o_1)
                                         i_croc_soc/i_croc/i_core_wrap/_0088_ (net)
                  0.03    0.00   13.85 ^ i_croc_soc/i_croc/i_core_wrap/i_ibex.crash_dump_o_93__reg/D (sg13g2_dfrbp_2)
                                 13.85   data arrival time

                         12.50   12.50   clock clk_sys (rise edge)
                          0.00   12.50   clock source latency
     1    0.20    0.34    0.03   12.53 ^ clk_i (in)
                                         clk_i (net)
                  0.34    0.00   12.53 ^ pad_clk_i/pad (sg13g2_IOPadIn)
     1    0.11    0.21    0.13   12.66 ^ pad_clk_i/p2c (sg13g2_IOPadIn)
                                         soc_clk_i (net)
                  0.18    0.04   12.70 ^ clkbuf_0_soc_clk_i/A (sg13g2_buf_8)
     4    0.14    0.09    0.16   12.86 ^ clkbuf_0_soc_clk_i/X (sg13g2_buf_8)
                                         clknet_0_soc_clk_i (net)
                  0.10    0.02   12.88 ^ clkbuf_2_1_0_soc_clk_i/A (sg13g2_buf_16)
     8    0.23    0.07    0.12   13.00 ^ clkbuf_2_1_0_soc_clk_i/X (sg13g2_buf_16)
                                         clknet_2_1_0_soc_clk_i (net)
                  0.11    0.04   13.04 ^ clkbuf_5_14_0_soc_clk_i/A (sg13g2_buf_16)
     4    0.06    0.03    0.11   13.15 ^ clkbuf_5_14_0_soc_clk_i/X (sg13g2_buf_16)
                                         clknet_5_14_0_soc_clk_i (net)
                  0.03    0.00   13.16 ^ clkbuf_7_56__f_soc_clk_i/A (sg13g2_buf_8)
     6    0.12    0.07    0.10   13.26 ^ clkbuf_7_56__f_soc_clk_i/X (sg13g2_buf_8)
                                         clknet_7_56__leaf_soc_clk_i (net)
                  0.07    0.01   13.27 ^ clkbuf_leaf_465_soc_clk_i/A (sg13g2_buf_16)
     8    0.03    0.02    0.09   13.36 ^ clkbuf_leaf_465_soc_clk_i/X (sg13g2_buf_16)
                                         clknet_leaf_465_soc_clk_i (net)
                  0.02    0.00   13.36 ^ i_croc_soc/i_croc/i_core_wrap/i_ibex.crash_dump_o_93__reg/CLK (sg13g2_dfrbp_2)
                         -0.10   13.26   clock uncertainty
                          0.01   13.26   clock reconvergence pessimism
                         -0.12   13.15   library setup time
                                 13.15   data required time
-----------------------------------------------------------------------------
                                 13.15   data required time
                                -13.85   data arrival time
-----------------------------------------------------------------------------
                                 -0.70   slack (VIOLATED)



==========================================================================
05_croc.grt report_check_types -max_slew -max_cap -max_fanout -violators
--------------------------------------------------------------------------

==========================================================================
05_croc.grt max_slew_check_slack
--------------------------------------------------------------------------
-2.4305672645568848

==========================================================================
05_croc.grt max_slew_check_limit
--------------------------------------------------------------------------
1.2000000476837158

==========================================================================
05_croc.grt max_slew_check_slack_limit
--------------------------------------------------------------------------
-2.0255

==========================================================================
05_croc.grt max_fanout_check_slack
--------------------------------------------------------------------------
-1.0

==========================================================================
05_croc.grt max_fanout_check_limit
--------------------------------------------------------------------------
8.0

==========================================================================
05_croc.grt max_fanout_check_slack_limit
--------------------------------------------------------------------------
-0.1250

==========================================================================
05_croc.grt max_capacitance_check_slack
--------------------------------------------------------------------------
-11.160959243774414

==========================================================================
05_croc.grt max_capacitance_check_limit
--------------------------------------------------------------------------
4.21304988861084

==========================================================================
05_croc.grt max_capacitance_check_slack_limit
--------------------------------------------------------------------------
-2.6491

==========================================================================
05_croc.grt max_slew_violation_count
--------------------------------------------------------------------------
max slew violation count 71

==========================================================================
05_croc.grt max_fanout_violation_count
--------------------------------------------------------------------------
max fanout violation count 44

==========================================================================
05_croc.grt max_cap_violation_count
--------------------------------------------------------------------------
max cap violation count 71

==========================================================================
05_croc.grt setup_violation_count
--------------------------------------------------------------------------
setup violation count 97

==========================================================================
05_croc.grt hold_violation_count
--------------------------------------------------------------------------
hold violation count 2

==========================================================================
05_croc.grt critical path delay
--------------------------------------------------------------------------
13.8463

==========================================================================
05_croc.grt critical path slack
--------------------------------------------------------------------------
-0.6991

==========================================================================
05_croc.grt slack div critical path delay
--------------------------------------------------------------------------
-5.049002

==========================================================================
05_croc.grt report_power tt
--------------------------------------------------------------------------
Group                  Internal  Switching    Leakage      Total
                          Power      Power      Power      Power (Watts)
----------------------------------------------------------------
Sequential             2.00e-02   4.45e-04   2.13e-06   2.05e-02  43.4%
Combinational          4.64e-03   4.72e-03   4.98e-06   9.37e-03  19.8%
Clock                  1.18e-02   4.87e-03   1.46e-06   1.67e-02  35.3%
Macro                  0.00e+00   0.00e+00   0.00e+00   0.00e+00   0.0%
Pad                    6.17e-05   6.59e-04   1.08e-07   7.21e-04   1.5%
----------------------------------------------------------------
Total                  3.65e-02   1.07e-02   8.69e-06   4.72e-02 100.0%
                          77.3%      22.6%       0.0%

==========================================================================
05_croc.grt report_design_area
--------------------------------------------------------------------------

==========================================================================
05_croc.grt area by hierarchy
--------------------------------------------------------------------------

--------------------------------------------------------------------------------
Design Area Summary
--------------------------------------------------------------------------------
Die Area:              4995225.0 um2
Core Area:             3254162.688 um2
Total Area:            2564398.4352 um2
Total Active Area:     771198.4352000001 um2

Core Utilization:      0.23698828520278334
Std Cell Utilization:  0.1906372833040325

--------------------------------------------------------------------------------
Hierarchical Area Report
--------------------------------------------------------------------------------
                                                                                Global Area (um^2)                                                              Global Instances                                                                Local Area (um^2)                                                               Local Instances
                                                                                ------------------------------------------------------------------------------- ------------------------------------------------------------------------------- ------------------------------------------------------------------------------- ----------------------------------------------------------------------------
Hierarchy Name                                                                  Total           StdCell         Macro           Cover           Pad             Total           StdCell         Macro           Cover           Pad             Total           StdCell         Macro           Cover           Pad             Total           StdCell         Macro           Cover           Pad             
-----------------------------------------------------------------------------------------------------------------------------------------------------------------------------------------------------------------------------------------------------------------------------------------------------------------------------------------------------------------------------------------------------------
<top>                                                                           2564398.435     584837.366      186361.069      313600.000      1479600.000     34590           34208           2               64              316             1892877.693     99677.693       0.000           313600.000      1479600.000     6350            5970            0               64              316             
  i_croc_soc                                                                    671520.742      485159.674      186361.069      0.000           0.000           28240           28238           2               0               0               195.955         195.955         0.000           0.000           0.000           5               5               0               0               0               
    i_croc                                                                      665899.731      479538.662      186361.069      0.000           0.000           27939           27937           2               0               0               87238.166       87238.166       0.000           0.000           0.000           5789            5789            0               0               0               
      gen_sram_bank\[0\].i_sram                                                 95016.707       1836.173        93180.534       0.000           0.000           186             185             1               0               0               95016.707       1836.173        93180.534       0.000           0.000           186             185             1               0               0               
      gen_sram_bank\[1\].i_sram                                                 95022.150       1841.616        93180.534       0.000           0.000           186             185             1               0               0               95022.150       1841.616        93180.534       0.000           0.000           186             185             1               0               0               
      i_core_wrap                                                               214198.992      214198.992      0.000           0.000           0.000           11715           11715           0               0               0               68802.048       68802.048       0.000           0.000           0.000           4927            4927            0               0               0               
        i_ibex.cs_registers_i                                                   53873.165       53873.165       0.000           0.000           0.000           3114            3114            0               0               0               53873.165       53873.165       0.000           0.000           0.000           3114            3114            0               0               0               
        i_ibex.register_file_i                                                  91523.779       91523.779       0.000           0.000           0.000           3674            3674            0               0               0               91523.779       91523.779       0.000           0.000           0.000           3674            3674            0               0               0               
      i_dm_top.i_dm_top                                                         73940.429       73940.429       0.000           0.000           0.000           4686            4686            0               0               0               73940.429       73940.429       0.000           0.000           0.000           4686            4686            0               0               0               
      i_dmi_jtag                                                                38964.240       38964.240       0.000           0.000           0.000           2185            2185            0               0               0               15262.733       15262.733       0.000           0.000           0.000           998             998             0               0               0               
        i_dmi_cdc.i_cdc_req                                                     12628.224       12628.224       0.000           0.000           0.000           621             621             0               0               0               235.872         235.872         0.000           0.000           0.000           8               8               0               0               0               
          i_cdc_reset_ctrlr                                                     4046.112        4046.112        0.000           0.000           0.000           258             258             0               0               0               0.000           0.000           0.000           0.000           0.000           0               0               0               0               0               
            i_cdc_reset_ctrlr_half_a                                            2035.757        2035.757        0.000           0.000           0.000           131             131             0               0               0               1046.909        1046.909        0.000           0.000           0.000           83              83              0               0               0               
              i_state_transition_cdc_dst                                        373.766         373.766         0.000           0.000           0.000           19              19              0               0               0               279.418         279.418         0.000           0.000           0.000           17              17              0               0               0               
                i_sync                                                          94.349          94.349          0.000           0.000           0.000           2               2               0               0               0               94.349          94.349          0.000           0.000           0.000           2               2               0               0               0               
              i_state_transition_cdc_src                                        615.082         615.082         0.000           0.000           0.000           29              29              0               0               0               513.475         513.475         0.000           0.000           0.000           27              27              0               0               0               
                i_sync                                                          101.606         101.606         0.000           0.000           0.000           2               2               0               0               0               101.606         101.606         0.000           0.000           0.000           2               2               0               0               0               
            i_cdc_reset_ctrlr_half_b                                            2010.355        2010.355        0.000           0.000           0.000           127             127             0               0               0               1028.765        1028.765        0.000           0.000           0.000           79              79              0               0               0               
              i_state_transition_cdc_dst                                        373.766         373.766         0.000           0.000           0.000           19              19              0               0               0               279.418         279.418         0.000           0.000           0.000           17              17              0               0               0               
                i_sync                                                          94.349          94.349          0.000           0.000           0.000           2               2               0               0               0               94.349          94.349          0.000           0.000           0.000           2               2               0               0               0               
              i_state_transition_cdc_src                                        607.824         607.824         0.000           0.000           0.000           29              29              0               0               0               513.475         513.475         0.000           0.000           0.000           27              27              0               0               0               
                i_sync                                                          94.349          94.349          0.000           0.000           0.000           2               2               0               0               0               94.349          94.349          0.000           0.000           0.000           2               2               0               0               0               
          i_dst                                                                 4267.469        4267.469        0.000           0.000           0.000           178             178             0               0               0               4125.946        4125.946        0.000           0.000           0.000           175             175             0               0               0               
            i_sync                                                              141.523         141.523         0.000           0.000           0.000           3               3               0               0               0               141.523         141.523         0.000           0.000           0.000           3               3               0               0               0               
          i_src                                                                 4078.771        4078.771        0.000           0.000           0.000           177             177             0               0               0               3937.248        3937.248        0.000           0.000           0.000           174             174             0               0               0               
            i_sync                                                              141.523         141.523         0.000           0.000           0.000           3               3               0               0               0               141.523         141.523         0.000           0.000           0.000           3               3               0               0               0               
        i_dmi_cdc.i_cdc_resp                                                    11042.438       11042.438       0.000           0.000           0.000           563             563             0               0               0               243.130         243.130         0.000           0.000           0.000           9               9               0               0               0               
          i_cdc_reset_ctrlr                                                     4020.710        4020.710        0.000           0.000           0.000           255             255             0               0               0               0.000           0.000           0.000           0.000           0.000           0               0               0               0               0               
            i_cdc_reset_ctrlr_half_a                                            2033.942        2033.942        0.000           0.000           0.000           133             133             0               0               0               1045.094        1045.094        0.000           0.000           0.000           85              85              0               0               0               
              i_state_transition_cdc_dst                                        373.766         373.766         0.000           0.000           0.000           19              19              0               0               0               279.418         279.418         0.000           0.000           0.000           17              17              0               0               0               
                i_sync                                                          94.349          94.349          0.000           0.000           0.000           2               2               0               0               0               94.349          94.349          0.000           0.000           0.000           2               2               0               0               0               
              i_state_transition_cdc_src                                        615.082         615.082         0.000           0.000           0.000           29              29              0               0               0               513.475         513.475         0.000           0.000           0.000           27              27              0               0               0               
                i_sync                                                          101.606         101.606         0.000           0.000           0.000           2               2               0               0               0               101.606         101.606         0.000           0.000           0.000           2               2               0               0               0               
            i_cdc_reset_ctrlr_half_b                                            1986.768        1986.768        0.000           0.000           0.000           122             122             0               0               0               997.920         997.920         0.000           0.000           0.000           74              74              0               0               0               
              i_state_transition_cdc_dst                                        373.766         373.766         0.000           0.000           0.000           19              19              0               0               0               279.418         279.418         0.000           0.000           0.000           17              17              0               0               0               
                i_sync                                                          94.349          94.349          0.000           0.000           0.000           2               2               0               0               0               94.349          94.349          0.000           0.000           0.000           2               2               0               0               0               
              i_state_transition_cdc_src                                        615.082         615.082         0.000           0.000           0.000           29              29              0               0               0               513.475         513.475         0.000           0.000           0.000           27              27              0               0               0               
                i_sync                                                          101.606         101.606         0.000           0.000           0.000           2               2               0               0               0               101.606         101.606         0.000           0.000           0.000           2               2               0               0               0               
          i_dst                                                                 3421.958        3421.958        0.000           0.000           0.000           150             150             0               0               0               3280.435        3280.435        0.000           0.000           0.000           147             147             0               0               0               
            i_sync                                                              141.523         141.523         0.000           0.000           0.000           3               3               0               0               0               141.523         141.523         0.000           0.000           0.000           3               3               0               0               0               
          i_src                                                                 3356.640        3356.640        0.000           0.000           0.000           149             149             0               0               0               3215.117        3215.117        0.000           0.000           0.000           146             146             0               0               0               
            i_sync                                                              141.523         141.523         0.000           0.000           0.000           3               3               0               0               0               141.523         141.523         0.000           0.000           0.000           3               3               0               0               0               
        i_dmi_jtag_tap.i_dft_tck_mux                                            25.402          25.402          0.000           0.000           0.000           2               2               0               0               0               25.402          25.402          0.000           0.000           0.000           2               2               0               0               0               
        i_dmi_jtag_tap.i_tck_inv                                                5.443           5.443           0.000           0.000           0.000           1               1               0               0               0               5.443           5.443           0.000           0.000           0.000           1               1               0               0               0               
      i_gpio                                                                    27471.830       27471.830       0.000           0.000           0.000           1347            1347            0               0               0               24314.774       24314.774       0.000           0.000           0.000           1283            1283            0               0               0               
        gen_gpios\[0\].i_sync                                                   101.606         101.606         0.000           0.000           0.000           2               2               0               0               0               101.606         101.606         0.000           0.000           0.000           2               2               0               0               0               
        gen_gpios\[10\].i_sync                                                  94.349          94.349          0.000           0.000           0.000           2               2               0               0               0               94.349          94.349          0.000           0.000           0.000           2               2               0               0               0               
        gen_gpios\[11\].i_sync                                                  94.349          94.349          0.000           0.000           0.000           2               2               0               0               0               94.349          94.349          0.000           0.000           0.000           2               2               0               0               0               
        gen_gpios\[12\].i_sync                                                  94.349          94.349          0.000           0.000           0.000           2               2               0               0               0               94.349          94.349          0.000           0.000           0.000           2               2               0               0               0               
        gen_gpios\[13\].i_sync                                                  94.349          94.349          0.000           0.000           0.000           2               2               0               0               0               94.349          94.349          0.000           0.000           0.000           2               2               0               0               0               
        gen_gpios\[14\].i_sync                                                  94.349          94.349          0.000           0.000           0.000           2               2               0               0               0               94.349          94.349          0.000           0.000           0.000           2               2               0               0               0               
        gen_gpios\[15\].i_sync                                                  94.349          94.349          0.000           0.000           0.000           2               2               0               0               0               94.349          94.349          0.000           0.000           0.000           2               2               0               0               0               
        gen_gpios\[16\].i_sync                                                  101.606         101.606         0.000           0.000           0.000           2               2               0               0               0               101.606         101.606         0.000           0.000           0.000           2               2               0               0               0               
        gen_gpios\[17\].i_sync                                                  94.349          94.349          0.000           0.000           0.000           2               2               0               0               0               94.349          94.349          0.000           0.000           0.000           2               2               0               0               0               
        gen_gpios\[18\].i_sync                                                  101.606         101.606         0.000           0.000           0.000           2               2               0               0               0               101.606         101.606         0.000           0.000           0.000           2               2               0               0               0               
        gen_gpios\[19\].i_sync                                                  101.606         101.606         0.000           0.000           0.000           2               2               0               0               0               101.606         101.606         0.000           0.000           0.000           2               2               0               0               0               
        gen_gpios\[1\].i_sync                                                   101.606         101.606         0.000           0.000           0.000           2               2               0               0               0               101.606         101.606         0.000           0.000           0.000           2               2               0               0               0               
        gen_gpios\[20\].i_sync                                                  101.606         101.606         0.000           0.000           0.000           2               2               0               0               0               101.606         101.606         0.000           0.000           0.000           2               2               0               0               0               
        gen_gpios\[21\].i_sync                                                  101.606         101.606         0.000           0.000           0.000           2               2               0               0               0               101.606         101.606         0.000           0.000           0.000           2               2               0               0               0               
        gen_gpios\[22\].i_sync                                                  101.606         101.606         0.000           0.000           0.000           2               2               0               0               0               101.606         101.606         0.000           0.000           0.000           2               2               0               0               0               
        gen_gpios\[23\].i_sync                                                  101.606         101.606         0.000           0.000           0.000           2               2               0               0               0               101.606         101.606         0.000           0.000           0.000           2               2               0               0               0               
        gen_gpios\[24\].i_sync                                                  101.606         101.606         0.000           0.000           0.000           2               2               0               0               0               101.606         101.606         0.000           0.000           0.000           2               2               0               0               0               
        gen_gpios\[25\].i_sync                                                  101.606         101.606         0.000           0.000           0.000           2               2               0               0               0               101.606         101.606         0.000           0.000           0.000           2               2               0               0               0               
        gen_gpios\[26\].i_sync                                                  101.606         101.606         0.000           0.000           0.000           2               2               0               0               0               101.606         101.606         0.000           0.000           0.000           2               2               0               0               0               
        gen_gpios\[27\].i_sync                                                  94.349          94.349          0.000           0.000           0.000           2               2               0               0               0               94.349          94.349          0.000           0.000           0.000           2               2               0               0               0               
        gen_gpios\[28\].i_sync                                                  94.349          94.349          0.000           0.000           0.000           2               2               0               0               0               94.349          94.349          0.000           0.000           0.000           2               2               0               0               0               
        gen_gpios\[29\].i_sync                                                  94.349          94.349          0.000           0.000           0.000           2               2               0               0               0               94.349          94.349          0.000           0.000           0.000           2               2               0               0               0               
        gen_gpios\[2\].i_sync                                                   101.606         101.606         0.000           0.000           0.000           2               2               0               0               0               101.606         101.606         0.000           0.000           0.000           2               2               0               0               0               
        gen_gpios\[30\].i_sync                                                  94.349          94.349          0.000           0.000           0.000           2               2               0               0               0               94.349          94.349          0.000           0.000           0.000           2               2               0               0               0               
        gen_gpios\[31\].i_sync                                                  101.606         101.606         0.000           0.000           0.000           2               2               0               0               0               101.606         101.606         0.000           0.000           0.000           2               2               0               0               0               
        gen_gpios\[3\].i_sync                                                   101.606         101.606         0.000           0.000           0.000           2               2               0               0               0               101.606         101.606         0.000           0.000           0.000           2               2               0               0               0               
        gen_gpios\[4\].i_sync                                                   108.864         108.864         0.000           0.000           0.000           2               2               0               0               0               108.864         108.864         0.000           0.000           0.000           2               2               0               0               0               
        gen_gpios\[5\].i_sync                                                   94.349          94.349          0.000           0.000           0.000           2               2               0               0               0               94.349          94.349          0.000           0.000           0.000           2               2               0               0               0               
        gen_gpios\[6\].i_sync                                                   94.349          94.349          0.000           0.000           0.000           2               2               0               0               0               94.349          94.349          0.000           0.000           0.000           2               2               0               0               0               
        gen_gpios\[7\].i_sync                                                   94.349          94.349          0.000           0.000           0.000           2               2               0               0               0               94.349          94.349          0.000           0.000           0.000           2               2               0               0               0               
        gen_gpios\[8\].i_sync                                                   101.606         101.606         0.000           0.000           0.000           2               2               0               0               0               101.606         101.606         0.000           0.000           0.000           2               2               0               0               0               
        gen_gpios\[9\].i_sync                                                   101.606         101.606         0.000           0.000           0.000           2               2               0               0               0               101.606         101.606         0.000           0.000           0.000           2               2               0               0               0               
      i_soc_ctrl                                                                5604.682        5604.682        0.000           0.000           0.000           239             239             0               0               0               5604.682        5604.682        0.000           0.000           0.000           239             239             0               0               0               
      i_timer                                                                   27941.760       27941.760       0.000           0.000           0.000           1592            1592            0               0               0               27941.760       27941.760       0.000           0.000           0.000           1592            1592            0               0               0               
      i_uart.i_uart_modem.i_sync_cd                                             101.606         101.606         0.000           0.000           0.000           3               3               0               0               0               101.606         101.606         0.000           0.000           0.000           3               3               0               0               0               
      i_uart.i_uart_modem.i_sync_cts                                            101.606         101.606         0.000           0.000           0.000           3               3               0               0               0               101.606         101.606         0.000           0.000           0.000           3               3               0               0               0               
      i_uart.i_uart_modem.i_sync_dsr                                            101.606         101.606         0.000           0.000           0.000           3               3               0               0               0               101.606         101.606         0.000           0.000           0.000           3               3               0               0               0               
      i_uart.i_uart_modem.i_sync_ri                                             101.606         101.606         0.000           0.000           0.000           3               3               0               0               0               101.606         101.606         0.000           0.000           0.000           3               3               0               0               0               
      i_uart.i_uart_rx.i_sync                                                   94.349          94.349          0.000           0.000           0.000           2               2               0               0               0               94.349          94.349          0.000           0.000           0.000           2               2               0               0               0               
    i_ext_intr_sync                                                             101.606         101.606         0.000           0.000           0.000           2               2               0               0               0               101.606         101.606         0.000           0.000           0.000           2               2               0               0               0               
    i_rstgen.i_rstgen_bypass.i_tc_clk_mux2_init_no                              32.659          32.659          0.000           0.000           0.000           3               3               0               0               0               32.659          32.659          0.000           0.000           0.000           3               3               0               0               0               
    i_rstgen.i_rstgen_bypass.i_tc_clk_mux2_rst_n                                27.216          27.216          0.000           0.000           0.000           2               2               0               0               0               27.216          27.216          0.000           0.000           0.000           2               2               0               0               0               
    i_rstgen.i_rstgen_bypass.i_tc_clk_mux2_rst_no                               25.402          25.402          0.000           0.000           0.000           2               2               0               0               0               25.402          25.402          0.000           0.000           0.000           2               2               0               0               0               
    i_user                                                                      5238.173        5238.173        0.000           0.000           0.000           287             287             0               0               0               5238.173        5238.173        0.000           0.000           0.000           287             287             0               0               0               
