
==========================================================================
06_croc.drt check_setup
--------------------------------------------------------------------------
0

==========================================================================
06_croc.drt report_tns
--------------------------------------------------------------------------
tns -0.26

==========================================================================
06_croc.drt report_wns
--------------------------------------------------------------------------
wns -0.22

==========================================================================
06_croc.drt report_worst_slack
--------------------------------------------------------------------------
worst slack -0.22

==========================================================================
06_croc.drt report_checks -path_delay min
--------------------------------------------------------------------------
Startpoint: i_croc_soc/i_rstgen.i_rstgen_bypass.synch_regs_q_3__reg
            (rising edge-triggered flip-flop clocked by clk_sys)
Endpoint: i_croc_soc/i_croc/i_gpio/gen_gpios[22].i_sync/reg_q_0__reg
          (removal check against rising-edge clock clk_sys)
Path Group: asynchronous
Path Type: min
Corner: ff

Fanout     Cap    Slew   Delay    Time   Description
-----------------------------------------------------------------------------
                          0.00    0.00   clock clk_sys (rise edge)
                          0.00    0.00   clock source latency
     1    0.20    0.25    0.02    0.02 ^ clk_i (in)
                                         clk_i (net)
                  0.25    0.00    0.02 ^ pad_clk_i/pad (sg13g2_IOPadIn)
     1    0.09    0.12    0.07    0.10 ^ pad_clk_i/p2c (sg13g2_IOPadIn)
                                         soc_clk_i (net)
                  0.11    0.03    0.12 ^ clkbuf_0_soc_clk_i/A (sg13g2_buf_8)
     4    0.14    0.06    0.10    0.22 ^ clkbuf_0_soc_clk_i/X (sg13g2_buf_8)
                                         clknet_0_soc_clk_i (net)
                  0.07    0.02    0.24 ^ clkbuf_2_3_0_soc_clk_i/A (sg13g2_buf_16)
     2    0.08    0.02    0.07    0.31 ^ clkbuf_2_3_0_soc_clk_i/X (sg13g2_buf_16)
                                         clknet_2_3_0_soc_clk_i (net)
                  0.03    0.01    0.31 ^ clkbuf_3_6_0_soc_clk_i/A (sg13g2_buf_16)
    16    0.40    0.06    0.07    0.38 ^ clkbuf_3_6_0_soc_clk_i/X (sg13g2_buf_16)
                                         clknet_3_6_0_soc_clk_i (net)
                  0.12    0.05    0.43 ^ clkbuf_7_98_0_soc_clk_i/A (sg13g2_buf_16)
     6    0.18    0.04    0.09    0.52 ^ clkbuf_7_98_0_soc_clk_i/X (sg13g2_buf_16)
                                         clknet_7_98_0_soc_clk_i (net)
                  0.07    0.03    0.55 ^ clkbuf_leaf_717_soc_clk_i/A (sg13g2_buf_16)
     5    0.03    0.02    0.07    0.62 ^ clkbuf_leaf_717_soc_clk_i/X (sg13g2_buf_16)
                                         clknet_leaf_717_soc_clk_i (net)
                  0.02    0.00    0.62 ^ i_croc_soc/i_rstgen.i_rstgen_bypass.synch_regs_q_3__reg/CLK (sg13g2_dfrbp_1)
     2    0.01    0.03    0.14    0.76 ^ i_croc_soc/i_rstgen.i_rstgen_bypass.synch_regs_q_3__reg/Q (sg13g2_dfrbp_1)
                                         i_croc_soc/i_rstgen.i_rstgen_bypass.synch_regs_q_3_ (net)
                  0.03    0.00    0.76 ^ i_croc_soc/i_rstgen.i_rstgen_bypass.i_tc_clk_mux2_rst_no/i_mux/A0 (sg13g2_mux2_2)
    23    0.16    0.21    0.18    0.95 ^ i_croc_soc/i_rstgen.i_rstgen_bypass.i_tc_clk_mux2_rst_no/i_mux/X (sg13g2_mux2_2)
                                         i_croc_soc/i_rstgen.i_rstgen_bypass.rst_no (net)
                  0.25    0.07    1.01 ^ fanout4723/A (sg13g2_buf_8)
     4    0.08    0.04    0.12    1.13 ^ fanout4723/X (sg13g2_buf_8)
                                         net4723 (net)
                  0.05    0.02    1.15 ^ fanout4722/A (sg13g2_buf_8)
     8    0.08    0.03    0.07    1.22 ^ fanout4722/X (sg13g2_buf_8)
                                         net4722 (net)
                  0.04    0.01    1.22 ^ i_croc_soc/i_croc/i_gpio/gen_gpios[22].i_sync/reg_q_0__reg/RESET_B (sg13g2_dfrbp_1)
                                  1.22   data arrival time

                          0.00    0.00   clock clk_sys (rise edge)
                          0.00    0.00   clock source latency
     1    0.24    0.26    0.03    0.03 ^ clk_i (in)
                                         clk_i (net)
                  0.26    0.00    0.03 ^ pad_clk_i/pad (sg13g2_IOPadIn)
     1    0.09    0.12    0.07    0.10 ^ pad_clk_i/p2c (sg13g2_IOPadIn)
                                         soc_clk_i (net)
                  0.11    0.03    0.13 ^ clkbuf_0_soc_clk_i/A (sg13g2_buf_8)
     4    0.14    0.06    0.10    0.23 ^ clkbuf_0_soc_clk_i/X (sg13g2_buf_8)
                                         clknet_0_soc_clk_i (net)
                  0.07    0.02    0.25 ^ clkbuf_2_1_0_soc_clk_i/A (sg13g2_buf_16)
     2    0.08    0.02    0.07    0.31 ^ clkbuf_2_1_0_soc_clk_i/X (sg13g2_buf_16)
                                         clknet_2_1_0_soc_clk_i (net)
                  0.03    0.01    0.32 ^ clkbuf_3_3_0_soc_clk_i/A (sg13g2_buf_16)
    16    0.41    0.07    0.07    0.40 ^ clkbuf_3_3_0_soc_clk_i/X (sg13g2_buf_16)
                                         clknet_3_3_0_soc_clk_i (net)
                  0.11    0.05    0.44 ^ clkbuf_7_61_0_soc_clk_i/A (sg13g2_buf_16)
     6    0.14    0.03    0.09    0.53 ^ clkbuf_7_61_0_soc_clk_i/X (sg13g2_buf_16)
                                         clknet_7_61_0_soc_clk_i (net)
                  0.05    0.02    0.55 ^ clkbuf_leaf_266_soc_clk_i/A (sg13g2_buf_16)
     7    0.04    0.02    0.06    0.60 ^ clkbuf_leaf_266_soc_clk_i/X (sg13g2_buf_16)
                                         clknet_leaf_266_soc_clk_i (net)
                  0.02    0.00    0.60 ^ i_croc_soc/i_croc/i_gpio/gen_gpios[22].i_sync/reg_q_0__reg/CLK (sg13g2_dfrbp_1)
                          0.10    0.70   clock uncertainty
                          0.00    0.70   clock reconvergence pessimism
                         -0.07    0.63   library removal time
                                  0.63   data required time
-----------------------------------------------------------------------------
                                  0.63   data required time
                                 -1.22   data arrival time
-----------------------------------------------------------------------------
                                  0.59   slack (MET)


Startpoint: i_croc_soc/i_croc/i_dmi_jtag/i_dmi_jtag_tap.idcode_q_10__reg
            (rising edge-triggered flip-flop clocked by clk_jtg)
Endpoint: i_croc_soc/i_croc/i_dmi_jtag/i_dmi_jtag_tap.idcode_q_9__reg
          (rising edge-triggered flip-flop clocked by clk_jtg)
Path Group: clk_jtg
Path Type: min
Corner: ff

Fanout     Cap    Slew   Delay    Time   Description
-----------------------------------------------------------------------------
                          0.00    0.00   clock clk_jtg (rise edge)
                          0.00    0.00   clock source latency
     1    0.20    0.25    0.02    0.02 ^ jtag_tck_i (in)
                                         jtag_tck_i (net)
                  0.25    0.00    0.02 ^ pad_jtag_tck_i/pad (sg13g2_IOPadIn)
     1    0.08    0.10    0.07    0.09 ^ pad_jtag_tck_i/p2c (sg13g2_IOPadIn)
                                         soc_jtag_tck_i (net)
                  0.09    0.02    0.11 ^ clkbuf_0_soc_jtag_tck_i/A (sg13g2_buf_8)
     8    0.12    0.05    0.09    0.20 ^ clkbuf_0_soc_jtag_tck_i/X (sg13g2_buf_8)
                                         clknet_0_soc_jtag_tck_i (net)
                  0.05    0.01    0.21 ^ clkbuf_3_0__f_soc_jtag_tck_i/A (sg13g2_buf_8)
     5    0.11    0.05    0.08    0.29 ^ clkbuf_3_0__f_soc_jtag_tck_i/X (sg13g2_buf_8)
                                         clknet_3_0__leaf_soc_jtag_tck_i (net)
                  0.05    0.01    0.30 ^ clkbuf_leaf_1_soc_jtag_tck_i/A (sg13g2_buf_16)
     9    0.04    0.02    0.06    0.35 ^ clkbuf_leaf_1_soc_jtag_tck_i/X (sg13g2_buf_16)
                                         clknet_leaf_1_soc_jtag_tck_i (net)
                  0.02    0.00    0.36 ^ i_croc_soc/i_croc/i_dmi_jtag/i_dmi_jtag_tap.idcode_q_10__reg/CLK (sg13g2_dfrbp_1)
     2    0.01    0.04    0.12    0.47 v i_croc_soc/i_croc/i_dmi_jtag/i_dmi_jtag_tap.idcode_q_10__reg/Q_N (sg13g2_dfrbp_1)
                                         i_croc_soc/i_croc/i_dmi_jtag/i_dmi_jtag_tap.idcode_q_10_ (net)
                  0.04    0.00    0.47 v i_croc_soc/i_croc/i_dmi_jtag/_2109_/B2 (sg13g2_a22oi_1)
     1    0.00    0.03    0.04    0.51 ^ i_croc_soc/i_croc/i_dmi_jtag/_2109_/Y (sg13g2_a22oi_1)
                                         i_croc_soc/i_croc/i_dmi_jtag/_0396_ (net)
                  0.03    0.00    0.51 ^ i_croc_soc/i_croc/i_dmi_jtag/_2110_/B (sg13g2_nor2_1)
     1    0.00    0.02    0.03    0.54 v i_croc_soc/i_croc/i_dmi_jtag/_2110_/Y (sg13g2_nor2_1)
                                         i_croc_soc/i_croc/i_dmi_jtag/i_dmi_jtag_tap.idcode_d_9_ (net)
                  0.02    0.00    0.54 v i_croc_soc/i_croc/i_dmi_jtag/i_dmi_jtag_tap.idcode_q_9__reg/D (sg13g2_dfrbp_1)
                                  0.54   data arrival time

                          0.00    0.00   clock clk_jtg (rise edge)
                          0.00    0.00   clock source latency
     1    0.24    0.26    0.03    0.03 ^ jtag_tck_i (in)
                                         jtag_tck_i (net)
                  0.26    0.00    0.03 ^ pad_jtag_tck_i/pad (sg13g2_IOPadIn)
     1    0.08    0.10    0.07    0.10 ^ pad_jtag_tck_i/p2c (sg13g2_IOPadIn)
                                         soc_jtag_tck_i (net)
                  0.09    0.02    0.12 ^ clkbuf_0_soc_jtag_tck_i/A (sg13g2_buf_8)
     8    0.12    0.05    0.09    0.21 ^ clkbuf_0_soc_jtag_tck_i/X (sg13g2_buf_8)
                                         clknet_0_soc_jtag_tck_i (net)
                  0.05    0.01    0.22 ^ clkbuf_3_0__f_soc_jtag_tck_i/A (sg13g2_buf_8)
     5    0.11    0.05    0.08    0.30 ^ clkbuf_3_0__f_soc_jtag_tck_i/X (sg13g2_buf_8)
                                         clknet_3_0__leaf_soc_jtag_tck_i (net)
                  0.05    0.01    0.30 ^ clkbuf_leaf_0_soc_jtag_tck_i/A (sg13g2_buf_16)
     9    0.04    0.02    0.06    0.36 ^ clkbuf_leaf_0_soc_jtag_tck_i/X (sg13g2_buf_16)
                                         clknet_leaf_0_soc_jtag_tck_i (net)
                  0.02    0.00    0.36 ^ i_croc_soc/i_croc/i_dmi_jtag/i_dmi_jtag_tap.idcode_q_9__reg/CLK (sg13g2_dfrbp_1)
                          0.10    0.46   clock uncertainty
                          0.00    0.46   clock reconvergence pessimism
                         -0.02    0.44   library hold time
                                  0.44   data required time
-----------------------------------------------------------------------------
                                  0.44   data required time
                                 -0.54   data arrival time
-----------------------------------------------------------------------------
                                  0.10   slack (MET)


Startpoint: i_croc_soc/i_croc/i_uart.i_uart_baudgen.reg_read_i_22__reg
            (rising edge-triggered flip-flop clocked by clk_sys)
Endpoint: i_croc_soc/i_croc/i_uart.i_uart_modem.sync_dsr_n_q_reg
          (rising edge-triggered flip-flop clocked by clk_sys)
Path Group: clk_sys
Path Type: min
Corner: ff

Fanout     Cap    Slew   Delay    Time   Description
-----------------------------------------------------------------------------
                          0.00    0.00   clock clk_sys (rise edge)
                          0.00    0.00   clock source latency
     1    0.20    0.25    0.02    0.02 ^ clk_i (in)
                                         clk_i (net)
                  0.25    0.00    0.02 ^ pad_clk_i/pad (sg13g2_IOPadIn)
     1    0.09    0.12    0.07    0.10 ^ pad_clk_i/p2c (sg13g2_IOPadIn)
                                         soc_clk_i (net)
                  0.11    0.03    0.12 ^ clkbuf_0_soc_clk_i/A (sg13g2_buf_8)
     4    0.14    0.06    0.10    0.22 ^ clkbuf_0_soc_clk_i/X (sg13g2_buf_8)
                                         clknet_0_soc_clk_i (net)
                  0.07    0.02    0.24 ^ clkbuf_2_2_0_soc_clk_i/A (sg13g2_buf_16)
     2    0.08    0.02    0.07    0.31 ^ clkbuf_2_2_0_soc_clk_i/X (sg13g2_buf_16)
                                         clknet_2_2_0_soc_clk_i (net)
                  0.03    0.01    0.32 ^ clkbuf_3_5_0_soc_clk_i/A (sg13g2_buf_16)
    16    0.39    0.07    0.08    0.40 ^ clkbuf_3_5_0_soc_clk_i/X (sg13g2_buf_16)
                                         clknet_3_5_0_soc_clk_i (net)
                  0.09    0.03    0.42 ^ clkbuf_7_88_0_soc_clk_i/A (sg13g2_buf_16)
     6    0.13    0.03    0.08    0.50 ^ clkbuf_7_88_0_soc_clk_i/X (sg13g2_buf_16)
                                         clknet_7_88_0_soc_clk_i (net)
                  0.04    0.01    0.51 ^ clkbuf_leaf_629_soc_clk_i/A (sg13g2_buf_16)
     8    0.04    0.02    0.05    0.56 ^ clkbuf_leaf_629_soc_clk_i/X (sg13g2_buf_16)
                                         clknet_leaf_629_soc_clk_i (net)
                  0.02    0.00    0.56 ^ i_croc_soc/i_croc/i_uart.i_uart_baudgen.reg_read_i_22__reg/CLK (sg13g2_dfrbp_1)
     2    0.01    0.03    0.11    0.68 ^ i_croc_soc/i_croc/i_uart.i_uart_baudgen.reg_read_i_22__reg/Q_N (sg13g2_dfrbp_1)
                                         i_croc_soc/i_croc/i_uart.i_uart_modem.sync_dsr_n_d_$_MUX__Y_B (net)
                  0.03    0.00    0.68 ^ i_croc_soc/i_croc/_05307_/A2 (sg13g2_a21oi_1)
     2    0.01    0.04    0.07    0.74 v i_croc_soc/i_croc/_05307_/Y (sg13g2_a21oi_1)
                                         i_croc_soc/i_croc/_00011_ (net)
                  0.04    0.00    0.74 v i_croc_soc/i_croc/i_uart.i_uart_modem.sync_dsr_n_q_reg/D (sg13g2_dfrbp_1)
                                  0.74   data arrival time

                          0.00    0.00   clock clk_sys (rise edge)
                          0.00    0.00   clock source latency
     1    0.24    0.26    0.03    0.03 ^ clk_i (in)
                                         clk_i (net)
                  0.26    0.00    0.03 ^ pad_clk_i/pad (sg13g2_IOPadIn)
     1    0.09    0.12    0.07    0.10 ^ pad_clk_i/p2c (sg13g2_IOPadIn)
                                         soc_clk_i (net)
                  0.11    0.03    0.13 ^ clkbuf_0_soc_clk_i/A (sg13g2_buf_8)
     4    0.14    0.06    0.10    0.23 ^ clkbuf_0_soc_clk_i/X (sg13g2_buf_8)
                                         clknet_0_soc_clk_i (net)
                  0.07    0.02    0.25 ^ clkbuf_2_2_0_soc_clk_i/A (sg13g2_buf_16)
     2    0.08    0.02    0.07    0.31 ^ clkbuf_2_2_0_soc_clk_i/X (sg13g2_buf_16)
                                         clknet_2_2_0_soc_clk_i (net)
                  0.03    0.01    0.33 ^ clkbuf_3_5_0_soc_clk_i/A (sg13g2_buf_16)
    16    0.39    0.07    0.08    0.40 ^ clkbuf_3_5_0_soc_clk_i/X (sg13g2_buf_16)
                                         clknet_3_5_0_soc_clk_i (net)
                  0.09    0.03    0.43 ^ clkbuf_7_90_0_soc_clk_i/A (sg13g2_buf_16)
     6    0.14    0.03    0.08    0.51 ^ clkbuf_7_90_0_soc_clk_i/X (sg13g2_buf_16)
                                         clknet_7_90_0_soc_clk_i (net)
                  0.04    0.00    0.52 ^ clkbuf_leaf_630_soc_clk_i/A (sg13g2_buf_16)
     8    0.04    0.02    0.05    0.57 ^ clkbuf_leaf_630_soc_clk_i/X (sg13g2_buf_16)
                                         clknet_leaf_630_soc_clk_i (net)
                  0.02    0.00    0.57 ^ i_croc_soc/i_croc/i_uart.i_uart_modem.sync_dsr_n_q_reg/CLK (sg13g2_dfrbp_1)
                          0.10    0.67   clock uncertainty
                          0.00    0.67   clock reconvergence pessimism
                         -0.02    0.64   library hold time
                                  0.64   data required time
-----------------------------------------------------------------------------
                                  0.64   data required time
                                 -0.74   data arrival time
-----------------------------------------------------------------------------
                                  0.10   slack (MET)



==========================================================================
06_croc.drt report_checks -path_delay max
--------------------------------------------------------------------------
Startpoint: i_croc_soc/i_rstgen.i_rstgen_bypass.synch_regs_q_3__reg
            (rising edge-triggered flip-flop clocked by clk_sys)
Endpoint: i_croc_soc/i_croc/i_dm_top.i_dm_top/i_dm_csrs.progbuf_o_155__reg
          (recovery check against rising-edge clock clk_sys)
Path Group: asynchronous
Path Type: max
Corner: tt

Fanout     Cap    Slew   Delay    Time   Description
-----------------------------------------------------------------------------
                          0.00    0.00   clock clk_sys (rise edge)
                          0.00    0.00   clock source latency
     1    0.24    0.35    0.04    0.04 ^ clk_i (in)
                                         clk_i (net)
                  0.35    0.00    0.04 ^ pad_clk_i/pad (sg13g2_IOPadIn)
     1    0.09    0.18    0.12    0.16 ^ pad_clk_i/p2c (sg13g2_IOPadIn)
                                         soc_clk_i (net)
                  0.15    0.03    0.19 ^ clkbuf_0_soc_clk_i/A (sg13g2_buf_8)
     4    0.14    0.09    0.15    0.34 ^ clkbuf_0_soc_clk_i/X (sg13g2_buf_8)
                                         clknet_0_soc_clk_i (net)
                  0.09    0.02    0.36 ^ clkbuf_2_3_0_soc_clk_i/A (sg13g2_buf_16)
     2    0.07    0.03    0.10    0.46 ^ clkbuf_2_3_0_soc_clk_i/X (sg13g2_buf_16)
                                         clknet_2_3_0_soc_clk_i (net)
                  0.04    0.00    0.47 ^ clkbuf_3_6_0_soc_clk_i/A (sg13g2_buf_16)
    16    0.38    0.10    0.11    0.58 ^ clkbuf_3_6_0_soc_clk_i/X (sg13g2_buf_16)
                                         clknet_3_6_0_soc_clk_i (net)
                  0.14    0.05    0.63 ^ clkbuf_7_98_0_soc_clk_i/A (sg13g2_buf_16)
     6    0.17    0.06    0.13    0.76 ^ clkbuf_7_98_0_soc_clk_i/X (sg13g2_buf_16)
                                         clknet_7_98_0_soc_clk_i (net)
                  0.09    0.03    0.79 ^ clkbuf_leaf_717_soc_clk_i/A (sg13g2_buf_16)
     5    0.03    0.02    0.09    0.88 ^ clkbuf_leaf_717_soc_clk_i/X (sg13g2_buf_16)
                                         clknet_leaf_717_soc_clk_i (net)
                  0.02    0.00    0.89 ^ i_croc_soc/i_rstgen.i_rstgen_bypass.synch_regs_q_3__reg/CLK (sg13g2_dfrbp_1)
     2    0.01    0.05    0.22    1.10 ^ i_croc_soc/i_rstgen.i_rstgen_bypass.synch_regs_q_3__reg/Q (sg13g2_dfrbp_1)
                                         i_croc_soc/i_rstgen.i_rstgen_bypass.synch_regs_q_3_ (net)
                  0.05    0.00    1.10 ^ i_croc_soc/i_rstgen.i_rstgen_bypass.i_tc_clk_mux2_rst_no/i_mux/A0 (sg13g2_mux2_2)
    23    0.16    0.33    0.30    1.40 ^ i_croc_soc/i_rstgen.i_rstgen_bypass.i_tc_clk_mux2_rst_no/i_mux/X (sg13g2_mux2_2)
                                         i_croc_soc/i_rstgen.i_rstgen_bypass.rst_no (net)
                  0.35    0.06    1.46 ^ fanout4347/A (sg13g2_buf_8)
    26    0.11    0.08    0.19    1.66 ^ fanout4347/X (sg13g2_buf_8)
                                         net4347 (net)
                  0.08    0.01    1.67 ^ fanout4132/A (sg13g2_buf_4)
     4    0.07    0.09    0.16    1.83 ^ fanout4132/X (sg13g2_buf_4)
                                         net4132 (net)
                  0.09    0.01    1.83 ^ fanout4062/A (sg13g2_buf_4)
     4    0.03    0.05    0.13    1.96 ^ fanout4062/X (sg13g2_buf_4)
                                         net4062 (net)
                  0.05    0.00    1.96 ^ fanout4061/A (sg13g2_buf_4)
     5    0.05    0.07    0.12    2.09 ^ fanout4061/X (sg13g2_buf_4)
                                         net4061 (net)
                  0.07    0.00    2.09 ^ fanout4046/A (sg13g2_buf_2)
     5    0.04    0.09    0.14    2.23 ^ fanout4046/X (sg13g2_buf_2)
                                         net4046 (net)
                  0.09    0.00    2.23 ^ fanout4045/A (sg13g2_buf_2)
     4    0.02    0.06    0.12    2.35 ^ fanout4045/X (sg13g2_buf_2)
                                         net4045 (net)
                  0.06    0.00    2.35 ^ fanout4044/A (sg13g2_buf_4)
     8    0.07    0.08    0.14    2.49 ^ fanout4044/X (sg13g2_buf_4)
                                         net4044 (net)
                  0.08    0.00    2.50 ^ fanout4043/A (sg13g2_buf_4)
     8    0.07    0.08    0.16    2.65 ^ fanout4043/X (sg13g2_buf_4)
                                         net4043 (net)
                  0.08    0.00    2.66 ^ i_croc_soc/i_croc/i_dm_top.i_dm_top/i_dm_csrs.progbuf_o_155__reg/RESET_B (sg13g2_dfrbp_1)
                                  2.66   data arrival time

                         12.50   12.50   clock clk_sys (rise edge)
                          0.00   12.50   clock source latency
     1    0.20    0.34    0.03   12.53 ^ clk_i (in)
                                         clk_i (net)
                  0.34    0.00   12.53 ^ pad_clk_i/pad (sg13g2_IOPadIn)
     1    0.09    0.18    0.12   12.65 ^ pad_clk_i/p2c (sg13g2_IOPadIn)
                                         soc_clk_i (net)
                  0.15    0.03   12.68 ^ clkbuf_0_soc_clk_i/A (sg13g2_buf_8)
     4    0.14    0.09    0.15   12.83 ^ clkbuf_0_soc_clk_i/X (sg13g2_buf_8)
                                         clknet_0_soc_clk_i (net)
                  0.09    0.02   12.85 ^ clkbuf_2_2_0_soc_clk_i/A (sg13g2_buf_16)
     2    0.08    0.03    0.10   12.96 ^ clkbuf_2_2_0_soc_clk_i/X (sg13g2_buf_16)
                                         clknet_2_2_0_soc_clk_i (net)
                  0.04    0.01   12.97 ^ clkbuf_3_4_0_soc_clk_i/A (sg13g2_buf_16)
    16    0.38    0.11    0.13   13.09 ^ clkbuf_3_4_0_soc_clk_i/X (sg13g2_buf_16)
                                         clknet_3_4_0_soc_clk_i (net)
                  0.11    0.01   13.10 ^ clkbuf_7_64_0_soc_clk_i/A (sg13g2_buf_16)
     6    0.13    0.05    0.12   13.22 ^ clkbuf_7_64_0_soc_clk_i/X (sg13g2_buf_16)
                                         clknet_7_64_0_soc_clk_i (net)
                  0.05    0.01   13.23 ^ clkbuf_leaf_713_soc_clk_i/A (sg13g2_buf_16)
     7    0.03    0.02    0.08   13.31 ^ clkbuf_leaf_713_soc_clk_i/X (sg13g2_buf_16)
                                         clknet_leaf_713_soc_clk_i (net)
                  0.02    0.00   13.31 ^ i_croc_soc/i_croc/i_dm_top.i_dm_top/i_dm_csrs.progbuf_o_155__reg/CLK (sg13g2_dfrbp_1)
                         -0.10   13.21   clock uncertainty
                          0.01   13.22   clock reconvergence pessimism
                         -0.13   13.09   library recovery time
                                 13.09   data required time
-----------------------------------------------------------------------------
                                 13.09   data required time
                                 -2.66   data arrival time
-----------------------------------------------------------------------------
                                 10.43   slack (MET)


Startpoint: i_croc_soc/i_croc/i_dmi_jtag/i_dmi_cdc.i_cdc_req/i_dst/async_ack_o_reg
            (rising edge-triggered flip-flop clocked by clk_sys)
Endpoint: i_croc_soc/i_croc/i_dm_top.i_dm_top/i_dm_csrs.progbuf_o_79__reg
          (rising edge-triggered flip-flop clocked by clk_sys)
Path Group: path delay
Path Type: max
Corner: tt

Fanout     Cap    Slew   Delay    Time   Description
-----------------------------------------------------------------------------
                  0.02    0.00    0.00 ^ i_croc_soc/i_croc/i_dmi_jtag/i_dmi_cdc.i_cdc_req/i_dst/async_ack_o_reg/CLK (sg13g2_dfrbp_2)
     6    0.03    0.07    0.28    0.28 ^ i_croc_soc/i_croc/i_dmi_jtag/i_dmi_cdc.i_cdc_req/i_dst/async_ack_o_reg/Q (sg13g2_dfrbp_2)
                                         i_croc_soc/i_croc/i_dmi_jtag/i_dmi_cdc.i_cdc_req/async_ack (net)
                  0.07    0.00    0.28 ^ i_croc_soc/i_croc/i_dmi_jtag/i_dmi_cdc.i_cdc_req/i_dst/_199_/A (sg13g2_xor2_1)
     1    0.00    0.06    0.12    0.40 ^ i_croc_soc/i_croc/i_dmi_jtag/i_dmi_cdc.i_cdc_req/i_dst/_199_/X (sg13g2_xor2_1)
                                         i_croc_soc/i_croc/i_dmi_jtag/i_dmi_cdc.i_cdc_req/s_dst_valid (net)
                  0.06    0.00    0.40 ^ i_croc_soc/i_croc/i_dmi_jtag/i_dmi_cdc.i_cdc_req/_5_/B_N (sg13g2_nor2b_2)
     5    0.03    0.15    0.17    0.57 ^ i_croc_soc/i_croc/i_dmi_jtag/i_dmi_cdc.i_cdc_req/_5_/Y (sg13g2_nor2b_2)
                                         i_croc_soc/i_croc/dmi_req_valid (net)
                  0.15    0.00    0.57 ^ i_croc_soc/i_croc/i_dm_top.i_dm_top/_4879_/A (sg13g2_nand2_2)
     4    0.03    0.13    0.15    0.73 v i_croc_soc/i_croc/i_dm_top.i_dm_top/_4879_/Y (sg13g2_nand2_2)
                                         i_croc_soc/i_croc/i_dm_top.i_dm_top/_0600_ (net)
                  0.13    0.00    0.73 v i_croc_soc/i_croc/i_dm_top.i_dm_top/_4891_/A (sg13g2_or2_1)
     2    0.01    0.06    0.17    0.89 v i_croc_soc/i_croc/i_dm_top.i_dm_top/_4891_/X (sg13g2_or2_1)
                                         i_croc_soc/i_croc/i_dm_top.i_dm_top/_0611_ (net)
                  0.06    0.00    0.89 v fanout3198/A (sg13g2_buf_4)
     8    0.05    0.06    0.12    1.01 v fanout3198/X (sg13g2_buf_4)
                                         net3198 (net)
                  0.06    0.00    1.01 v i_croc_soc/i_croc/i_dm_top.i_dm_top/_4896_/A (sg13g2_nor2_2)
     7    0.04    0.17    0.16    1.17 ^ i_croc_soc/i_croc/i_dm_top.i_dm_top/_4896_/Y (sg13g2_nor2_2)
                                         i_croc_soc/i_croc/i_dm_top.i_dm_top/_0616_ (net)
                  0.17    0.00    1.17 ^ i_croc_soc/i_croc/i_dm_top.i_dm_top/_6537_/A1 (sg13g2_a21oi_2)
     8    0.04    0.17    0.20    1.37 v i_croc_soc/i_croc/i_dm_top.i_dm_top/_6537_/Y (sg13g2_a21oi_2)
                                         i_croc_soc/i_croc/i_dm_top.i_dm_top/_2038_ (net)
                  0.17    0.00    1.37 v i_croc_soc/i_croc/i_dm_top.i_dm_top/_7273_/A (sg13g2_nor2_1)
     1    0.01    0.08    0.11    1.49 ^ i_croc_soc/i_croc/i_dm_top.i_dm_top/_7273_/Y (sg13g2_nor2_1)
                                         i_croc_soc/i_croc/i_dm_top.i_dm_top/_2558_ (net)
                  0.08    0.00    1.49 ^ fanout2868/A (sg13g2_buf_4)
     4    0.04    0.05    0.13    1.62 ^ fanout2868/X (sg13g2_buf_4)
                                         net2868 (net)
                  0.06    0.01    1.63 ^ fanout2865/A (sg13g2_buf_2)
     4    0.03    0.07    0.12    1.74 ^ fanout2865/X (sg13g2_buf_2)
                                         net2865 (net)
                  0.07    0.00    1.75 ^ fanout2864/A (sg13g2_buf_4)
     8    0.04    0.06    0.13    1.88 ^ fanout2864/X (sg13g2_buf_4)
                                         net2864 (net)
                  0.06    0.00    1.88 ^ fanout2863/A (sg13g2_buf_2)
     8    0.04    0.10    0.14    2.02 ^ fanout2863/X (sg13g2_buf_2)
                                         net2863 (net)
                  0.10    0.00    2.02 ^ fanout2862/A (sg13g2_buf_2)
     8    0.04    0.09    0.15    2.17 ^ fanout2862/X (sg13g2_buf_2)
                                         net2862 (net)
                  0.09    0.00    2.18 ^ i_croc_soc/i_croc/i_dm_top.i_dm_top/_7329_/C (sg13g2_nand3_1)
     1    0.01    0.08    0.11    2.29 v i_croc_soc/i_croc/i_dm_top.i_dm_top/_7329_/Y (sg13g2_nand3_1)
                                         i_croc_soc/i_croc/i_dm_top.i_dm_top/_2598_ (net)
                  0.08    0.00    2.29 v i_croc_soc/i_croc/i_dm_top.i_dm_top/_7330_/B1 (sg13g2_o21ai_1)
     1    0.00    0.08    0.06    2.35 ^ i_croc_soc/i_croc/i_dm_top.i_dm_top/_7330_/Y (sg13g2_o21ai_1)
                                         i_croc_soc/i_croc/i_dm_top.i_dm_top/_0414_ (net)
                  0.08    0.00    2.35 ^ i_croc_soc/i_croc/i_dm_top.i_dm_top/i_dm_csrs.progbuf_o_79__reg/D (sg13g2_dfrbp_1)
                                  2.35   data arrival time

                          4.38    4.38   max_delay
                         -0.13    4.25   library setup time
                                  4.25   data required time
-----------------------------------------------------------------------------
                                  4.25   data required time
                                 -2.35   data arrival time
-----------------------------------------------------------------------------
                                  1.90   slack (MET)


Startpoint: i_croc_soc/i_croc/i_dmi_jtag/td_o_reg
            (rising edge-triggered flip-flop clocked by clk_jtg')
Endpoint: jtag_tdo_o (output port clocked by clk_jtg)
Path Group: clk_jtg
Path Type: max
Corner: tt

Fanout     Cap    Slew   Delay    Time   Description
-----------------------------------------------------------------------------
                         10.00   10.00   clock clk_jtg' (rise edge)
                          0.00   10.00   clock source latency
     1    0.23    0.49    0.03   10.03 v jtag_tck_i (in)
                                         jtag_tck_i (net)
                  0.49    0.00   10.03 v pad_jtag_tck_i/pad (sg13g2_IOPadIn)
     1    0.08    0.20    0.66   10.69 v pad_jtag_tck_i/p2c (sg13g2_IOPadIn)
                                         soc_jtag_tck_i (net)
                  0.15    0.02   10.71 v clkbuf_0_soc_jtag_tck_i/A (sg13g2_buf_8)
     8    0.11    0.06    0.15   10.87 v clkbuf_0_soc_jtag_tck_i/X (sg13g2_buf_8)
                                         clknet_0_soc_jtag_tck_i (net)
                  0.07    0.01   10.87 v clkbuf_3_0__f_soc_jtag_tck_i/A (sg13g2_buf_8)
     5    0.10    0.06    0.12   10.99 v clkbuf_3_0__f_soc_jtag_tck_i/X (sg13g2_buf_8)
                                         clknet_3_0__leaf_soc_jtag_tck_i (net)
                  0.06    0.00   11.00 v clkbuf_leaf_35_soc_jtag_tck_i/A (sg13g2_buf_16)
     9    0.04    0.02    0.09   11.08 v clkbuf_leaf_35_soc_jtag_tck_i/X (sg13g2_buf_16)
                                         clknet_leaf_35_soc_jtag_tck_i (net)
                  0.02    0.00   11.08 v i_croc_soc/i_croc/i_dmi_jtag/i_dmi_jtag_tap.i_tck_inv/i_inv_5299/A (sg13g2_inv_1)
     1    0.01    0.03    0.04   11.12 ^ i_croc_soc/i_croc/i_dmi_jtag/i_dmi_jtag_tap.i_tck_inv/i_inv_5299/Y (sg13g2_inv_1)
                                         net5299 (net)
                  0.03    0.00   11.12 ^ i_croc_soc/i_croc/i_dmi_jtag/i_dmi_jtag_tap.i_dft_tck_mux/i_mux/A0 (sg13g2_mux2_1)
     1    0.01    0.06    0.11   11.23 ^ i_croc_soc/i_croc/i_dmi_jtag/i_dmi_jtag_tap.i_dft_tck_mux/i_mux/X (sg13g2_mux2_1)
                                         i_croc_soc/i_croc/i_dmi_jtag/i_dmi_jtag_tap.tck_n (net)
                  0.06    0.00   11.23 ^ clkbuf_0_i_croc_soc/i_croc/i_dmi_jtag/i_dmi_jtag_tap.tck_n/A (sg13g2_buf_8)
     2    0.02    0.03    0.08   11.31 ^ clkbuf_0_i_croc_soc/i_croc/i_dmi_jtag/i_dmi_jtag_tap.tck_n/X (sg13g2_buf_8)
                                         clknet_0_i_croc_soc/i_croc/i_dmi_jtag/i_dmi_jtag_tap.tck_n (net)
                  0.03    0.00   11.31 ^ clkbuf_1_0__f_i_croc_soc/i_croc/i_dmi_jtag/i_dmi_jtag_tap.tck_n/A (sg13g2_buf_8)
     1    0.00    0.02    0.06   11.38 ^ clkbuf_1_0__f_i_croc_soc/i_croc/i_dmi_jtag/i_dmi_jtag_tap.tck_n/X (sg13g2_buf_8)
                                         clknet_1_0__leaf_i_croc_soc/i_croc/i_dmi_jtag/i_dmi_jtag_tap.tck_n (net)
                  0.02    0.00   11.38 ^ i_croc_soc/i_croc/i_dmi_jtag/td_o_reg/CLK (sg13g2_dfrbp_2)
     1    0.14    0.29    0.39   11.77 ^ i_croc_soc/i_croc/i_dmi_jtag/td_o_reg/Q (sg13g2_dfrbp_2)
                                         soc_jtag_tdo_o (net)
                  0.41    0.06   11.83 ^ pad_jtag_tdo_o/c2p (sg13g2_IOPadOut16mA)
     1   15.00    3.55    3.29   15.12 ^ pad_jtag_tdo_o/pad (sg13g2_IOPadOut16mA)
                                         jtag_tdo_o (net)
                  2.66    0.00   15.12 ^ jtag_tdo_o (out)
                                 15.12   data arrival time

                         20.00   20.00   clock clk_jtg (rise edge)
                          0.00   20.00   clock network delay (propagated)
                         -0.10   19.90   clock uncertainty
                          0.00   19.90   clock reconvergence pessimism
                         -5.00   14.90   output external delay
                                 14.90   data required time
-----------------------------------------------------------------------------
                                 14.90   data required time
                                -15.12   data arrival time
-----------------------------------------------------------------------------
                                 -0.22   slack (VIOLATED)


Startpoint: i_croc_soc/i_croc/i_core_wrap/i_ibex.id_stage_i.controller_i.instr_i_15__reg
            (rising edge-triggered flip-flop clocked by clk_sys)
Endpoint: i_croc_soc/i_croc/i_core_wrap/i_ibex.crash_dump_o_90__reg
          (rising edge-triggered flip-flop clocked by clk_sys)
Path Group: clk_sys
Path Type: max
Corner: tt

Fanout     Cap    Slew   Delay    Time   Description
-----------------------------------------------------------------------------
                          0.00    0.00   clock clk_sys (rise edge)
                          0.00    0.00   clock source latency
     1    0.24    0.35    0.04    0.04 ^ clk_i (in)
                                         clk_i (net)
                  0.35    0.00    0.04 ^ pad_clk_i/pad (sg13g2_IOPadIn)
     1    0.09    0.18    0.12    0.16 ^ pad_clk_i/p2c (sg13g2_IOPadIn)
                                         soc_clk_i (net)
                  0.15    0.03    0.19 ^ clkbuf_0_soc_clk_i/A (sg13g2_buf_8)
     4    0.14    0.09    0.15    0.34 ^ clkbuf_0_soc_clk_i/X (sg13g2_buf_8)
                                         clknet_0_soc_clk_i (net)
                  0.09    0.02    0.36 ^ clkbuf_2_0_0_soc_clk_i/A (sg13g2_buf_16)
     2    0.08    0.03    0.10    0.46 ^ clkbuf_2_0_0_soc_clk_i/X (sg13g2_buf_16)
                                         clknet_2_0_0_soc_clk_i (net)
                  0.04    0.01    0.48 ^ clkbuf_3_1_0_soc_clk_i/A (sg13g2_buf_16)
    16    0.40    0.11    0.12    0.60 ^ clkbuf_3_1_0_soc_clk_i/X (sg13g2_buf_16)
                                         clknet_3_1_0_soc_clk_i (net)
                  0.12    0.03    0.63 ^ clkbuf_7_26_0_soc_clk_i/A (sg13g2_buf_16)
     7    0.12    0.05    0.12    0.75 ^ clkbuf_7_26_0_soc_clk_i/X (sg13g2_buf_16)
                                         clknet_7_26_0_soc_clk_i (net)
                  0.05    0.01    0.76 ^ clkbuf_leaf_251_soc_clk_i/A (sg13g2_buf_16)
     8    0.04    0.02    0.08    0.84 ^ clkbuf_leaf_251_soc_clk_i/X (sg13g2_buf_16)
                                         clknet_leaf_251_soc_clk_i (net)
                  0.02    0.00    0.84 ^ i_croc_soc/i_croc/i_core_wrap/i_ibex.id_stage_i.controller_i.instr_i_15__reg/CLK (sg13g2_dfrbp_2)
     7    0.06    0.14    0.32    1.15 ^ i_croc_soc/i_croc/i_core_wrap/i_ibex.id_stage_i.controller_i.instr_i_15__reg/Q (sg13g2_dfrbp_2)
                                         i_croc_soc/i_croc/i_core_wrap/i_ibex.id_stage_i.controller_i.instr_i_15_ (net)
                  0.14    0.02    1.17 ^ fanout5230/A (sg13g2_buf_16)
     8    0.10    0.04    0.12    1.30 ^ fanout5230/X (sg13g2_buf_16)
                                         net5230 (net)
                  0.04    0.01    1.30 ^ fanout5229/A (sg13g2_buf_8)
     4    0.04    0.03    0.08    1.38 ^ fanout5229/X (sg13g2_buf_8)
                                         net5229 (net)
                  0.03    0.01    1.39 ^ fanout5208/A (sg13g2_buf_8)
     4    0.05    0.04    0.08    1.47 ^ fanout5208/X (sg13g2_buf_8)
                                         net5208 (net)
                  0.04    0.00    1.47 ^ fanout5203/A (sg13g2_buf_8)
     6    0.06    0.04    0.09    1.56 ^ fanout5203/X (sg13g2_buf_8)
                                         net5203 (net)
                  0.04    0.00    1.56 ^ fanout5201/A (sg13g2_buf_8)
     8    0.07    0.05    0.09    1.65 ^ fanout5201/X (sg13g2_buf_8)
                                         net5201 (net)
                  0.05    0.00    1.66 ^ i_croc_soc/i_croc/i_core_wrap/i_ibex.register_file_i/_4550_/S (sg13g2_mux2_1)
     1    0.01    0.04    0.16    1.82 v i_croc_soc/i_croc/i_core_wrap/i_ibex.register_file_i/_4550_/X (sg13g2_mux2_1)
                                         i_croc_soc/i_croc/i_core_wrap/i_ibex.register_file_i/_1495_ (net)
                  0.04    0.00    1.82 v i_croc_soc/i_croc/i_core_wrap/i_ibex.register_file_i/_4552_/A2 (sg13g2_a22oi_1)
     1    0.01    0.07    0.09    1.91 ^ i_croc_soc/i_croc/i_core_wrap/i_ibex.register_file_i/_4552_/Y (sg13g2_a22oi_1)
                                         i_croc_soc/i_croc/i_core_wrap/i_ibex.register_file_i/_1497_ (net)
                  0.07    0.00    1.91 ^ i_croc_soc/i_croc/i_core_wrap/i_ibex.register_file_i/_4557_/A1 (sg13g2_a21oi_1)
     1    0.01    0.06    0.08    1.99 v i_croc_soc/i_croc/i_core_wrap/i_ibex.register_file_i/_4557_/Y (sg13g2_a21oi_1)
                                         i_croc_soc/i_croc/i_core_wrap/i_ibex.register_file_i/_1502_ (net)
                  0.06    0.00    1.99 v i_croc_soc/i_croc/i_core_wrap/i_ibex.register_file_i/_4558_/C1 (sg13g2_a221oi_1)
     1    0.02    0.31    0.26    2.25 ^ i_croc_soc/i_croc/i_core_wrap/i_ibex.register_file_i/_4558_/Y (sg13g2_a221oi_1)
                                         i_croc_soc/i_croc/i_core_wrap/i_ibex.register_file_i/_1503_ (net)
                  0.31    0.00    2.25 ^ i_croc_soc/i_croc/i_core_wrap/i_ibex.register_file_i/_4559_/C (sg13g2_nand3_1)
     7    0.05    0.46    0.47    2.72 v i_croc_soc/i_croc/i_core_wrap/i_ibex.register_file_i/_4559_/Y (sg13g2_nand3_1)
                                         i_croc_soc/i_croc/i_core_wrap/i_ibex.ex_block_i.multdiv_operand_a_i_8_ (net)
                  0.46    0.01    2.73 v i_croc_soc/i_croc/i_core_wrap/_5616_/A0 (sg13g2_mux2_1)
     1    0.00    0.05    0.22    2.95 v i_croc_soc/i_croc/i_core_wrap/_5616_/X (sg13g2_mux2_1)
                                         i_croc_soc/i_croc/i_core_wrap/_0954_ (net)
                  0.05    0.00    2.95 v i_croc_soc/i_croc/i_core_wrap/_5617_/B (sg13g2_and2_1)
     1    0.00    0.02    0.08    3.03 v i_croc_soc/i_croc/i_core_wrap/_5617_/X (sg13g2_and2_1)
                                         i_croc_soc/i_croc/i_core_wrap/_0955_ (net)
                  0.02    0.00    3.03 v i_croc_soc/i_croc/i_core_wrap/_5618_/B1 (sg13g2_a21oi_1)
     1    0.00    0.07    0.07    3.10 ^ i_croc_soc/i_croc/i_core_wrap/_5618_/Y (sg13g2_a21oi_1)
                                         i_croc_soc/i_croc/i_core_wrap/_0956_ (net)
                  0.07    0.00    3.10 ^ fanout2961/A (sg13g2_buf_2)
     5    0.04    0.09    0.13    3.24 ^ fanout2961/X (sg13g2_buf_2)
                                         net2961 (net)
                  0.09    0.00    3.24 ^ fanout2960/A (sg13g2_buf_8)
     6    0.02    0.03    0.10    3.34 ^ fanout2960/X (sg13g2_buf_8)
                                         net2960 (net)
                  0.03    0.00    3.34 ^ fanout2959/A (sg13g2_buf_4)
     7    0.04    0.06    0.11    3.45 ^ fanout2959/X (sg13g2_buf_4)
                                         net2959 (net)
                  0.06    0.00    3.45 ^ fanout2958/A (sg13g2_buf_8)
     7    0.03    0.03    0.08    3.53 ^ fanout2958/X (sg13g2_buf_8)
                                         net2958 (net)
                  0.03    0.00    3.54 ^ i_croc_soc/i_croc/i_core_wrap/_5620_/A (sg13g2_inv_1)
     4    0.02    0.06    0.06    3.60 v i_croc_soc/i_croc/i_core_wrap/_5620_/Y (sg13g2_inv_1)
                                         i_croc_soc/i_croc/i_core_wrap/i_ibex.alu_operand_a_ex_8_ (net)
                  0.06    0.00    3.60 v fanout2774/A (sg13g2_buf_4)
     8    0.04    0.04    0.10    3.70 v fanout2774/X (sg13g2_buf_4)
                                         net2774 (net)
                  0.04    0.00    3.71 v i_croc_soc/i_croc/i_core_wrap/_5638_/A1 (sg13g2_o21ai_1)
     1    0.00    0.10    0.10    3.81 ^ i_croc_soc/i_croc/i_core_wrap/_5638_/Y (sg13g2_o21ai_1)
                                         i_croc_soc/i_croc/i_core_wrap/_0974_ (net)
                  0.10    0.00    3.81 ^ i_croc_soc/i_croc/i_core_wrap/_5663_/A1 (sg13g2_a221oi_1)
     3    0.02    0.14    0.15    3.96 v i_croc_soc/i_croc/i_core_wrap/_5663_/Y (sg13g2_a221oi_1)
                                         i_croc_soc/i_croc/i_core_wrap/_0997_ (net)
                  0.14    0.00    3.96 v i_croc_soc/i_croc/i_core_wrap/_5664_/B (sg13g2_nand2_1)
     1    0.01    0.06    0.08    4.04 ^ i_croc_soc/i_croc/i_core_wrap/_5664_/Y (sg13g2_nand2_1)
                                         i_croc_soc/i_croc/i_core_wrap/_0998_ (net)
                  0.06    0.00    4.04 ^ i_croc_soc/i_croc/i_core_wrap/_5700_/A1 (sg13g2_a22oi_1)
     3    0.02    0.14    0.14    4.18 v i_croc_soc/i_croc/i_core_wrap/_5700_/Y (sg13g2_a22oi_1)
                                         i_croc_soc/i_croc/i_core_wrap/_1032_ (net)
                  0.14    0.00    4.18 v i_croc_soc/i_croc/i_core_wrap/_5859_/A (sg13g2_nor3_2)
     4    0.02    0.17    0.20    4.38 ^ i_croc_soc/i_croc/i_core_wrap/_5859_/Y (sg13g2_nor3_2)
                                         i_croc_soc/i_croc/i_core_wrap/_1186_ (net)
                  0.17    0.00    4.38 ^ i_croc_soc/i_croc/i_core_wrap/_6222_/A1 (sg13g2_o21ai_1)
     1    0.00    0.06    0.10    4.49 v i_croc_soc/i_croc/i_core_wrap/_6222_/Y (sg13g2_o21ai_1)
                                         i_croc_soc/i_croc/i_core_wrap/_1527_ (net)
                  0.06    0.00    4.49 v i_croc_soc/i_croc/i_core_wrap/_6223_/B_N (sg13g2_nor2b_2)
     2    0.01    0.06    0.11    4.59 v i_croc_soc/i_croc/i_core_wrap/_6223_/Y (sg13g2_nor2b_2)
                                         i_croc_soc/i_croc/i_core_wrap/_1528_ (net)
                  0.06    0.00    4.59 v fanout1031/A (sg13g2_buf_8)
     8    0.04    0.03    0.09    4.68 v fanout1031/X (sg13g2_buf_8)
                                         net1031 (net)
                  0.03    0.01    4.69 v i_croc_soc/i_croc/i_core_wrap/_6346_/A (sg13g2_xnor2_1)
     4    0.04    0.23    0.23    4.92 v i_croc_soc/i_croc/i_core_wrap/_6346_/Y (sg13g2_xnor2_1)
                                         i_croc_soc/i_croc/core_data_obi_req_63_ (net)
                  0.23    0.00    4.92 v i_croc_soc/i_croc/i_core_wrap/_7340_/A1 (sg13g2_a221oi_1)
     1    0.01    0.16    0.23    5.15 ^ i_croc_soc/i_croc/i_core_wrap/_7340_/Y (sg13g2_a221oi_1)
                                         i_croc_soc/i_croc/i_core_wrap/_2494_ (net)
                  0.16    0.00    5.15 ^ i_croc_soc/i_croc/i_core_wrap/_7342_/A (sg13g2_nor2_2)
     3    0.02    0.06    0.10    5.25 v i_croc_soc/i_croc/i_core_wrap/_7342_/Y (sg13g2_nor2_2)
                                         i_croc_soc/i_croc/i_core_wrap/_2496_ (net)
                  0.06    0.00    5.25 v i_croc_soc/i_croc/i_core_wrap/_8583_/B1 (sg13g2_a21o_1)
     3    0.01    0.06    0.15    5.40 v i_croc_soc/i_croc/i_core_wrap/_8583_/X (sg13g2_a21o_1)
                                         i_croc_soc/i_croc/i_core_wrap/_3583_ (net)
                  0.06    0.00    5.40 v i_croc_soc/i_croc/i_core_wrap/_8901_/A1 (sg13g2_mux2_2)
     4    0.02    0.06    0.17    5.57 v i_croc_soc/i_croc/i_core_wrap/_8901_/X (sg13g2_mux2_2)
                                         i_croc_soc/i_croc/core_instr_obi_req_63_ (net)
                  0.06    0.00    5.57 v i_croc_soc/i_croc/_05445_/A (sg13g2_nor4_2)
     1    0.00    0.10    0.14    5.71 ^ i_croc_soc/i_croc/_05445_/Y (sg13g2_nor4_2)
                                         i_croc_soc/i_croc/_00761_ (net)
                  0.10    0.00    5.71 ^ i_croc_soc/i_croc/_05446_/C (sg13g2_nand3_1)
     4    0.03    0.23    0.24    5.95 v i_croc_soc/i_croc/_05446_/Y (sg13g2_nand3_1)
                                         i_croc_soc/i_croc/_00762_ (net)
                  0.23    0.00    5.95 v i_croc_soc/i_croc/_05452_/A (sg13g2_nor3_2)
     5    0.04    0.27    0.29    6.24 ^ i_croc_soc/i_croc/_05452_/Y (sg13g2_nor3_2)
                                         i_croc_soc/i_croc/_00768_ (net)
                  0.27    0.01    6.24 ^ i_croc_soc/i_croc/_05453_/A (sg13g2_inv_2)
     3    0.01    0.07    0.09    6.33 v i_croc_soc/i_croc/_05453_/Y (sg13g2_inv_2)
                                         i_croc_soc/i_croc/_00769_ (net)
                  0.07    0.00    6.33 v i_croc_soc/i_croc/_05455_/B (sg13g2_and4_1)
     2    0.01    0.03    0.11    6.44 v i_croc_soc/i_croc/_05455_/X (sg13g2_and4_1)
                                         i_croc_soc/i_croc/_00771_ (net)
                  0.03    0.00    6.44 v i_croc_soc/i_croc/_05456_/B1 (sg13g2_o21ai_1)
     5    0.03    0.33    0.14    6.58 ^ i_croc_soc/i_croc/_05456_/Y (sg13g2_o21ai_1)
                                         i_croc_soc/i_croc/_00772_ (net)
                  0.33    0.00    6.58 ^ i_croc_soc/i_croc/_05457_/C (sg13g2_nor3_2)
     3    0.01    0.08    0.11    6.69 v i_croc_soc/i_croc/_05457_/Y (sg13g2_nor3_2)
                                         i_croc_soc/i_croc/_00773_ (net)
                  0.08    0.00    6.69 v i_croc_soc/i_croc/_05458_/D (sg13g2_nor4_2)
     2    0.01    0.14    0.13    6.82 ^ i_croc_soc/i_croc/_05458_/Y (sg13g2_nor4_2)
                                         i_croc_soc/i_croc/_00774_ (net)
                  0.14    0.00    6.82 ^ i_croc_soc/i_croc/_05587_/A_N (sg13g2_nand2b_2)
     3    0.01    0.05    0.14    6.96 ^ i_croc_soc/i_croc/_05587_/Y (sg13g2_nand2b_2)
                                         i_croc_soc/i_croc/_00903_ (net)
                  0.05    0.00    6.96 ^ i_croc_soc/i_croc/_05643_/A (sg13g2_nand2_1)
     1    0.01    0.05    0.06    7.02 v i_croc_soc/i_croc/_05643_/Y (sg13g2_nand2_1)
                                         i_croc_soc/i_croc/_00958_ (net)
                  0.05    0.00    7.02 v fanout2314/A (sg13g2_buf_2)
     4    0.02    0.05    0.10    7.13 v fanout2314/X (sg13g2_buf_2)
                                         net2314 (net)
                  0.05    0.00    7.13 v fanout2312/A (sg13g2_buf_8)
     8    0.04    0.03    0.09    7.22 v fanout2312/X (sg13g2_buf_8)
                                         net2312 (net)
                  0.03    0.00    7.22 v i_croc_soc/i_croc/_05650_/B2 (sg13g2_a221oi_1)
     1    0.00    0.12    0.14    7.36 ^ i_croc_soc/i_croc/_05650_/Y (sg13g2_a221oi_1)
                                         i_croc_soc/i_croc/_00965_ (net)
                  0.12    0.00    7.36 ^ rebuffer5306/A (sg13g2_buf_2)
     7    0.03    0.07    0.14    7.50 ^ rebuffer5306/X (sg13g2_buf_2)
                                         net5306 (net)
                  0.07    0.00    7.50 ^ i_croc_soc/i_croc/_05652_/D (sg13g2_nand4_1)
     3    0.01    0.16    0.18    7.68 v i_croc_soc/i_croc/_05652_/Y (sg13g2_nand4_1)
                                         i_croc_soc/i_croc/_00967_ (net)
                  0.16    0.00    7.68 v i_croc_soc/i_croc/_05676_/A2 (sg13g2_a21o_2)
     5    0.03    0.08    0.23    7.91 v i_croc_soc/i_croc/_05676_/X (sg13g2_a21o_2)
                                         i_croc_soc/i_croc/_00991_ (net)
                  0.08    0.00    7.91 v i_croc_soc/i_croc/_05677_/B (sg13g2_xnor2_1)
     1    0.00    0.07    0.09    8.00 ^ i_croc_soc/i_croc/_05677_/Y (sg13g2_xnor2_1)
                                         i_croc_soc/i_croc/_00992_ (net)
                  0.07    0.00    8.00 ^ i_croc_soc/i_croc/_05733_/A1 (sg13g2_o21ai_1)
     4    0.02    0.13    0.14    8.15 v i_croc_soc/i_croc/_05733_/Y (sg13g2_o21ai_1)
                                         i_croc_soc/i_croc/_01047_ (net)
                  0.13    0.00    8.15 v i_croc_soc/i_croc/_05734_/B (sg13g2_nand2_2)
     5    0.03    0.09    0.11    8.26 ^ i_croc_soc/i_croc/_05734_/Y (sg13g2_nand2_2)
                                         i_croc_soc/i_croc/_01048_ (net)
                  0.09    0.00    8.26 ^ i_croc_soc/i_croc/_06356_/B (sg13g2_nor2_2)
     2    0.01    0.03    0.05    8.31 v i_croc_soc/i_croc/_06356_/Y (sg13g2_nor2_2)
                                         i_croc_soc/i_croc/_01558_ (net)
                  0.03    0.00    8.31 v i_croc_soc/i_croc/_06357_/C (sg13g2_nand3_1)
     3    0.05    0.23    0.18    8.49 ^ i_croc_soc/i_croc/_06357_/Y (sg13g2_nand3_1)
                                         i_croc_soc/i_croc/_01559_ (net)
                  0.23    0.01    8.50 ^ fanout2178/A (sg13g2_buf_8)
     5    0.05    0.05    0.15    8.65 ^ fanout2178/X (sg13g2_buf_8)
                                         net2178 (net)
                  0.05    0.01    8.65 ^ fanout2177/A (sg13g2_buf_16)
     8    0.07    0.03    0.08    8.74 ^ fanout2177/X (sg13g2_buf_16)
                                         net2177 (net)
                  0.03    0.01    8.74 ^ fanout2176/A (sg13g2_buf_8)
     6    0.04    0.03    0.08    8.82 ^ fanout2176/X (sg13g2_buf_8)
                                         net2176 (net)
                  0.03    0.00    8.82 ^ fanout2175/A (sg13g2_buf_8)
     4    0.02    0.02    0.07    8.89 ^ fanout2175/X (sg13g2_buf_8)
                                         net2175 (net)
                  0.02    0.00    8.89 ^ i_croc_soc/i_croc/_06412_/B (sg13g2_nor2_1)
     1    0.01    0.06    0.04    8.93 v i_croc_soc/i_croc/_06412_/Y (sg13g2_nor2_1)
                                         i_croc_soc/i_croc/all_periph_obi_req_337_ (net)
                  0.06    0.00    8.93 v fanout2135/A (sg13g2_buf_2)
     4    0.02    0.04    0.10    9.03 v fanout2135/X (sg13g2_buf_2)
                                         net2135 (net)
                  0.04    0.00    9.03 v i_croc_soc/i_croc/i_gpio/_1354_/B (sg13g2_nand2_1)
     2    0.01    0.05    0.05    9.08 ^ i_croc_soc/i_croc/i_gpio/_1354_/Y (sg13g2_nand2_1)
                                         i_croc_soc/i_croc/i_gpio/_0150_ (net)
                  0.05    0.00    9.08 ^ i_croc_soc/i_croc/i_gpio/_1355_/B (sg13g2_nand3_1)
     1    0.01    0.07    0.09    9.17 v i_croc_soc/i_croc/i_gpio/_1355_/Y (sg13g2_nand3_1)
                                         i_croc_soc/i_croc/i_gpio/_0151_ (net)
                  0.07    0.00    9.17 v i_croc_soc/i_croc/i_gpio/_1356_/B1 (sg13g2_o21ai_1)
     1    0.01    0.10    0.06    9.23 ^ i_croc_soc/i_croc/i_gpio/_1356_/Y (sg13g2_o21ai_1)
                                         i_croc_soc/i_croc/all_periph_obi_rsp_159_ (net)
                  0.10    0.00    9.23 ^ i_croc_soc/i_croc/_07626_/A (sg13g2_inv_1)
     1    0.01    0.05    0.07    9.30 v i_croc_soc/i_croc/_07626_/Y (sg13g2_inv_1)
                                         i_croc_soc/i_croc/_02530_ (net)
                  0.05    0.00    9.30 v i_croc_soc/i_croc/_07628_/A2 (sg13g2_o21ai_1)
     1    0.00    0.08    0.09    9.40 ^ i_croc_soc/i_croc/_07628_/Y (sg13g2_o21ai_1)
                                         i_croc_soc/i_croc/_02532_ (net)
                  0.08    0.00    9.40 ^ i_croc_soc/i_croc/_07632_/A2 (sg13g2_a22oi_1)
     4    0.06    0.38    0.33    9.73 v i_croc_soc/i_croc/_07632_/Y (sg13g2_a22oi_1)
                                         i_croc_soc/i_croc/_02536_ (net)
                  0.38    0.02    9.75 v i_croc_soc/i_croc/_07912_/B (sg13g2_nor2_2)
     1    0.01    0.10    0.12    9.87 ^ i_croc_soc/i_croc/_07912_/Y (sg13g2_nor2_2)
                                         i_croc_soc/i_croc/_02783_ (net)
                  0.10    0.00    9.87 ^ i_croc_soc/i_croc/_07913_/C (sg13g2_nor3_2)
     1    0.01    0.04    0.05    9.92 v i_croc_soc/i_croc/_07913_/Y (sg13g2_nor3_2)
                                         i_croc_soc/i_croc/_02784_ (net)
                  0.04    0.00    9.92 v i_croc_soc/i_croc/_07914_/C (sg13g2_nor3_2)
     5    0.03    0.25    0.20   10.13 ^ i_croc_soc/i_croc/_07914_/Y (sg13g2_nor3_2)
                                         i_croc_soc/i_croc/core_instr_obi_rsp_3_ (net)
                  0.25    0.00   10.13 ^ i_croc_soc/i_croc/i_core_wrap/_6488_/A1 (sg13g2_a21o_1)
     3    0.01    0.06    0.19   10.32 ^ i_croc_soc/i_croc/i_core_wrap/_6488_/X (sg13g2_a21o_1)
                                         i_croc_soc/i_croc/i_core_wrap/_1734_ (net)
                  0.06    0.00   10.32 ^ i_croc_soc/i_croc/i_core_wrap/_6941_/B (sg13g2_or3_2)
     5    0.04    0.10    0.16   10.48 ^ i_croc_soc/i_croc/i_core_wrap/_6941_/X (sg13g2_or3_2)
                                         i_croc_soc/i_croc/i_core_wrap/_2122_ (net)
                  0.10    0.01   10.49 ^ i_croc_soc/i_croc/i_core_wrap/_7023_/C (sg13g2_nand3_1)
     4    0.02    0.17    0.18   10.67 v i_croc_soc/i_croc/i_core_wrap/_7023_/Y (sg13g2_nand3_1)
                                         i_croc_soc/i_croc/i_core_wrap/_2200_ (net)
                  0.17    0.00   10.67 v i_croc_soc/i_croc/i_core_wrap/_7065_/A (sg13g2_inv_1)
     1    0.00    0.05    0.07   10.74 ^ i_croc_soc/i_croc/i_core_wrap/_7065_/Y (sg13g2_inv_1)
                                         i_croc_soc/i_croc/i_core_wrap/_2238_ (net)
                  0.05    0.00   10.74 ^ i_croc_soc/i_croc/i_core_wrap/_7066_/C (sg13g2_nand3_1)
     2    0.01    0.12    0.13   10.87 v i_croc_soc/i_croc/i_core_wrap/_7066_/Y (sg13g2_nand3_1)
                                         i_croc_soc/i_croc/i_core_wrap/_2239_ (net)
                  0.12    0.00   10.87 v i_croc_soc/i_croc/i_core_wrap/_7078_/B (sg13g2_nor2_2)
     3    0.01    0.08    0.10   10.97 ^ i_croc_soc/i_croc/i_core_wrap/_7078_/Y (sg13g2_nor2_2)
                                         i_croc_soc/i_croc/i_core_wrap/_2249_ (net)
                  0.08    0.00   10.97 ^ i_croc_soc/i_croc/i_core_wrap/_7110_/C (sg13g2_nand3_1)
     2    0.02    0.17    0.18   11.15 v i_croc_soc/i_croc/i_core_wrap/_7110_/Y (sg13g2_nand3_1)
                                         i_croc_soc/i_croc/i_core_wrap/_2279_ (net)
                  0.17    0.00   11.15 v i_croc_soc/i_croc/i_core_wrap/_7133_/B (sg13g2_nor2_2)
     2    0.01    0.08    0.10   11.26 ^ i_croc_soc/i_croc/i_core_wrap/_7133_/Y (sg13g2_nor2_2)
                                         i_croc_soc/i_croc/i_core_wrap/_2301_ (net)
                  0.08    0.00   11.26 ^ i_croc_soc/i_croc/i_core_wrap/_7149_/B (sg13g2_and2_1)
     2    0.01    0.05    0.12   11.37 ^ i_croc_soc/i_croc/i_core_wrap/_7149_/X (sg13g2_and2_1)
                                         i_croc_soc/i_croc/i_core_wrap/_2316_ (net)
                  0.05    0.00   11.37 ^ i_croc_soc/i_croc/i_core_wrap/_7160_/B (sg13g2_and2_1)
     2    0.01    0.05    0.11   11.48 ^ i_croc_soc/i_croc/i_core_wrap/_7160_/X (sg13g2_and2_1)
                                         i_croc_soc/i_croc/i_core_wrap/_2326_ (net)
                  0.05    0.00   11.48 ^ i_croc_soc/i_croc/i_core_wrap/_7171_/B (sg13g2_and2_1)
     2    0.01    0.05    0.11   11.59 ^ i_croc_soc/i_croc/i_core_wrap/_7171_/X (sg13g2_and2_1)
                                         i_croc_soc/i_croc/i_core_wrap/_2336_ (net)
                  0.05    0.00   11.59 ^ i_croc_soc/i_croc/i_core_wrap/_7186_/B (sg13g2_and2_1)
     2    0.01    0.05    0.11   11.70 ^ i_croc_soc/i_croc/i_core_wrap/_7186_/X (sg13g2_and2_1)
                                         i_croc_soc/i_croc/i_core_wrap/_2350_ (net)
                  0.05    0.00   11.70 ^ i_croc_soc/i_croc/i_core_wrap/_7239_/B (sg13g2_and3_1)
     2    0.01    0.05    0.14   11.84 ^ i_croc_soc/i_croc/i_core_wrap/_7239_/X (sg13g2_and3_1)
                                         i_croc_soc/i_croc/i_core_wrap/_2400_ (net)
                  0.05    0.00   11.84 ^ i_croc_soc/i_croc/i_core_wrap/_7241_/B (sg13g2_and2_1)
     3    0.01    0.06    0.12   11.96 ^ i_croc_soc/i_croc/i_core_wrap/_7241_/X (sg13g2_and2_1)
                                         i_croc_soc/i_croc/i_core_wrap/_2402_ (net)
                  0.06    0.00   11.96 ^ i_croc_soc/i_croc/i_core_wrap/_7291_/C (sg13g2_and3_1)
     2    0.01    0.05    0.14   12.10 ^ i_croc_soc/i_croc/i_core_wrap/_7291_/X (sg13g2_and3_1)
                                         i_croc_soc/i_croc/i_core_wrap/_2449_ (net)
                  0.05    0.00   12.10 ^ i_croc_soc/i_croc/i_core_wrap/_7296_/B (sg13g2_and2_1)
     3    0.01    0.06    0.12   12.22 ^ i_croc_soc/i_croc/i_core_wrap/_7296_/X (sg13g2_and2_1)
                                         i_croc_soc/i_croc/i_core_wrap/_2453_ (net)
                  0.06    0.00   12.22 ^ i_croc_soc/i_croc/i_core_wrap/_7344_/D (sg13g2_nand4_1)
     1    0.01    0.11    0.13   12.35 v i_croc_soc/i_croc/i_core_wrap/_7344_/Y (sg13g2_nand4_1)
                                         i_croc_soc/i_croc/i_core_wrap/_2498_ (net)
                  0.11    0.00   12.35 v i_croc_soc/i_croc/i_core_wrap/_7345_/A (sg13g2_inv_1)
     2    0.01    0.06    0.07   12.43 ^ i_croc_soc/i_croc/i_core_wrap/_7345_/Y (sg13g2_inv_1)
                                         i_croc_soc/i_croc/i_core_wrap/_2499_ (net)
                  0.06    0.00   12.43 ^ i_croc_soc/i_croc/i_core_wrap/_7346_/C (sg13g2_nand3_1)
     4    0.02    0.16    0.16   12.59 v i_croc_soc/i_croc/i_core_wrap/_7346_/Y (sg13g2_nand3_1)
                                         i_croc_soc/i_croc/i_core_wrap/_2500_ (net)
                  0.16    0.00   12.59 v fanout1590/A (sg13g2_buf_2)
     8    0.04    0.07    0.16   12.75 v fanout1590/X (sg13g2_buf_2)
                                         net1590 (net)
                  0.07    0.00   12.76 v i_croc_soc/i_croc/i_core_wrap/_7386_/A1 (sg13g2_o21ai_1)
     1    0.01    0.09    0.12   12.88 ^ i_croc_soc/i_croc/i_core_wrap/_7386_/Y (sg13g2_o21ai_1)
                                         i_croc_soc/i_croc/i_core_wrap/_2537_ (net)
                  0.09    0.00   12.88 ^ i_croc_soc/i_croc/i_core_wrap/_7387_/C (sg13g2_nand3_1)
     1    0.01    0.08    0.11   12.99 v i_croc_soc/i_croc/i_core_wrap/_7387_/Y (sg13g2_nand3_1)
                                         i_croc_soc/i_croc/i_core_wrap/_2538_ (net)
                  0.08    0.00   12.99 v i_croc_soc/i_croc/i_core_wrap/_7392_/A2 (sg13g2_a21o_1)
     1    0.00    0.03    0.13   13.12 v i_croc_soc/i_croc/i_core_wrap/_7392_/X (sg13g2_a21o_1)
                                         i_croc_soc/i_croc/i_core_wrap/_0085_ (net)
                  0.03    0.00   13.12 v i_croc_soc/i_croc/i_core_wrap/i_ibex.crash_dump_o_90__reg/D (sg13g2_dfrbp_2)
                                 13.12   data arrival time

                         12.50   12.50   clock clk_sys (rise edge)
                          0.00   12.50   clock source latency
     1    0.20    0.34    0.03   12.53 ^ clk_i (in)
                                         clk_i (net)
                  0.34    0.00   12.53 ^ pad_clk_i/pad (sg13g2_IOPadIn)
     1    0.09    0.18    0.12   12.65 ^ pad_clk_i/p2c (sg13g2_IOPadIn)
                                         soc_clk_i (net)
                  0.15    0.03   12.68 ^ clkbuf_0_soc_clk_i/A (sg13g2_buf_8)
     4    0.14    0.09    0.15   12.83 ^ clkbuf_0_soc_clk_i/X (sg13g2_buf_8)
                                         clknet_0_soc_clk_i (net)
                  0.09    0.02   12.85 ^ clkbuf_2_3_0_soc_clk_i/A (sg13g2_buf_16)
     2    0.07    0.03    0.10   12.96 ^ clkbuf_2_3_0_soc_clk_i/X (sg13g2_buf_16)
                                         clknet_2_3_0_soc_clk_i (net)
                  0.04    0.00   12.96 ^ clkbuf_3_6_0_soc_clk_i/A (sg13g2_buf_16)
    16    0.38    0.10    0.11   13.07 ^ clkbuf_3_6_0_soc_clk_i/X (sg13g2_buf_16)
                                         clknet_3_6_0_soc_clk_i (net)
                  0.11    0.02   13.10 ^ clkbuf_7_109_0_soc_clk_i/A (sg13g2_buf_16)
     6    0.12    0.04    0.12   13.22 ^ clkbuf_7_109_0_soc_clk_i/X (sg13g2_buf_16)
                                         clknet_7_109_0_soc_clk_i (net)
                  0.05    0.01   13.22 ^ clkbuf_leaf_411_soc_clk_i/A (sg13g2_buf_16)
     7    0.03    0.02    0.08   13.30 ^ clkbuf_leaf_411_soc_clk_i/X (sg13g2_buf_16)
                                         clknet_leaf_411_soc_clk_i (net)
                  0.02    0.00   13.30 ^ i_croc_soc/i_croc/i_core_wrap/i_ibex.crash_dump_o_90__reg/CLK (sg13g2_dfrbp_2)
                         -0.10   13.20   clock uncertainty
                          0.01   13.21   clock reconvergence pessimism
                         -0.12   13.08   library setup time
                                 13.08   data required time
-----------------------------------------------------------------------------
                                 13.08   data required time
                                -13.12   data arrival time
-----------------------------------------------------------------------------
                                 -0.04   slack (VIOLATED)



==========================================================================
06_croc.drt report_checks -unconstrained
--------------------------------------------------------------------------
Startpoint: i_croc_soc/i_rstgen.i_rstgen_bypass.synch_regs_q_3__reg
            (rising edge-triggered flip-flop clocked by clk_sys)
Endpoint: i_croc_soc/i_croc/i_dm_top.i_dm_top/i_dm_csrs.progbuf_o_155__reg
          (recovery check against rising-edge clock clk_sys)
Path Group: asynchronous
Path Type: max
Corner: tt

Fanout     Cap    Slew   Delay    Time   Description
-----------------------------------------------------------------------------
                          0.00    0.00   clock clk_sys (rise edge)
                          0.00    0.00   clock source latency
     1    0.24    0.35    0.04    0.04 ^ clk_i (in)
                                         clk_i (net)
                  0.35    0.00    0.04 ^ pad_clk_i/pad (sg13g2_IOPadIn)
     1    0.09    0.18    0.12    0.16 ^ pad_clk_i/p2c (sg13g2_IOPadIn)
                                         soc_clk_i (net)
                  0.15    0.03    0.19 ^ clkbuf_0_soc_clk_i/A (sg13g2_buf_8)
     4    0.14    0.09    0.15    0.34 ^ clkbuf_0_soc_clk_i/X (sg13g2_buf_8)
                                         clknet_0_soc_clk_i (net)
                  0.09    0.02    0.36 ^ clkbuf_2_3_0_soc_clk_i/A (sg13g2_buf_16)
     2    0.07    0.03    0.10    0.46 ^ clkbuf_2_3_0_soc_clk_i/X (sg13g2_buf_16)
                                         clknet_2_3_0_soc_clk_i (net)
                  0.04    0.00    0.47 ^ clkbuf_3_6_0_soc_clk_i/A (sg13g2_buf_16)
    16    0.38    0.10    0.11    0.58 ^ clkbuf_3_6_0_soc_clk_i/X (sg13g2_buf_16)
                                         clknet_3_6_0_soc_clk_i (net)
                  0.14    0.05    0.63 ^ clkbuf_7_98_0_soc_clk_i/A (sg13g2_buf_16)
     6    0.17    0.06    0.13    0.76 ^ clkbuf_7_98_0_soc_clk_i/X (sg13g2_buf_16)
                                         clknet_7_98_0_soc_clk_i (net)
                  0.09    0.03    0.79 ^ clkbuf_leaf_717_soc_clk_i/A (sg13g2_buf_16)
     5    0.03    0.02    0.09    0.88 ^ clkbuf_leaf_717_soc_clk_i/X (sg13g2_buf_16)
                                         clknet_leaf_717_soc_clk_i (net)
                  0.02    0.00    0.89 ^ i_croc_soc/i_rstgen.i_rstgen_bypass.synch_regs_q_3__reg/CLK (sg13g2_dfrbp_1)
     2    0.01    0.05    0.22    1.10 ^ i_croc_soc/i_rstgen.i_rstgen_bypass.synch_regs_q_3__reg/Q (sg13g2_dfrbp_1)
                                         i_croc_soc/i_rstgen.i_rstgen_bypass.synch_regs_q_3_ (net)
                  0.05    0.00    1.10 ^ i_croc_soc/i_rstgen.i_rstgen_bypass.i_tc_clk_mux2_rst_no/i_mux/A0 (sg13g2_mux2_2)
    23    0.16    0.33    0.30    1.40 ^ i_croc_soc/i_rstgen.i_rstgen_bypass.i_tc_clk_mux2_rst_no/i_mux/X (sg13g2_mux2_2)
                                         i_croc_soc/i_rstgen.i_rstgen_bypass.rst_no (net)
                  0.35    0.06    1.46 ^ fanout4347/A (sg13g2_buf_8)
    26    0.11    0.08    0.19    1.66 ^ fanout4347/X (sg13g2_buf_8)
                                         net4347 (net)
                  0.08    0.01    1.67 ^ fanout4132/A (sg13g2_buf_4)
     4    0.07    0.09    0.16    1.83 ^ fanout4132/X (sg13g2_buf_4)
                                         net4132 (net)
                  0.09    0.01    1.83 ^ fanout4062/A (sg13g2_buf_4)
     4    0.03    0.05    0.13    1.96 ^ fanout4062/X (sg13g2_buf_4)
                                         net4062 (net)
                  0.05    0.00    1.96 ^ fanout4061/A (sg13g2_buf_4)
     5    0.05    0.07    0.12    2.09 ^ fanout4061/X (sg13g2_buf_4)
                                         net4061 (net)
                  0.07    0.00    2.09 ^ fanout4046/A (sg13g2_buf_2)
     5    0.04    0.09    0.14    2.23 ^ fanout4046/X (sg13g2_buf_2)
                                         net4046 (net)
                  0.09    0.00    2.23 ^ fanout4045/A (sg13g2_buf_2)
     4    0.02    0.06    0.12    2.35 ^ fanout4045/X (sg13g2_buf_2)
                                         net4045 (net)
                  0.06    0.00    2.35 ^ fanout4044/A (sg13g2_buf_4)
     8    0.07    0.08    0.14    2.49 ^ fanout4044/X (sg13g2_buf_4)
                                         net4044 (net)
                  0.08    0.00    2.50 ^ fanout4043/A (sg13g2_buf_4)
     8    0.07    0.08    0.16    2.65 ^ fanout4043/X (sg13g2_buf_4)
                                         net4043 (net)
                  0.08    0.00    2.66 ^ i_croc_soc/i_croc/i_dm_top.i_dm_top/i_dm_csrs.progbuf_o_155__reg/RESET_B (sg13g2_dfrbp_1)
                                  2.66   data arrival time

                         12.50   12.50   clock clk_sys (rise edge)
                          0.00   12.50   clock source latency
     1    0.20    0.34    0.03   12.53 ^ clk_i (in)
                                         clk_i (net)
                  0.34    0.00   12.53 ^ pad_clk_i/pad (sg13g2_IOPadIn)
     1    0.09    0.18    0.12   12.65 ^ pad_clk_i/p2c (sg13g2_IOPadIn)
                                         soc_clk_i (net)
                  0.15    0.03   12.68 ^ clkbuf_0_soc_clk_i/A (sg13g2_buf_8)
     4    0.14    0.09    0.15   12.83 ^ clkbuf_0_soc_clk_i/X (sg13g2_buf_8)
                                         clknet_0_soc_clk_i (net)
                  0.09    0.02   12.85 ^ clkbuf_2_2_0_soc_clk_i/A (sg13g2_buf_16)
     2    0.08    0.03    0.10   12.96 ^ clkbuf_2_2_0_soc_clk_i/X (sg13g2_buf_16)
                                         clknet_2_2_0_soc_clk_i (net)
                  0.04    0.01   12.97 ^ clkbuf_3_4_0_soc_clk_i/A (sg13g2_buf_16)
    16    0.38    0.11    0.13   13.09 ^ clkbuf_3_4_0_soc_clk_i/X (sg13g2_buf_16)
                                         clknet_3_4_0_soc_clk_i (net)
                  0.11    0.01   13.10 ^ clkbuf_7_64_0_soc_clk_i/A (sg13g2_buf_16)
     6    0.13    0.05    0.12   13.22 ^ clkbuf_7_64_0_soc_clk_i/X (sg13g2_buf_16)
                                         clknet_7_64_0_soc_clk_i (net)
                  0.05    0.01   13.23 ^ clkbuf_leaf_713_soc_clk_i/A (sg13g2_buf_16)
     7    0.03    0.02    0.08   13.31 ^ clkbuf_leaf_713_soc_clk_i/X (sg13g2_buf_16)
                                         clknet_leaf_713_soc_clk_i (net)
                  0.02    0.00   13.31 ^ i_croc_soc/i_croc/i_dm_top.i_dm_top/i_dm_csrs.progbuf_o_155__reg/CLK (sg13g2_dfrbp_1)
                         -0.10   13.21   clock uncertainty
                          0.01   13.22   clock reconvergence pessimism
                         -0.13   13.09   library recovery time
                                 13.09   data required time
-----------------------------------------------------------------------------
                                 13.09   data required time
                                 -2.66   data arrival time
-----------------------------------------------------------------------------
                                 10.43   slack (MET)


Startpoint: i_croc_soc/i_croc/i_dmi_jtag/i_dmi_cdc.i_cdc_req/i_dst/async_ack_o_reg
            (rising edge-triggered flip-flop clocked by clk_sys)
Endpoint: i_croc_soc/i_croc/i_dm_top.i_dm_top/i_dm_csrs.progbuf_o_79__reg
          (rising edge-triggered flip-flop clocked by clk_sys)
Path Group: path delay
Path Type: max
Corner: tt

Fanout     Cap    Slew   Delay    Time   Description
-----------------------------------------------------------------------------
                  0.02    0.00    0.00 ^ i_croc_soc/i_croc/i_dmi_jtag/i_dmi_cdc.i_cdc_req/i_dst/async_ack_o_reg/CLK (sg13g2_dfrbp_2)
     6    0.03    0.07    0.28    0.28 ^ i_croc_soc/i_croc/i_dmi_jtag/i_dmi_cdc.i_cdc_req/i_dst/async_ack_o_reg/Q (sg13g2_dfrbp_2)
                                         i_croc_soc/i_croc/i_dmi_jtag/i_dmi_cdc.i_cdc_req/async_ack (net)
                  0.07    0.00    0.28 ^ i_croc_soc/i_croc/i_dmi_jtag/i_dmi_cdc.i_cdc_req/i_dst/_199_/A (sg13g2_xor2_1)
     1    0.00    0.06    0.12    0.40 ^ i_croc_soc/i_croc/i_dmi_jtag/i_dmi_cdc.i_cdc_req/i_dst/_199_/X (sg13g2_xor2_1)
                                         i_croc_soc/i_croc/i_dmi_jtag/i_dmi_cdc.i_cdc_req/s_dst_valid (net)
                  0.06    0.00    0.40 ^ i_croc_soc/i_croc/i_dmi_jtag/i_dmi_cdc.i_cdc_req/_5_/B_N (sg13g2_nor2b_2)
     5    0.03    0.15    0.17    0.57 ^ i_croc_soc/i_croc/i_dmi_jtag/i_dmi_cdc.i_cdc_req/_5_/Y (sg13g2_nor2b_2)
                                         i_croc_soc/i_croc/dmi_req_valid (net)
                  0.15    0.00    0.57 ^ i_croc_soc/i_croc/i_dm_top.i_dm_top/_4879_/A (sg13g2_nand2_2)
     4    0.03    0.13    0.15    0.73 v i_croc_soc/i_croc/i_dm_top.i_dm_top/_4879_/Y (sg13g2_nand2_2)
                                         i_croc_soc/i_croc/i_dm_top.i_dm_top/_0600_ (net)
                  0.13    0.00    0.73 v i_croc_soc/i_croc/i_dm_top.i_dm_top/_4891_/A (sg13g2_or2_1)
     2    0.01    0.06    0.17    0.89 v i_croc_soc/i_croc/i_dm_top.i_dm_top/_4891_/X (sg13g2_or2_1)
                                         i_croc_soc/i_croc/i_dm_top.i_dm_top/_0611_ (net)
                  0.06    0.00    0.89 v fanout3198/A (sg13g2_buf_4)
     8    0.05    0.06    0.12    1.01 v fanout3198/X (sg13g2_buf_4)
                                         net3198 (net)
                  0.06    0.00    1.01 v i_croc_soc/i_croc/i_dm_top.i_dm_top/_4896_/A (sg13g2_nor2_2)
     7    0.04    0.17    0.16    1.17 ^ i_croc_soc/i_croc/i_dm_top.i_dm_top/_4896_/Y (sg13g2_nor2_2)
                                         i_croc_soc/i_croc/i_dm_top.i_dm_top/_0616_ (net)
                  0.17    0.00    1.17 ^ i_croc_soc/i_croc/i_dm_top.i_dm_top/_6537_/A1 (sg13g2_a21oi_2)
     8    0.04    0.17    0.20    1.37 v i_croc_soc/i_croc/i_dm_top.i_dm_top/_6537_/Y (sg13g2_a21oi_2)
                                         i_croc_soc/i_croc/i_dm_top.i_dm_top/_2038_ (net)
                  0.17    0.00    1.37 v i_croc_soc/i_croc/i_dm_top.i_dm_top/_7273_/A (sg13g2_nor2_1)
     1    0.01    0.08    0.11    1.49 ^ i_croc_soc/i_croc/i_dm_top.i_dm_top/_7273_/Y (sg13g2_nor2_1)
                                         i_croc_soc/i_croc/i_dm_top.i_dm_top/_2558_ (net)
                  0.08    0.00    1.49 ^ fanout2868/A (sg13g2_buf_4)
     4    0.04    0.05    0.13    1.62 ^ fanout2868/X (sg13g2_buf_4)
                                         net2868 (net)
                  0.06    0.01    1.63 ^ fanout2865/A (sg13g2_buf_2)
     4    0.03    0.07    0.12    1.74 ^ fanout2865/X (sg13g2_buf_2)
                                         net2865 (net)
                  0.07    0.00    1.75 ^ fanout2864/A (sg13g2_buf_4)
     8    0.04    0.06    0.13    1.88 ^ fanout2864/X (sg13g2_buf_4)
                                         net2864 (net)
                  0.06    0.00    1.88 ^ fanout2863/A (sg13g2_buf_2)
     8    0.04    0.10    0.14    2.02 ^ fanout2863/X (sg13g2_buf_2)
                                         net2863 (net)
                  0.10    0.00    2.02 ^ fanout2862/A (sg13g2_buf_2)
     8    0.04    0.09    0.15    2.17 ^ fanout2862/X (sg13g2_buf_2)
                                         net2862 (net)
                  0.09    0.00    2.18 ^ i_croc_soc/i_croc/i_dm_top.i_dm_top/_7329_/C (sg13g2_nand3_1)
     1    0.01    0.08    0.11    2.29 v i_croc_soc/i_croc/i_dm_top.i_dm_top/_7329_/Y (sg13g2_nand3_1)
                                         i_croc_soc/i_croc/i_dm_top.i_dm_top/_2598_ (net)
                  0.08    0.00    2.29 v i_croc_soc/i_croc/i_dm_top.i_dm_top/_7330_/B1 (sg13g2_o21ai_1)
     1    0.00    0.08    0.06    2.35 ^ i_croc_soc/i_croc/i_dm_top.i_dm_top/_7330_/Y (sg13g2_o21ai_1)
                                         i_croc_soc/i_croc/i_dm_top.i_dm_top/_0414_ (net)
                  0.08    0.00    2.35 ^ i_croc_soc/i_croc/i_dm_top.i_dm_top/i_dm_csrs.progbuf_o_79__reg/D (sg13g2_dfrbp_1)
                                  2.35   data arrival time

                          4.38    4.38   max_delay
                         -0.13    4.25   library setup time
                                  4.25   data required time
-----------------------------------------------------------------------------
                                  4.25   data required time
                                 -2.35   data arrival time
-----------------------------------------------------------------------------
                                  1.90   slack (MET)


Startpoint: i_croc_soc/i_croc/i_dmi_jtag/td_o_reg
            (rising edge-triggered flip-flop clocked by clk_jtg')
Endpoint: jtag_tdo_o (output port clocked by clk_jtg)
Path Group: clk_jtg
Path Type: max
Corner: tt

Fanout     Cap    Slew   Delay    Time   Description
-----------------------------------------------------------------------------
                         10.00   10.00   clock clk_jtg' (rise edge)
                          0.00   10.00   clock source latency
     1    0.23    0.49    0.03   10.03 v jtag_tck_i (in)
                                         jtag_tck_i (net)
                  0.49    0.00   10.03 v pad_jtag_tck_i/pad (sg13g2_IOPadIn)
     1    0.08    0.20    0.66   10.69 v pad_jtag_tck_i/p2c (sg13g2_IOPadIn)
                                         soc_jtag_tck_i (net)
                  0.15    0.02   10.71 v clkbuf_0_soc_jtag_tck_i/A (sg13g2_buf_8)
     8    0.11    0.06    0.15   10.87 v clkbuf_0_soc_jtag_tck_i/X (sg13g2_buf_8)
                                         clknet_0_soc_jtag_tck_i (net)
                  0.07    0.01   10.87 v clkbuf_3_0__f_soc_jtag_tck_i/A (sg13g2_buf_8)
     5    0.10    0.06    0.12   10.99 v clkbuf_3_0__f_soc_jtag_tck_i/X (sg13g2_buf_8)
                                         clknet_3_0__leaf_soc_jtag_tck_i (net)
                  0.06    0.00   11.00 v clkbuf_leaf_35_soc_jtag_tck_i/A (sg13g2_buf_16)
     9    0.04    0.02    0.09   11.08 v clkbuf_leaf_35_soc_jtag_tck_i/X (sg13g2_buf_16)
                                         clknet_leaf_35_soc_jtag_tck_i (net)
                  0.02    0.00   11.08 v i_croc_soc/i_croc/i_dmi_jtag/i_dmi_jtag_tap.i_tck_inv/i_inv_5299/A (sg13g2_inv_1)
     1    0.01    0.03    0.04   11.12 ^ i_croc_soc/i_croc/i_dmi_jtag/i_dmi_jtag_tap.i_tck_inv/i_inv_5299/Y (sg13g2_inv_1)
                                         net5299 (net)
                  0.03    0.00   11.12 ^ i_croc_soc/i_croc/i_dmi_jtag/i_dmi_jtag_tap.i_dft_tck_mux/i_mux/A0 (sg13g2_mux2_1)
     1    0.01    0.06    0.11   11.23 ^ i_croc_soc/i_croc/i_dmi_jtag/i_dmi_jtag_tap.i_dft_tck_mux/i_mux/X (sg13g2_mux2_1)
                                         i_croc_soc/i_croc/i_dmi_jtag/i_dmi_jtag_tap.tck_n (net)
                  0.06    0.00   11.23 ^ clkbuf_0_i_croc_soc/i_croc/i_dmi_jtag/i_dmi_jtag_tap.tck_n/A (sg13g2_buf_8)
     2    0.02    0.03    0.08   11.31 ^ clkbuf_0_i_croc_soc/i_croc/i_dmi_jtag/i_dmi_jtag_tap.tck_n/X (sg13g2_buf_8)
                                         clknet_0_i_croc_soc/i_croc/i_dmi_jtag/i_dmi_jtag_tap.tck_n (net)
                  0.03    0.00   11.31 ^ clkbuf_1_0__f_i_croc_soc/i_croc/i_dmi_jtag/i_dmi_jtag_tap.tck_n/A (sg13g2_buf_8)
     1    0.00    0.02    0.06   11.38 ^ clkbuf_1_0__f_i_croc_soc/i_croc/i_dmi_jtag/i_dmi_jtag_tap.tck_n/X (sg13g2_buf_8)
                                         clknet_1_0__leaf_i_croc_soc/i_croc/i_dmi_jtag/i_dmi_jtag_tap.tck_n (net)
                  0.02    0.00   11.38 ^ i_croc_soc/i_croc/i_dmi_jtag/td_o_reg/CLK (sg13g2_dfrbp_2)
     1    0.14    0.29    0.39   11.77 ^ i_croc_soc/i_croc/i_dmi_jtag/td_o_reg/Q (sg13g2_dfrbp_2)
                                         soc_jtag_tdo_o (net)
                  0.41    0.06   11.83 ^ pad_jtag_tdo_o/c2p (sg13g2_IOPadOut16mA)
     1   15.00    3.55    3.29   15.12 ^ pad_jtag_tdo_o/pad (sg13g2_IOPadOut16mA)
                                         jtag_tdo_o (net)
                  2.66    0.00   15.12 ^ jtag_tdo_o (out)
                                 15.12   data arrival time

                         20.00   20.00   clock clk_jtg (rise edge)
                          0.00   20.00   clock network delay (propagated)
                         -0.10   19.90   clock uncertainty
                          0.00   19.90   clock reconvergence pessimism
                         -5.00   14.90   output external delay
                                 14.90   data required time
-----------------------------------------------------------------------------
                                 14.90   data required time
                                -15.12   data arrival time
-----------------------------------------------------------------------------
                                 -0.22   slack (VIOLATED)


Startpoint: i_croc_soc/i_croc/i_core_wrap/i_ibex.id_stage_i.controller_i.instr_i_15__reg
            (rising edge-triggered flip-flop clocked by clk_sys)
Endpoint: i_croc_soc/i_croc/i_core_wrap/i_ibex.crash_dump_o_90__reg
          (rising edge-triggered flip-flop clocked by clk_sys)
Path Group: clk_sys
Path Type: max
Corner: tt

Fanout     Cap    Slew   Delay    Time   Description
-----------------------------------------------------------------------------
                          0.00    0.00   clock clk_sys (rise edge)
                          0.00    0.00   clock source latency
     1    0.24    0.35    0.04    0.04 ^ clk_i (in)
                                         clk_i (net)
                  0.35    0.00    0.04 ^ pad_clk_i/pad (sg13g2_IOPadIn)
     1    0.09    0.18    0.12    0.16 ^ pad_clk_i/p2c (sg13g2_IOPadIn)
                                         soc_clk_i (net)
                  0.15    0.03    0.19 ^ clkbuf_0_soc_clk_i/A (sg13g2_buf_8)
     4    0.14    0.09    0.15    0.34 ^ clkbuf_0_soc_clk_i/X (sg13g2_buf_8)
                                         clknet_0_soc_clk_i (net)
                  0.09    0.02    0.36 ^ clkbuf_2_0_0_soc_clk_i/A (sg13g2_buf_16)
     2    0.08    0.03    0.10    0.46 ^ clkbuf_2_0_0_soc_clk_i/X (sg13g2_buf_16)
                                         clknet_2_0_0_soc_clk_i (net)
                  0.04    0.01    0.48 ^ clkbuf_3_1_0_soc_clk_i/A (sg13g2_buf_16)
    16    0.40    0.11    0.12    0.60 ^ clkbuf_3_1_0_soc_clk_i/X (sg13g2_buf_16)
                                         clknet_3_1_0_soc_clk_i (net)
                  0.12    0.03    0.63 ^ clkbuf_7_26_0_soc_clk_i/A (sg13g2_buf_16)
     7    0.12    0.05    0.12    0.75 ^ clkbuf_7_26_0_soc_clk_i/X (sg13g2_buf_16)
                                         clknet_7_26_0_soc_clk_i (net)
                  0.05    0.01    0.76 ^ clkbuf_leaf_251_soc_clk_i/A (sg13g2_buf_16)
     8    0.04    0.02    0.08    0.84 ^ clkbuf_leaf_251_soc_clk_i/X (sg13g2_buf_16)
                                         clknet_leaf_251_soc_clk_i (net)
                  0.02    0.00    0.84 ^ i_croc_soc/i_croc/i_core_wrap/i_ibex.id_stage_i.controller_i.instr_i_15__reg/CLK (sg13g2_dfrbp_2)
     7    0.06    0.14    0.32    1.15 ^ i_croc_soc/i_croc/i_core_wrap/i_ibex.id_stage_i.controller_i.instr_i_15__reg/Q (sg13g2_dfrbp_2)
                                         i_croc_soc/i_croc/i_core_wrap/i_ibex.id_stage_i.controller_i.instr_i_15_ (net)
                  0.14    0.02    1.17 ^ fanout5230/A (sg13g2_buf_16)
     8    0.10    0.04    0.12    1.30 ^ fanout5230/X (sg13g2_buf_16)
                                         net5230 (net)
                  0.04    0.01    1.30 ^ fanout5229/A (sg13g2_buf_8)
     4    0.04    0.03    0.08    1.38 ^ fanout5229/X (sg13g2_buf_8)
                                         net5229 (net)
                  0.03    0.01    1.39 ^ fanout5208/A (sg13g2_buf_8)
     4    0.05    0.04    0.08    1.47 ^ fanout5208/X (sg13g2_buf_8)
                                         net5208 (net)
                  0.04    0.00    1.47 ^ fanout5203/A (sg13g2_buf_8)
     6    0.06    0.04    0.09    1.56 ^ fanout5203/X (sg13g2_buf_8)
                                         net5203 (net)
                  0.04    0.00    1.56 ^ fanout5201/A (sg13g2_buf_8)
     8    0.07    0.05    0.09    1.65 ^ fanout5201/X (sg13g2_buf_8)
                                         net5201 (net)
                  0.05    0.00    1.66 ^ i_croc_soc/i_croc/i_core_wrap/i_ibex.register_file_i/_4550_/S (sg13g2_mux2_1)
     1    0.01    0.04    0.16    1.82 v i_croc_soc/i_croc/i_core_wrap/i_ibex.register_file_i/_4550_/X (sg13g2_mux2_1)
                                         i_croc_soc/i_croc/i_core_wrap/i_ibex.register_file_i/_1495_ (net)
                  0.04    0.00    1.82 v i_croc_soc/i_croc/i_core_wrap/i_ibex.register_file_i/_4552_/A2 (sg13g2_a22oi_1)
     1    0.01    0.07    0.09    1.91 ^ i_croc_soc/i_croc/i_core_wrap/i_ibex.register_file_i/_4552_/Y (sg13g2_a22oi_1)
                                         i_croc_soc/i_croc/i_core_wrap/i_ibex.register_file_i/_1497_ (net)
                  0.07    0.00    1.91 ^ i_croc_soc/i_croc/i_core_wrap/i_ibex.register_file_i/_4557_/A1 (sg13g2_a21oi_1)
     1    0.01    0.06    0.08    1.99 v i_croc_soc/i_croc/i_core_wrap/i_ibex.register_file_i/_4557_/Y (sg13g2_a21oi_1)
                                         i_croc_soc/i_croc/i_core_wrap/i_ibex.register_file_i/_1502_ (net)
                  0.06    0.00    1.99 v i_croc_soc/i_croc/i_core_wrap/i_ibex.register_file_i/_4558_/C1 (sg13g2_a221oi_1)
     1    0.02    0.31    0.26    2.25 ^ i_croc_soc/i_croc/i_core_wrap/i_ibex.register_file_i/_4558_/Y (sg13g2_a221oi_1)
                                         i_croc_soc/i_croc/i_core_wrap/i_ibex.register_file_i/_1503_ (net)
                  0.31    0.00    2.25 ^ i_croc_soc/i_croc/i_core_wrap/i_ibex.register_file_i/_4559_/C (sg13g2_nand3_1)
     7    0.05    0.46    0.47    2.72 v i_croc_soc/i_croc/i_core_wrap/i_ibex.register_file_i/_4559_/Y (sg13g2_nand3_1)
                                         i_croc_soc/i_croc/i_core_wrap/i_ibex.ex_block_i.multdiv_operand_a_i_8_ (net)
                  0.46    0.01    2.73 v i_croc_soc/i_croc/i_core_wrap/_5616_/A0 (sg13g2_mux2_1)
     1    0.00    0.05    0.22    2.95 v i_croc_soc/i_croc/i_core_wrap/_5616_/X (sg13g2_mux2_1)
                                         i_croc_soc/i_croc/i_core_wrap/_0954_ (net)
                  0.05    0.00    2.95 v i_croc_soc/i_croc/i_core_wrap/_5617_/B (sg13g2_and2_1)
     1    0.00    0.02    0.08    3.03 v i_croc_soc/i_croc/i_core_wrap/_5617_/X (sg13g2_and2_1)
                                         i_croc_soc/i_croc/i_core_wrap/_0955_ (net)
                  0.02    0.00    3.03 v i_croc_soc/i_croc/i_core_wrap/_5618_/B1 (sg13g2_a21oi_1)
     1    0.00    0.07    0.07    3.10 ^ i_croc_soc/i_croc/i_core_wrap/_5618_/Y (sg13g2_a21oi_1)
                                         i_croc_soc/i_croc/i_core_wrap/_0956_ (net)
                  0.07    0.00    3.10 ^ fanout2961/A (sg13g2_buf_2)
     5    0.04    0.09    0.13    3.24 ^ fanout2961/X (sg13g2_buf_2)
                                         net2961 (net)
                  0.09    0.00    3.24 ^ fanout2960/A (sg13g2_buf_8)
     6    0.02    0.03    0.10    3.34 ^ fanout2960/X (sg13g2_buf_8)
                                         net2960 (net)
                  0.03    0.00    3.34 ^ fanout2959/A (sg13g2_buf_4)
     7    0.04    0.06    0.11    3.45 ^ fanout2959/X (sg13g2_buf_4)
                                         net2959 (net)
                  0.06    0.00    3.45 ^ fanout2958/A (sg13g2_buf_8)
     7    0.03    0.03    0.08    3.53 ^ fanout2958/X (sg13g2_buf_8)
                                         net2958 (net)
                  0.03    0.00    3.54 ^ i_croc_soc/i_croc/i_core_wrap/_5620_/A (sg13g2_inv_1)
     4    0.02    0.06    0.06    3.60 v i_croc_soc/i_croc/i_core_wrap/_5620_/Y (sg13g2_inv_1)
                                         i_croc_soc/i_croc/i_core_wrap/i_ibex.alu_operand_a_ex_8_ (net)
                  0.06    0.00    3.60 v fanout2774/A (sg13g2_buf_4)
     8    0.04    0.04    0.10    3.70 v fanout2774/X (sg13g2_buf_4)
                                         net2774 (net)
                  0.04    0.00    3.71 v i_croc_soc/i_croc/i_core_wrap/_5638_/A1 (sg13g2_o21ai_1)
     1    0.00    0.10    0.10    3.81 ^ i_croc_soc/i_croc/i_core_wrap/_5638_/Y (sg13g2_o21ai_1)
                                         i_croc_soc/i_croc/i_core_wrap/_0974_ (net)
                  0.10    0.00    3.81 ^ i_croc_soc/i_croc/i_core_wrap/_5663_/A1 (sg13g2_a221oi_1)
     3    0.02    0.14    0.15    3.96 v i_croc_soc/i_croc/i_core_wrap/_5663_/Y (sg13g2_a221oi_1)
                                         i_croc_soc/i_croc/i_core_wrap/_0997_ (net)
                  0.14    0.00    3.96 v i_croc_soc/i_croc/i_core_wrap/_5664_/B (sg13g2_nand2_1)
     1    0.01    0.06    0.08    4.04 ^ i_croc_soc/i_croc/i_core_wrap/_5664_/Y (sg13g2_nand2_1)
                                         i_croc_soc/i_croc/i_core_wrap/_0998_ (net)
                  0.06    0.00    4.04 ^ i_croc_soc/i_croc/i_core_wrap/_5700_/A1 (sg13g2_a22oi_1)
     3    0.02    0.14    0.14    4.18 v i_croc_soc/i_croc/i_core_wrap/_5700_/Y (sg13g2_a22oi_1)
                                         i_croc_soc/i_croc/i_core_wrap/_1032_ (net)
                  0.14    0.00    4.18 v i_croc_soc/i_croc/i_core_wrap/_5859_/A (sg13g2_nor3_2)
     4    0.02    0.17    0.20    4.38 ^ i_croc_soc/i_croc/i_core_wrap/_5859_/Y (sg13g2_nor3_2)
                                         i_croc_soc/i_croc/i_core_wrap/_1186_ (net)
                  0.17    0.00    4.38 ^ i_croc_soc/i_croc/i_core_wrap/_6222_/A1 (sg13g2_o21ai_1)
     1    0.00    0.06    0.10    4.49 v i_croc_soc/i_croc/i_core_wrap/_6222_/Y (sg13g2_o21ai_1)
                                         i_croc_soc/i_croc/i_core_wrap/_1527_ (net)
                  0.06    0.00    4.49 v i_croc_soc/i_croc/i_core_wrap/_6223_/B_N (sg13g2_nor2b_2)
     2    0.01    0.06    0.11    4.59 v i_croc_soc/i_croc/i_core_wrap/_6223_/Y (sg13g2_nor2b_2)
                                         i_croc_soc/i_croc/i_core_wrap/_1528_ (net)
                  0.06    0.00    4.59 v fanout1031/A (sg13g2_buf_8)
     8    0.04    0.03    0.09    4.68 v fanout1031/X (sg13g2_buf_8)
                                         net1031 (net)
                  0.03    0.01    4.69 v i_croc_soc/i_croc/i_core_wrap/_6346_/A (sg13g2_xnor2_1)
     4    0.04    0.23    0.23    4.92 v i_croc_soc/i_croc/i_core_wrap/_6346_/Y (sg13g2_xnor2_1)
                                         i_croc_soc/i_croc/core_data_obi_req_63_ (net)
                  0.23    0.00    4.92 v i_croc_soc/i_croc/i_core_wrap/_7340_/A1 (sg13g2_a221oi_1)
     1    0.01    0.16    0.23    5.15 ^ i_croc_soc/i_croc/i_core_wrap/_7340_/Y (sg13g2_a221oi_1)
                                         i_croc_soc/i_croc/i_core_wrap/_2494_ (net)
                  0.16    0.00    5.15 ^ i_croc_soc/i_croc/i_core_wrap/_7342_/A (sg13g2_nor2_2)
     3    0.02    0.06    0.10    5.25 v i_croc_soc/i_croc/i_core_wrap/_7342_/Y (sg13g2_nor2_2)
                                         i_croc_soc/i_croc/i_core_wrap/_2496_ (net)
                  0.06    0.00    5.25 v i_croc_soc/i_croc/i_core_wrap/_8583_/B1 (sg13g2_a21o_1)
     3    0.01    0.06    0.15    5.40 v i_croc_soc/i_croc/i_core_wrap/_8583_/X (sg13g2_a21o_1)
                                         i_croc_soc/i_croc/i_core_wrap/_3583_ (net)
                  0.06    0.00    5.40 v i_croc_soc/i_croc/i_core_wrap/_8901_/A1 (sg13g2_mux2_2)
     4    0.02    0.06    0.17    5.57 v i_croc_soc/i_croc/i_core_wrap/_8901_/X (sg13g2_mux2_2)
                                         i_croc_soc/i_croc/core_instr_obi_req_63_ (net)
                  0.06    0.00    5.57 v i_croc_soc/i_croc/_05445_/A (sg13g2_nor4_2)
     1    0.00    0.10    0.14    5.71 ^ i_croc_soc/i_croc/_05445_/Y (sg13g2_nor4_2)
                                         i_croc_soc/i_croc/_00761_ (net)
                  0.10    0.00    5.71 ^ i_croc_soc/i_croc/_05446_/C (sg13g2_nand3_1)
     4    0.03    0.23    0.24    5.95 v i_croc_soc/i_croc/_05446_/Y (sg13g2_nand3_1)
                                         i_croc_soc/i_croc/_00762_ (net)
                  0.23    0.00    5.95 v i_croc_soc/i_croc/_05452_/A (sg13g2_nor3_2)
     5    0.04    0.27    0.29    6.24 ^ i_croc_soc/i_croc/_05452_/Y (sg13g2_nor3_2)
                                         i_croc_soc/i_croc/_00768_ (net)
                  0.27    0.01    6.24 ^ i_croc_soc/i_croc/_05453_/A (sg13g2_inv_2)
     3    0.01    0.07    0.09    6.33 v i_croc_soc/i_croc/_05453_/Y (sg13g2_inv_2)
                                         i_croc_soc/i_croc/_00769_ (net)
                  0.07    0.00    6.33 v i_croc_soc/i_croc/_05455_/B (sg13g2_and4_1)
     2    0.01    0.03    0.11    6.44 v i_croc_soc/i_croc/_05455_/X (sg13g2_and4_1)
                                         i_croc_soc/i_croc/_00771_ (net)
                  0.03    0.00    6.44 v i_croc_soc/i_croc/_05456_/B1 (sg13g2_o21ai_1)
     5    0.03    0.33    0.14    6.58 ^ i_croc_soc/i_croc/_05456_/Y (sg13g2_o21ai_1)
                                         i_croc_soc/i_croc/_00772_ (net)
                  0.33    0.00    6.58 ^ i_croc_soc/i_croc/_05457_/C (sg13g2_nor3_2)
     3    0.01    0.08    0.11    6.69 v i_croc_soc/i_croc/_05457_/Y (sg13g2_nor3_2)
                                         i_croc_soc/i_croc/_00773_ (net)
                  0.08    0.00    6.69 v i_croc_soc/i_croc/_05458_/D (sg13g2_nor4_2)
     2    0.01    0.14    0.13    6.82 ^ i_croc_soc/i_croc/_05458_/Y (sg13g2_nor4_2)
                                         i_croc_soc/i_croc/_00774_ (net)
                  0.14    0.00    6.82 ^ i_croc_soc/i_croc/_05587_/A_N (sg13g2_nand2b_2)
     3    0.01    0.05    0.14    6.96 ^ i_croc_soc/i_croc/_05587_/Y (sg13g2_nand2b_2)
                                         i_croc_soc/i_croc/_00903_ (net)
                  0.05    0.00    6.96 ^ i_croc_soc/i_croc/_05643_/A (sg13g2_nand2_1)
     1    0.01    0.05    0.06    7.02 v i_croc_soc/i_croc/_05643_/Y (sg13g2_nand2_1)
                                         i_croc_soc/i_croc/_00958_ (net)
                  0.05    0.00    7.02 v fanout2314/A (sg13g2_buf_2)
     4    0.02    0.05    0.10    7.13 v fanout2314/X (sg13g2_buf_2)
                                         net2314 (net)
                  0.05    0.00    7.13 v fanout2312/A (sg13g2_buf_8)
     8    0.04    0.03    0.09    7.22 v fanout2312/X (sg13g2_buf_8)
                                         net2312 (net)
                  0.03    0.00    7.22 v i_croc_soc/i_croc/_05650_/B2 (sg13g2_a221oi_1)
     1    0.00    0.12    0.14    7.36 ^ i_croc_soc/i_croc/_05650_/Y (sg13g2_a221oi_1)
                                         i_croc_soc/i_croc/_00965_ (net)
                  0.12    0.00    7.36 ^ rebuffer5306/A (sg13g2_buf_2)
     7    0.03    0.07    0.14    7.50 ^ rebuffer5306/X (sg13g2_buf_2)
                                         net5306 (net)
                  0.07    0.00    7.50 ^ i_croc_soc/i_croc/_05652_/D (sg13g2_nand4_1)
     3    0.01    0.16    0.18    7.68 v i_croc_soc/i_croc/_05652_/Y (sg13g2_nand4_1)
                                         i_croc_soc/i_croc/_00967_ (net)
                  0.16    0.00    7.68 v i_croc_soc/i_croc/_05676_/A2 (sg13g2_a21o_2)
     5    0.03    0.08    0.23    7.91 v i_croc_soc/i_croc/_05676_/X (sg13g2_a21o_2)
                                         i_croc_soc/i_croc/_00991_ (net)
                  0.08    0.00    7.91 v i_croc_soc/i_croc/_05677_/B (sg13g2_xnor2_1)
     1    0.00    0.07    0.09    8.00 ^ i_croc_soc/i_croc/_05677_/Y (sg13g2_xnor2_1)
                                         i_croc_soc/i_croc/_00992_ (net)
                  0.07    0.00    8.00 ^ i_croc_soc/i_croc/_05733_/A1 (sg13g2_o21ai_1)
     4    0.02    0.13    0.14    8.15 v i_croc_soc/i_croc/_05733_/Y (sg13g2_o21ai_1)
                                         i_croc_soc/i_croc/_01047_ (net)
                  0.13    0.00    8.15 v i_croc_soc/i_croc/_05734_/B (sg13g2_nand2_2)
     5    0.03    0.09    0.11    8.26 ^ i_croc_soc/i_croc/_05734_/Y (sg13g2_nand2_2)
                                         i_croc_soc/i_croc/_01048_ (net)
                  0.09    0.00    8.26 ^ i_croc_soc/i_croc/_06356_/B (sg13g2_nor2_2)
     2    0.01    0.03    0.05    8.31 v i_croc_soc/i_croc/_06356_/Y (sg13g2_nor2_2)
                                         i_croc_soc/i_croc/_01558_ (net)
                  0.03    0.00    8.31 v i_croc_soc/i_croc/_06357_/C (sg13g2_nand3_1)
     3    0.05    0.23    0.18    8.49 ^ i_croc_soc/i_croc/_06357_/Y (sg13g2_nand3_1)
                                         i_croc_soc/i_croc/_01559_ (net)
                  0.23    0.01    8.50 ^ fanout2178/A (sg13g2_buf_8)
     5    0.05    0.05    0.15    8.65 ^ fanout2178/X (sg13g2_buf_8)
                                         net2178 (net)
                  0.05    0.01    8.65 ^ fanout2177/A (sg13g2_buf_16)
     8    0.07    0.03    0.08    8.74 ^ fanout2177/X (sg13g2_buf_16)
                                         net2177 (net)
                  0.03    0.01    8.74 ^ fanout2176/A (sg13g2_buf_8)
     6    0.04    0.03    0.08    8.82 ^ fanout2176/X (sg13g2_buf_8)
                                         net2176 (net)
                  0.03    0.00    8.82 ^ fanout2175/A (sg13g2_buf_8)
     4    0.02    0.02    0.07    8.89 ^ fanout2175/X (sg13g2_buf_8)
                                         net2175 (net)
                  0.02    0.00    8.89 ^ i_croc_soc/i_croc/_06412_/B (sg13g2_nor2_1)
     1    0.01    0.06    0.04    8.93 v i_croc_soc/i_croc/_06412_/Y (sg13g2_nor2_1)
                                         i_croc_soc/i_croc/all_periph_obi_req_337_ (net)
                  0.06    0.00    8.93 v fanout2135/A (sg13g2_buf_2)
     4    0.02    0.04    0.10    9.03 v fanout2135/X (sg13g2_buf_2)
                                         net2135 (net)
                  0.04    0.00    9.03 v i_croc_soc/i_croc/i_gpio/_1354_/B (sg13g2_nand2_1)
     2    0.01    0.05    0.05    9.08 ^ i_croc_soc/i_croc/i_gpio/_1354_/Y (sg13g2_nand2_1)
                                         i_croc_soc/i_croc/i_gpio/_0150_ (net)
                  0.05    0.00    9.08 ^ i_croc_soc/i_croc/i_gpio/_1355_/B (sg13g2_nand3_1)
     1    0.01    0.07    0.09    9.17 v i_croc_soc/i_croc/i_gpio/_1355_/Y (sg13g2_nand3_1)
                                         i_croc_soc/i_croc/i_gpio/_0151_ (net)
                  0.07    0.00    9.17 v i_croc_soc/i_croc/i_gpio/_1356_/B1 (sg13g2_o21ai_1)
     1    0.01    0.10    0.06    9.23 ^ i_croc_soc/i_croc/i_gpio/_1356_/Y (sg13g2_o21ai_1)
                                         i_croc_soc/i_croc/all_periph_obi_rsp_159_ (net)
                  0.10    0.00    9.23 ^ i_croc_soc/i_croc/_07626_/A (sg13g2_inv_1)
     1    0.01    0.05    0.07    9.30 v i_croc_soc/i_croc/_07626_/Y (sg13g2_inv_1)
                                         i_croc_soc/i_croc/_02530_ (net)
                  0.05    0.00    9.30 v i_croc_soc/i_croc/_07628_/A2 (sg13g2_o21ai_1)
     1    0.00    0.08    0.09    9.40 ^ i_croc_soc/i_croc/_07628_/Y (sg13g2_o21ai_1)
                                         i_croc_soc/i_croc/_02532_ (net)
                  0.08    0.00    9.40 ^ i_croc_soc/i_croc/_07632_/A2 (sg13g2_a22oi_1)
     4    0.06    0.38    0.33    9.73 v i_croc_soc/i_croc/_07632_/Y (sg13g2_a22oi_1)
                                         i_croc_soc/i_croc/_02536_ (net)
                  0.38    0.02    9.75 v i_croc_soc/i_croc/_07912_/B (sg13g2_nor2_2)
     1    0.01    0.10    0.12    9.87 ^ i_croc_soc/i_croc/_07912_/Y (sg13g2_nor2_2)
                                         i_croc_soc/i_croc/_02783_ (net)
                  0.10    0.00    9.87 ^ i_croc_soc/i_croc/_07913_/C (sg13g2_nor3_2)
     1    0.01    0.04    0.05    9.92 v i_croc_soc/i_croc/_07913_/Y (sg13g2_nor3_2)
                                         i_croc_soc/i_croc/_02784_ (net)
                  0.04    0.00    9.92 v i_croc_soc/i_croc/_07914_/C (sg13g2_nor3_2)
     5    0.03    0.25    0.20   10.13 ^ i_croc_soc/i_croc/_07914_/Y (sg13g2_nor3_2)
                                         i_croc_soc/i_croc/core_instr_obi_rsp_3_ (net)
                  0.25    0.00   10.13 ^ i_croc_soc/i_croc/i_core_wrap/_6488_/A1 (sg13g2_a21o_1)
     3    0.01    0.06    0.19   10.32 ^ i_croc_soc/i_croc/i_core_wrap/_6488_/X (sg13g2_a21o_1)
                                         i_croc_soc/i_croc/i_core_wrap/_1734_ (net)
                  0.06    0.00   10.32 ^ i_croc_soc/i_croc/i_core_wrap/_6941_/B (sg13g2_or3_2)
     5    0.04    0.10    0.16   10.48 ^ i_croc_soc/i_croc/i_core_wrap/_6941_/X (sg13g2_or3_2)
                                         i_croc_soc/i_croc/i_core_wrap/_2122_ (net)
                  0.10    0.01   10.49 ^ i_croc_soc/i_croc/i_core_wrap/_7023_/C (sg13g2_nand3_1)
     4    0.02    0.17    0.18   10.67 v i_croc_soc/i_croc/i_core_wrap/_7023_/Y (sg13g2_nand3_1)
                                         i_croc_soc/i_croc/i_core_wrap/_2200_ (net)
                  0.17    0.00   10.67 v i_croc_soc/i_croc/i_core_wrap/_7065_/A (sg13g2_inv_1)
     1    0.00    0.05    0.07   10.74 ^ i_croc_soc/i_croc/i_core_wrap/_7065_/Y (sg13g2_inv_1)
                                         i_croc_soc/i_croc/i_core_wrap/_2238_ (net)
                  0.05    0.00   10.74 ^ i_croc_soc/i_croc/i_core_wrap/_7066_/C (sg13g2_nand3_1)
     2    0.01    0.12    0.13   10.87 v i_croc_soc/i_croc/i_core_wrap/_7066_/Y (sg13g2_nand3_1)
                                         i_croc_soc/i_croc/i_core_wrap/_2239_ (net)
                  0.12    0.00   10.87 v i_croc_soc/i_croc/i_core_wrap/_7078_/B (sg13g2_nor2_2)
     3    0.01    0.08    0.10   10.97 ^ i_croc_soc/i_croc/i_core_wrap/_7078_/Y (sg13g2_nor2_2)
                                         i_croc_soc/i_croc/i_core_wrap/_2249_ (net)
                  0.08    0.00   10.97 ^ i_croc_soc/i_croc/i_core_wrap/_7110_/C (sg13g2_nand3_1)
     2    0.02    0.17    0.18   11.15 v i_croc_soc/i_croc/i_core_wrap/_7110_/Y (sg13g2_nand3_1)
                                         i_croc_soc/i_croc/i_core_wrap/_2279_ (net)
                  0.17    0.00   11.15 v i_croc_soc/i_croc/i_core_wrap/_7133_/B (sg13g2_nor2_2)
     2    0.01    0.08    0.10   11.26 ^ i_croc_soc/i_croc/i_core_wrap/_7133_/Y (sg13g2_nor2_2)
                                         i_croc_soc/i_croc/i_core_wrap/_2301_ (net)
                  0.08    0.00   11.26 ^ i_croc_soc/i_croc/i_core_wrap/_7149_/B (sg13g2_and2_1)
     2    0.01    0.05    0.12   11.37 ^ i_croc_soc/i_croc/i_core_wrap/_7149_/X (sg13g2_and2_1)
                                         i_croc_soc/i_croc/i_core_wrap/_2316_ (net)
                  0.05    0.00   11.37 ^ i_croc_soc/i_croc/i_core_wrap/_7160_/B (sg13g2_and2_1)
     2    0.01    0.05    0.11   11.48 ^ i_croc_soc/i_croc/i_core_wrap/_7160_/X (sg13g2_and2_1)
                                         i_croc_soc/i_croc/i_core_wrap/_2326_ (net)
                  0.05    0.00   11.48 ^ i_croc_soc/i_croc/i_core_wrap/_7171_/B (sg13g2_and2_1)
     2    0.01    0.05    0.11   11.59 ^ i_croc_soc/i_croc/i_core_wrap/_7171_/X (sg13g2_and2_1)
                                         i_croc_soc/i_croc/i_core_wrap/_2336_ (net)
                  0.05    0.00   11.59 ^ i_croc_soc/i_croc/i_core_wrap/_7186_/B (sg13g2_and2_1)
     2    0.01    0.05    0.11   11.70 ^ i_croc_soc/i_croc/i_core_wrap/_7186_/X (sg13g2_and2_1)
                                         i_croc_soc/i_croc/i_core_wrap/_2350_ (net)
                  0.05    0.00   11.70 ^ i_croc_soc/i_croc/i_core_wrap/_7239_/B (sg13g2_and3_1)
     2    0.01    0.05    0.14   11.84 ^ i_croc_soc/i_croc/i_core_wrap/_7239_/X (sg13g2_and3_1)
                                         i_croc_soc/i_croc/i_core_wrap/_2400_ (net)
                  0.05    0.00   11.84 ^ i_croc_soc/i_croc/i_core_wrap/_7241_/B (sg13g2_and2_1)
     3    0.01    0.06    0.12   11.96 ^ i_croc_soc/i_croc/i_core_wrap/_7241_/X (sg13g2_and2_1)
                                         i_croc_soc/i_croc/i_core_wrap/_2402_ (net)
                  0.06    0.00   11.96 ^ i_croc_soc/i_croc/i_core_wrap/_7291_/C (sg13g2_and3_1)
     2    0.01    0.05    0.14   12.10 ^ i_croc_soc/i_croc/i_core_wrap/_7291_/X (sg13g2_and3_1)
                                         i_croc_soc/i_croc/i_core_wrap/_2449_ (net)
                  0.05    0.00   12.10 ^ i_croc_soc/i_croc/i_core_wrap/_7296_/B (sg13g2_and2_1)
     3    0.01    0.06    0.12   12.22 ^ i_croc_soc/i_croc/i_core_wrap/_7296_/X (sg13g2_and2_1)
                                         i_croc_soc/i_croc/i_core_wrap/_2453_ (net)
                  0.06    0.00   12.22 ^ i_croc_soc/i_croc/i_core_wrap/_7344_/D (sg13g2_nand4_1)
     1    0.01    0.11    0.13   12.35 v i_croc_soc/i_croc/i_core_wrap/_7344_/Y (sg13g2_nand4_1)
                                         i_croc_soc/i_croc/i_core_wrap/_2498_ (net)
                  0.11    0.00   12.35 v i_croc_soc/i_croc/i_core_wrap/_7345_/A (sg13g2_inv_1)
     2    0.01    0.06    0.07   12.43 ^ i_croc_soc/i_croc/i_core_wrap/_7345_/Y (sg13g2_inv_1)
                                         i_croc_soc/i_croc/i_core_wrap/_2499_ (net)
                  0.06    0.00   12.43 ^ i_croc_soc/i_croc/i_core_wrap/_7346_/C (sg13g2_nand3_1)
     4    0.02    0.16    0.16   12.59 v i_croc_soc/i_croc/i_core_wrap/_7346_/Y (sg13g2_nand3_1)
                                         i_croc_soc/i_croc/i_core_wrap/_2500_ (net)
                  0.16    0.00   12.59 v fanout1590/A (sg13g2_buf_2)
     8    0.04    0.07    0.16   12.75 v fanout1590/X (sg13g2_buf_2)
                                         net1590 (net)
                  0.07    0.00   12.76 v i_croc_soc/i_croc/i_core_wrap/_7386_/A1 (sg13g2_o21ai_1)
     1    0.01    0.09    0.12   12.88 ^ i_croc_soc/i_croc/i_core_wrap/_7386_/Y (sg13g2_o21ai_1)
                                         i_croc_soc/i_croc/i_core_wrap/_2537_ (net)
                  0.09    0.00   12.88 ^ i_croc_soc/i_croc/i_core_wrap/_7387_/C (sg13g2_nand3_1)
     1    0.01    0.08    0.11   12.99 v i_croc_soc/i_croc/i_core_wrap/_7387_/Y (sg13g2_nand3_1)
                                         i_croc_soc/i_croc/i_core_wrap/_2538_ (net)
                  0.08    0.00   12.99 v i_croc_soc/i_croc/i_core_wrap/_7392_/A2 (sg13g2_a21o_1)
     1    0.00    0.03    0.13   13.12 v i_croc_soc/i_croc/i_core_wrap/_7392_/X (sg13g2_a21o_1)
                                         i_croc_soc/i_croc/i_core_wrap/_0085_ (net)
                  0.03    0.00   13.12 v i_croc_soc/i_croc/i_core_wrap/i_ibex.crash_dump_o_90__reg/D (sg13g2_dfrbp_2)
                                 13.12   data arrival time

                         12.50   12.50   clock clk_sys (rise edge)
                          0.00   12.50   clock source latency
     1    0.20    0.34    0.03   12.53 ^ clk_i (in)
                                         clk_i (net)
                  0.34    0.00   12.53 ^ pad_clk_i/pad (sg13g2_IOPadIn)
     1    0.09    0.18    0.12   12.65 ^ pad_clk_i/p2c (sg13g2_IOPadIn)
                                         soc_clk_i (net)
                  0.15    0.03   12.68 ^ clkbuf_0_soc_clk_i/A (sg13g2_buf_8)
     4    0.14    0.09    0.15   12.83 ^ clkbuf_0_soc_clk_i/X (sg13g2_buf_8)
                                         clknet_0_soc_clk_i (net)
                  0.09    0.02   12.85 ^ clkbuf_2_3_0_soc_clk_i/A (sg13g2_buf_16)
     2    0.07    0.03    0.10   12.96 ^ clkbuf_2_3_0_soc_clk_i/X (sg13g2_buf_16)
                                         clknet_2_3_0_soc_clk_i (net)
                  0.04    0.00   12.96 ^ clkbuf_3_6_0_soc_clk_i/A (sg13g2_buf_16)
    16    0.38    0.10    0.11   13.07 ^ clkbuf_3_6_0_soc_clk_i/X (sg13g2_buf_16)
                                         clknet_3_6_0_soc_clk_i (net)
                  0.11    0.02   13.10 ^ clkbuf_7_109_0_soc_clk_i/A (sg13g2_buf_16)
     6    0.12    0.04    0.12   13.22 ^ clkbuf_7_109_0_soc_clk_i/X (sg13g2_buf_16)
                                         clknet_7_109_0_soc_clk_i (net)
                  0.05    0.01   13.22 ^ clkbuf_leaf_411_soc_clk_i/A (sg13g2_buf_16)
     7    0.03    0.02    0.08   13.30 ^ clkbuf_leaf_411_soc_clk_i/X (sg13g2_buf_16)
                                         clknet_leaf_411_soc_clk_i (net)
                  0.02    0.00   13.30 ^ i_croc_soc/i_croc/i_core_wrap/i_ibex.crash_dump_o_90__reg/CLK (sg13g2_dfrbp_2)
                         -0.10   13.20   clock uncertainty
                          0.01   13.21   clock reconvergence pessimism
                         -0.12   13.08   library setup time
                                 13.08   data required time
-----------------------------------------------------------------------------
                                 13.08   data required time
                                -13.12   data arrival time
-----------------------------------------------------------------------------
                                 -0.04   slack (VIOLATED)



==========================================================================
06_croc.drt report_check_types -max_slew -max_cap -max_fanout -violators
--------------------------------------------------------------------------

==========================================================================
06_croc.drt max_slew_check_slack
--------------------------------------------------------------------------
-2.4305672645568848

==========================================================================
06_croc.drt max_slew_check_limit
--------------------------------------------------------------------------
1.2000000476837158

==========================================================================
06_croc.drt max_slew_check_slack_limit
--------------------------------------------------------------------------
-2.0255

==========================================================================
06_croc.drt max_fanout_check_slack
--------------------------------------------------------------------------
-55.0

==========================================================================
06_croc.drt max_fanout_check_limit
--------------------------------------------------------------------------
8.0

==========================================================================
06_croc.drt max_fanout_check_slack_limit
--------------------------------------------------------------------------
-6.8750

==========================================================================
06_croc.drt max_capacitance_check_slack
--------------------------------------------------------------------------
-11.160959243774414

==========================================================================
06_croc.drt max_capacitance_check_limit
--------------------------------------------------------------------------
4.21304988861084

==========================================================================
06_croc.drt max_capacitance_check_slack_limit
--------------------------------------------------------------------------
-2.6491

==========================================================================
06_croc.drt max_slew_violation_count
--------------------------------------------------------------------------
max slew violation count 71

==========================================================================
06_croc.drt max_fanout_violation_count
--------------------------------------------------------------------------
max fanout violation count 188

==========================================================================
06_croc.drt max_cap_violation_count
--------------------------------------------------------------------------
max cap violation count 71

==========================================================================
06_croc.drt setup_violation_count
--------------------------------------------------------------------------
setup violation count 2

==========================================================================
06_croc.drt hold_violation_count
--------------------------------------------------------------------------
hold violation count 0

==========================================================================
06_croc.drt critical path delay
--------------------------------------------------------------------------
15.1173

==========================================================================
06_croc.drt critical path slack
--------------------------------------------------------------------------
-0.2173

==========================================================================
06_croc.drt slack div critical path delay
--------------------------------------------------------------------------
-1.437426

==========================================================================
06_croc.drt report_power tt
--------------------------------------------------------------------------
Group                  Internal  Switching    Leakage      Total
                          Power      Power      Power      Power (Watts)
----------------------------------------------------------------
Sequential             2.02e-02   4.83e-04   2.14e-06   2.07e-02  43.3%
Combinational          4.72e-03   4.69e-03   5.09e-06   9.42e-03  19.7%
Clock                  1.21e-02   4.90e-03   1.50e-06   1.70e-02  35.7%
Macro                  0.00e+00   0.00e+00   0.00e+00   0.00e+00   0.0%
Pad                    5.40e-05   5.65e-04   1.08e-07   6.19e-04   1.3%
----------------------------------------------------------------
Total                  3.71e-02   1.06e-02   8.83e-06   4.78e-02 100.0%
                          77.7%      22.3%       0.0%

==========================================================================
06_croc.drt report_design_area
--------------------------------------------------------------------------

==========================================================================
06_croc.drt area by hierarchy
--------------------------------------------------------------------------

--------------------------------------------------------------------------------
Design Area Summary
--------------------------------------------------------------------------------
Die Area:              4995225.0 um2
Core Area:             3254162.688 um2
Total Area:            2587521.1488 um2
Total Active Area:     794321.1488 um2

Core Utilization:      0.24409386529110125
Std Cell Utilization:  0.19817450913222334

--------------------------------------------------------------------------------
Hierarchical Area Report
--------------------------------------------------------------------------------
                                                                                Global Area (um^2)                                                              Global Instances                                                                Local Area (um^2)                                                               Local Instances
                                                                                ------------------------------------------------------------------------------- ------------------------------------------------------------------------------- ------------------------------------------------------------------------------- ----------------------------------------------------------------------------
Hierarchy Name                                                                  Total           StdCell         Macro           Cover           Pad             Total           StdCell         Macro           Cover           Pad             Total           StdCell         Macro           Cover           Pad             Total           StdCell         Macro           Cover           Pad             
-----------------------------------------------------------------------------------------------------------------------------------------------------------------------------------------------------------------------------------------------------------------------------------------------------------------------------------------------------------------------------------------------------------
<top>                                                                           2587521.149     607960.080      186361.069      313600.000      1479600.000     38036           37654           2               64              316             1914019.082     120819.082      0.000           313600.000      1479600.000     9668            9288            0               64              316             
  i_croc_soc                                                                    673502.067      487140.998      186361.069      0.000           0.000           28368           28366           2               0               0               195.955         195.955         0.000           0.000           0.000           5               5               0               0               0               
    i_croc                                                                      667857.469      481496.400      186361.069      0.000           0.000           28068           28066           2               0               0               87343.402       87343.402       0.000           0.000           0.000           5789            5789            0               0               0               
      gen_sram_bank\[0\].i_sram                                                 95016.707       1836.173        93180.534       0.000           0.000           186             185             1               0               0               95016.707       1836.173        93180.534       0.000           0.000           186             185             1               0               0               
      gen_sram_bank\[1\].i_sram                                                 95016.707       1836.173        93180.534       0.000           0.000           186             185             1               0               0               95016.707       1836.173        93180.534       0.000           0.000           186             185             1               0               0               
      i_core_wrap                                                               214146.374      214146.374      0.000           0.000           0.000           11715           11715           0               0               0               68860.109       68860.109       0.000           0.000           0.000           4927            4927            0               0               0               
        i_ibex.cs_registers_i                                                   53862.278       53862.278       0.000           0.000           0.000           3114            3114            0               0               0               53862.278       53862.278       0.000           0.000           0.000           3114            3114            0               0               0               
        i_ibex.register_file_i                                                  91423.987       91423.987       0.000           0.000           0.000           3674            3674            0               0               0               91423.987       91423.987       0.000           0.000           0.000           3674            3674            0               0               0               
      i_dm_top.i_dm_top                                                         73608.394       73608.394       0.000           0.000           0.000           4686            4686            0               0               0               73608.394       73608.394       0.000           0.000           0.000           4686            4686            0               0               0               
      i_dmi_jtag                                                                41208.653       41208.653       0.000           0.000           0.000           2314            2314            0               0               0               17581.536       17581.536       0.000           0.000           0.000           1133            1133            0               0               0               
        i_dmi_cdc.i_cdc_req                                                     12557.462       12557.462       0.000           0.000           0.000           620             620             0               0               0               243.130         243.130         0.000           0.000           0.000           8               8               0               0               0               
          i_cdc_reset_ctrlr                                                     4060.627        4060.627        0.000           0.000           0.000           257             257             0               0               0               0.000           0.000           0.000           0.000           0.000           0               0               0               0               0               
            i_cdc_reset_ctrlr_half_a                                            2030.314        2030.314        0.000           0.000           0.000           131             131             0               0               0               1041.466        1041.466        0.000           0.000           0.000           83              83              0               0               0               
              i_state_transition_cdc_dst                                        373.766         373.766         0.000           0.000           0.000           19              19              0               0               0               279.418         279.418         0.000           0.000           0.000           17              17              0               0               0               
                i_sync                                                          94.349          94.349          0.000           0.000           0.000           2               2               0               0               0               94.349          94.349          0.000           0.000           0.000           2               2               0               0               0               
              i_state_transition_cdc_src                                        615.082         615.082         0.000           0.000           0.000           29              29              0               0               0               513.475         513.475         0.000           0.000           0.000           27              27              0               0               0               
                i_sync                                                          101.606         101.606         0.000           0.000           0.000           2               2               0               0               0               101.606         101.606         0.000           0.000           0.000           2               2               0               0               0               
            i_cdc_reset_ctrlr_half_b                                            2030.314        2030.314        0.000           0.000           0.000           126             126             0               0               0               1041.466        1041.466        0.000           0.000           0.000           78              78              0               0               0               
              i_state_transition_cdc_dst                                        373.766         373.766         0.000           0.000           0.000           19              19              0               0               0               279.418         279.418         0.000           0.000           0.000           17              17              0               0               0               
                i_sync                                                          94.349          94.349          0.000           0.000           0.000           2               2               0               0               0               94.349          94.349          0.000           0.000           0.000           2               2               0               0               0               
              i_state_transition_cdc_src                                        615.082         615.082         0.000           0.000           0.000           29              29              0               0               0               513.475         513.475         0.000           0.000           0.000           27              27              0               0               0               
                i_sync                                                          101.606         101.606         0.000           0.000           0.000           2               2               0               0               0               101.606         101.606         0.000           0.000           0.000           2               2               0               0               0               
          i_dst                                                                 4187.635        4187.635        0.000           0.000           0.000           178             178             0               0               0               4046.112        4046.112        0.000           0.000           0.000           175             175             0               0               0               
            i_sync                                                              141.523         141.523         0.000           0.000           0.000           3               3               0               0               0               141.523         141.523         0.000           0.000           0.000           3               3               0               0               0               
          i_src                                                                 4066.070        4066.070        0.000           0.000           0.000           177             177             0               0               0               3924.547        3924.547        0.000           0.000           0.000           174             174             0               0               0               
            i_sync                                                              141.523         141.523         0.000           0.000           0.000           3               3               0               0               0               141.523         141.523         0.000           0.000           0.000           3               3               0               0               0               
        i_dmi_cdc.i_cdc_resp                                                    11038.810       11038.810       0.000           0.000           0.000           558             558             0               0               0               250.387         250.387         0.000           0.000           0.000           9               9               0               0               0               
          i_cdc_reset_ctrlr                                                     3993.494        3993.494        0.000           0.000           0.000           250             250             0               0               0               0.000           0.000           0.000           0.000           0.000           0               0               0               0               0               
            i_cdc_reset_ctrlr_half_a                                            2006.726        2006.726        0.000           0.000           0.000           128             128             0               0               0               1025.136        1025.136        0.000           0.000           0.000           80              80              0               0               0               
              i_state_transition_cdc_dst                                        373.766         373.766         0.000           0.000           0.000           19              19              0               0               0               279.418         279.418         0.000           0.000           0.000           17              17              0               0               0               
                i_sync                                                          94.349          94.349          0.000           0.000           0.000           2               2               0               0               0               94.349          94.349          0.000           0.000           0.000           2               2               0               0               0               
              i_state_transition_cdc_src                                        607.824         607.824         0.000           0.000           0.000           29              29              0               0               0               506.218         506.218         0.000           0.000           0.000           27              27              0               0               0               
                i_sync                                                          101.606         101.606         0.000           0.000           0.000           2               2               0               0               0               101.606         101.606         0.000           0.000           0.000           2               2               0               0               0               
            i_cdc_reset_ctrlr_half_b                                            1986.768        1986.768        0.000           0.000           0.000           122             122             0               0               0               997.920         997.920         0.000           0.000           0.000           74              74              0               0               0               
              i_state_transition_cdc_dst                                        373.766         373.766         0.000           0.000           0.000           19              19              0               0               0               279.418         279.418         0.000           0.000           0.000           17              17              0               0               0               
                i_sync                                                          94.349          94.349          0.000           0.000           0.000           2               2               0               0               0               94.349          94.349          0.000           0.000           0.000           2               2               0               0               0               
              i_state_transition_cdc_src                                        615.082         615.082         0.000           0.000           0.000           29              29              0               0               0               513.475         513.475         0.000           0.000           0.000           27              27              0               0               0               
                i_sync                                                          101.606         101.606         0.000           0.000           0.000           2               2               0               0               0               101.606         101.606         0.000           0.000           0.000           2               2               0               0               0               
          i_dst                                                                 3436.474        3436.474        0.000           0.000           0.000           150             150             0               0               0               3294.950        3294.950        0.000           0.000           0.000           147             147             0               0               0               
            i_sync                                                              141.523         141.523         0.000           0.000           0.000           3               3               0               0               0               141.523         141.523         0.000           0.000           0.000           3               3               0               0               0               
          i_src                                                                 3358.454        3358.454        0.000           0.000           0.000           149             149             0               0               0               3216.931        3216.931        0.000           0.000           0.000           146             146             0               0               0               
            i_sync                                                              141.523         141.523         0.000           0.000           0.000           3               3               0               0               0               141.523         141.523         0.000           0.000           0.000           3               3               0               0               0               
        i_dmi_jtag_tap.i_dft_tck_mux                                            25.402          25.402          0.000           0.000           0.000           2               2               0               0               0               25.402          25.402          0.000           0.000           0.000           2               2               0               0               0               
        i_dmi_jtag_tap.i_tck_inv                                                5.443           5.443           0.000           0.000           0.000           1               1               0               0               0               5.443           5.443           0.000           0.000           0.000           1               1               0               0               0               
      i_gpio                                                                    27513.562       27513.562       0.000           0.000           0.000           1347            1347            0               0               0               24320.218       24320.218       0.000           0.000           0.000           1283            1283            0               0               0               
        gen_gpios\[0\].i_sync                                                   101.606         101.606         0.000           0.000           0.000           2               2               0               0               0               101.606         101.606         0.000           0.000           0.000           2               2               0               0               0               
        gen_gpios\[10\].i_sync                                                  94.349          94.349          0.000           0.000           0.000           2               2               0               0               0               94.349          94.349          0.000           0.000           0.000           2               2               0               0               0               
        gen_gpios\[11\].i_sync                                                  101.606         101.606         0.000           0.000           0.000           2               2               0               0               0               101.606         101.606         0.000           0.000           0.000           2               2               0               0               0               
        gen_gpios\[12\].i_sync                                                  94.349          94.349          0.000           0.000           0.000           2               2               0               0               0               94.349          94.349          0.000           0.000           0.000           2               2               0               0               0               
        gen_gpios\[13\].i_sync                                                  94.349          94.349          0.000           0.000           0.000           2               2               0               0               0               94.349          94.349          0.000           0.000           0.000           2               2               0               0               0               
        gen_gpios\[14\].i_sync                                                  94.349          94.349          0.000           0.000           0.000           2               2               0               0               0               94.349          94.349          0.000           0.000           0.000           2               2               0               0               0               
        gen_gpios\[15\].i_sync                                                  101.606         101.606         0.000           0.000           0.000           2               2               0               0               0               101.606         101.606         0.000           0.000           0.000           2               2               0               0               0               
        gen_gpios\[16\].i_sync                                                  94.349          94.349          0.000           0.000           0.000           2               2               0               0               0               94.349          94.349          0.000           0.000           0.000           2               2               0               0               0               
        gen_gpios\[17\].i_sync                                                  101.606         101.606         0.000           0.000           0.000           2               2               0               0               0               101.606         101.606         0.000           0.000           0.000           2               2               0               0               0               
        gen_gpios\[18\].i_sync                                                  101.606         101.606         0.000           0.000           0.000           2               2               0               0               0               101.606         101.606         0.000           0.000           0.000           2               2               0               0               0               
        gen_gpios\[19\].i_sync                                                  101.606         101.606         0.000           0.000           0.000           2               2               0               0               0               101.606         101.606         0.000           0.000           0.000           2               2               0               0               0               
        gen_gpios\[1\].i_sync                                                   101.606         101.606         0.000           0.000           0.000           2               2               0               0               0               101.606         101.606         0.000           0.000           0.000           2               2               0               0               0               
        gen_gpios\[20\].i_sync                                                  101.606         101.606         0.000           0.000           0.000           2               2               0               0               0               101.606         101.606         0.000           0.000           0.000           2               2               0               0               0               
        gen_gpios\[21\].i_sync                                                  108.864         108.864         0.000           0.000           0.000           2               2               0               0               0               108.864         108.864         0.000           0.000           0.000           2               2               0               0               0               
        gen_gpios\[22\].i_sync                                                  101.606         101.606         0.000           0.000           0.000           2               2               0               0               0               101.606         101.606         0.000           0.000           0.000           2               2               0               0               0               
        gen_gpios\[23\].i_sync                                                  101.606         101.606         0.000           0.000           0.000           2               2               0               0               0               101.606         101.606         0.000           0.000           0.000           2               2               0               0               0               
        gen_gpios\[24\].i_sync                                                  101.606         101.606         0.000           0.000           0.000           2               2               0               0               0               101.606         101.606         0.000           0.000           0.000           2               2               0               0               0               
        gen_gpios\[25\].i_sync                                                  101.606         101.606         0.000           0.000           0.000           2               2               0               0               0               101.606         101.606         0.000           0.000           0.000           2               2               0               0               0               
        gen_gpios\[26\].i_sync                                                  94.349          94.349          0.000           0.000           0.000           2               2               0               0               0               94.349          94.349          0.000           0.000           0.000           2               2               0               0               0               
        gen_gpios\[27\].i_sync                                                  94.349          94.349          0.000           0.000           0.000           2               2               0               0               0               94.349          94.349          0.000           0.000           0.000           2               2               0               0               0               
        gen_gpios\[28\].i_sync                                                  94.349          94.349          0.000           0.000           0.000           2               2               0               0               0               94.349          94.349          0.000           0.000           0.000           2               2               0               0               0               
        gen_gpios\[29\].i_sync                                                  94.349          94.349          0.000           0.000           0.000           2               2               0               0               0               94.349          94.349          0.000           0.000           0.000           2               2               0               0               0               
        gen_gpios\[2\].i_sync                                                   101.606         101.606         0.000           0.000           0.000           2               2               0               0               0               101.606         101.606         0.000           0.000           0.000           2               2               0               0               0               
        gen_gpios\[30\].i_sync                                                  108.864         108.864         0.000           0.000           0.000           2               2               0               0               0               108.864         108.864         0.000           0.000           0.000           2               2               0               0               0               
        gen_gpios\[31\].i_sync                                                  101.606         101.606         0.000           0.000           0.000           2               2               0               0               0               101.606         101.606         0.000           0.000           0.000           2               2               0               0               0               
        gen_gpios\[3\].i_sync                                                   108.864         108.864         0.000           0.000           0.000           2               2               0               0               0               108.864         108.864         0.000           0.000           0.000           2               2               0               0               0               
        gen_gpios\[4\].i_sync                                                   101.606         101.606         0.000           0.000           0.000           2               2               0               0               0               101.606         101.606         0.000           0.000           0.000           2               2               0               0               0               
        gen_gpios\[5\].i_sync                                                   101.606         101.606         0.000           0.000           0.000           2               2               0               0               0               101.606         101.606         0.000           0.000           0.000           2               2               0               0               0               
        gen_gpios\[6\].i_sync                                                   101.606         101.606         0.000           0.000           0.000           2               2               0               0               0               101.606         101.606         0.000           0.000           0.000           2               2               0               0               0               
        gen_gpios\[7\].i_sync                                                   94.349          94.349          0.000           0.000           0.000           2               2               0               0               0               94.349          94.349          0.000           0.000           0.000           2               2               0               0               0               
        gen_gpios\[8\].i_sync                                                   94.349          94.349          0.000           0.000           0.000           2               2               0               0               0               94.349          94.349          0.000           0.000           0.000           2               2               0               0               0               
        gen_gpios\[9\].i_sync                                                   101.606         101.606         0.000           0.000           0.000           2               2               0               0               0               101.606         101.606         0.000           0.000           0.000           2               2               0               0               0               
      i_soc_ctrl                                                                5591.981        5591.981        0.000           0.000           0.000           239             239             0               0               0               5591.981        5591.981        0.000           0.000           0.000           239             239             0               0               0               
      i_timer                                                                   27903.658       27903.658       0.000           0.000           0.000           1592            1592            0               0               0               27903.658       27903.658       0.000           0.000           0.000           1592            1592            0               0               0               
      i_uart.i_uart_modem.i_sync_cd                                             101.606         101.606         0.000           0.000           0.000           3               3               0               0               0               101.606         101.606         0.000           0.000           0.000           3               3               0               0               0               
      i_uart.i_uart_modem.i_sync_cts                                            101.606         101.606         0.000           0.000           0.000           3               3               0               0               0               101.606         101.606         0.000           0.000           0.000           3               3               0               0               0               
      i_uart.i_uart_modem.i_sync_dsr                                            101.606         101.606         0.000           0.000           0.000           3               3               0               0               0               101.606         101.606         0.000           0.000           0.000           3               3               0               0               0               
      i_uart.i_uart_modem.i_sync_ri                                             101.606         101.606         0.000           0.000           0.000           3               3               0               0               0               101.606         101.606         0.000           0.000           0.000           3               3               0               0               0               
      i_uart.i_uart_rx.i_sync                                                   101.606         101.606         0.000           0.000           0.000           2               2               0               0               0               101.606         101.606         0.000           0.000           0.000           2               2               0               0               0               
    i_ext_intr_sync                                                             101.606         101.606         0.000           0.000           0.000           2               2               0               0               0               101.606         101.606         0.000           0.000           0.000           2               2               0               0               0               
    i_rstgen.i_rstgen_bypass.i_tc_clk_mux2_init_no                              32.659          32.659          0.000           0.000           0.000           3               3               0               0               0               32.659          32.659          0.000           0.000           0.000           3               3               0               0               0               
    i_rstgen.i_rstgen_bypass.i_tc_clk_mux2_rst_n                                27.216          27.216          0.000           0.000           0.000           2               2               0               0               0               27.216          27.216          0.000           0.000           0.000           2               2               0               0               0               
    i_rstgen.i_rstgen_bypass.i_tc_clk_mux2_rst_no                               27.216          27.216          0.000           0.000           0.000           2               2               0               0               0               27.216          27.216          0.000           0.000           0.000           2               2               0               0               0               
    i_user                                                                      5259.946        5259.946        0.000           0.000           0.000           286             286             0               0               0               5259.946        5259.946        0.000           0.000           0.000           286             286             0               0               0               
